<record>
    <title>
        Aircraft and instrumentation in atmospheric research
    </title>
    <itemType>
        CATEGORY
    </itemType>
    <accessLevel>
        EXTENDED PUBLIC
    </accessLevel>
    <accessionNum>
        DR000080
    </accessionNum>
    <description>
        NCAR/TN-6+EDD - Aircraft and instrumentation in atmospheric research
    </description>
    <fullDescription>
        This report, in PDF format, is in two parts. Part 1 is an 8541 KB file.  Part 2 is an 10,756 KB file.
    </fullDescription>
    <tn_isssue>
        NCAR/TN-6+EDD
    </tn_isssue>
    <children>
        <child accessionNum="DR000002">
            NCAR/TN-6+EDD - Aircraft and instrumentation in atmospheric research - Part 1
        </child>
        <child accessionNum="DR000081">
            NCAR/TN-6+EDD - Aircraft and instrumentation in atmospheric research - Part 2
        </child>
    </children>
</record>