<record>
    <title>
        Seminar on possible responses of weather phenomena to variable extra-terrestrial influences
    </title>
    <itemType>
        CATEGORY
    </itemType>
    <accessLevel>
        EXTENDED PUBLIC
    </accessLevel>
    <accessionNum>
        DR000082
    </accessionNum>
    <description>
        Seminar on possible responses of weather phenomena to variable extra-terrestrial influences.
    </description>
    <fullDescription>
        This report, in PDF format, is in two parts. Part 1 is an 5696 KB file. Part 2 is an 6567 KB file.
    </fullDescription>
    <tn_isssue>
        NCAR/TN-8+PROC
    </tn_isssue>
    <children>
        <child accessionNum="DR000083">
            Seminar on possible responses of weather phenomena to variable extra-terrestrial influences - PART 1
        </child>
        <child accessionNum="DR000084">
            Seminar on possible responses of weather phenomena to variable extra-terrestrial influences - PART 2
        </child>
    </children>
</record>