<record>
    <title>
        GHOST Balloon Data Vol. IV: Balloon 40B.
    </title>
    <itemType>
        CATEGORY
    </itemType>
    <accessLevel>
        EXTENDED PUBLIC
    </accessLevel>
    <accessionNum>
    </accessionNum>
    <description>
        Vol. IV is in 2 parts. Part 1 is 6784 KB. Part 2 is 6109 KB.
    </description>
    <tn_isssue>
        NCAR/TN-34+STR
    </tn_isssue>
    <children>
        <child accessionNum="DR000615">
            GHOST Balloon Data Vol. IV: Balloon 40B. Part 1.
        </child>
        <child accessionNum="DR000616">
            GHOST Balloon Data Vol. IV: Balloon 40B. Part 2.
        </child>
    </children>
</record>