<record>
    <title>
        GHOST Balloon Data Vol. VIII: Balloon 60TA.
    </title>
    <itemType>
        CATEGORY
    </itemType>
    <accessLevel>
        EXTENDED PUBLIC
    </accessLevel>
    <accessionNum>
    </accessionNum>
    <description>
        Vol. VIII is in 2 parts. Part 1 is 9545 KB. Part 2 is 8981 KB.
    </description>
    <tn_isssue>
        NCAR/TN-34+STR
    </tn_isssue>
    <children>
        <child accessionNum="DR000619">
            GHOST Balloon Data Vol. VIII: Balloon 60TA. Part 1.
        </child>
        <child accessionNum="DR000620">
            GHOST Balloon Data Vol. VIII: Balloon 60TA. Part 2.
        </child>
    </children>
</record>