<record>
    <title>
        GHOST Balloon Data Vol. IX: Balloon 70K.
    </title>
    <itemType>
        CATEGORY
    </itemType>
    <accessLevel>
        EXTENDED PUBLIC
    </accessLevel>
    <accessionNum>
    </accessionNum>
    <description>
        Vol. IX is in 2 parts. Part 1 is 7224 KB. Part 2 is 6816 KB.
    </description>
    <tn_isssue>
        NCAR/TN-34+STR
    </tn_isssue>
    <children>
        <child accessionNum="DR000617">
            GHOST Balloon Data Vol. IX: Balloon 70K. Part 1.
        </child>
        <child accessionNum="DR000618">
            GHOST Balloon Data Vol. IX: Balloon 70K. Part 2.
        </child>
    </children>
</record>