<record>
    <title>
        A Catalogue of Meteorological Data Obtained During the Line Islands Experiment February-April 1967.
    </title>
    <itemType>
        CATEGORY
    </itemType>
    <accessLevel>
        EXTENDED PUBLIC
    </accessLevel>
    <accessionNum>
    </accessionNum>
    <description>
        This report, in PDF format, is in 5 parts.
    </description>
    <fullDescription>
        Part 1 is 9087 KB. Part 2 is 11,109 KB. Part 3 is 8613 KB. Part 4 is 9644 KB. Part 5 is 3161 KB.
    </fullDescription>
    <tn_isssue>
        NCAR/TN-35+STR
    </tn_isssue>
    <children>
        <child accessionNum="DR000724">
            NCAR/TN-35+STR - Catalogue of Meteorological Data Obtained During the Line Islands Experiment February-April 1967. Pt 1.
        </child>
        <child accessionNum="DR000725">
            NCAR/TN-35+STR-Catalogue of Meteorological Data Obtained During the Line Islands Experiment February-April 1967. Pt 2.
        </child>
        <child accessionNum="DR000726">
            NCAR/TN-35+STR-Catalogue of Meteorological Data Obtained During the Line Islands Experiment February-April 1967. Pt 3.
        </child>
        <child accessionNum="DR000727">
            NCAR/TN-35+STR-Catalogue of Meteorological Data Obtained During the Line Islands Experiment February-April 1967. Pt 4.
        </child>
        <child accessionNum="DR000728">
            NCAR/TN-35+STR-Cat. of Met. Data Obtained During the Line Islands Experiment February-April 1967. Pt 5 - Appendices.
        </child>
    </children>
</record>