<record>
    <title>
        Internal gravity and acoustic waves - a colloquium.
    </title>
    <itemType>
        CATEGORY
    </itemType>
    <accessLevel>
        EXTENDED PUBLIC
    </accessLevel>
    <accessionNum>
        DR000110
    </accessionNum>
    <description>
        This report, in PDF format, is in 2 parts.
    </description>
    <fullDescription>
        Part 1 is 11,629 KB. Part 2 is 11,236 KB.
    </fullDescription>
    <tn_isssue>
        NCAR/TN-43+PROC
    </tn_isssue>
    <children>
        <child accessionNum="DR000109">
            NCAR/TN-43+PROC - Internal gravity and acoustic waves - a colloquium, Part 1.
        </child>
        <child accessionNum="DR000111">
            NCAR/TN-43+PROC - Internal gravity and acoustic waves - a colloquium, Part 2.
        </child>
    </children>
</record>