<record>
    <title>
        Rawinsonde data obtained during the Line Islands Experiment.
    </title>
    <itemType>
        CATEGORY
    </itemType>
    <accessLevel>
        EXTENDED PUBLIC
    </accessLevel>
    <accessionNum>
        DR000107
    </accessionNum>
    <description>
        NCAR/TN-55+STR - Rawinsonde data obtained during the Line Islands Experiment.
    </description>
    <fullDescription>
        This report, in PDF format, is in 2 volumes.
    </fullDescription>
    <fullDescription>
        Volume 1 is 24,539 KB. Volume 2 is 18,261 KB.
    </fullDescription>
    <tn_isssue>
        NCAR/TN-55+STR
    </tn_isssue>
    <children>
        <child accessionNum="DR000106">
            NCAR/TN-55+STR - Volume I.  data reduction procedures and thermodynamic data.
        </child>
        <child accessionNum="DR000112">
            NCAR/TN-55+STR - Volume II: Wind Data.
        </child>
    </children>
</record>