<record>
    <title>
        Climate of the upper air : Southern Hemisphere. Vol. 1.
    </title>
    <itemType>
        CATEGORY
    </itemType>
    <accessLevel>
        EXTENDED PUBLIC
    </accessLevel>
    <accessionNum>
    </accessionNum>
    <description>
        Volume 1 : Temperature, dew points, and heights at selected pressure levels. (in 9 PDF parts)
    </description>
    <fullTitle>
        Climate of the upper air : Southern Hemisphere. Volume 1 : Temperature, dew points, and heights at selected pressure levels. (in 9 PDF parts)
    </fullTitle>
    <creator>
        Taljaard, J. J.
    </creator>
    <contributor>
        van Loon, H.
    </contributor>
    <contributor>
        Crutcher, H. L.
    </contributor>
    <contributor>
        Jenne, R. L.
    </contributor>
    <subject>
        Climatology--Charts, diagrams, etc.
    </subject>
    <publisher>
        National Center for Atmospheric Research (U.S.).
    </publisher>
    <publisher>
        National Weather Records Center (U.S.).
    </publisher>
    <publisher>
        United States. Dept. of Defense.
    </publisher>
    <dateOfOriginal>
        1969
    </dateOfOriginal>
    <dateItemDigitized>
        2004
    </dateItemDigitized>
    <format>
        PDF Files
    </format>
    <language>
        English
    </language>
    <copyright>
        All uses of library resources, including the digitized collections, should be consistent with U.S. Copyright Law.
    </copyright>
    <children>
        <child accessionNum="DR000653">
            Climate of the upper air : Southern Hemisphere. Vol. 1. Part 1.
        </child>
        <child accessionNum="DR000654">
            Climate of the upper air : Southern Hemisphere. Vol. 1. Part 2.
        </child>
        <child accessionNum="DR000655">
            Climate of the upper air : Southern Hemisphere. Vol. 1. Part 3.
        </child>
        <child accessionNum="DR000656">
            Climate of the upper air : Southern Hemisphere. Vol. 1. Part 4.
        </child>
        <child accessionNum="DR000657">
            Climate of the upper air : Southern Hemisphere. Vol. 1. Part 5.
        </child>
        <child accessionNum="DR000658">
            Climate of the upper air : Southern Hemisphere. Vol. 1. Part 6.
        </child>
        <child accessionNum="DR000659">
            Climate of the upper air : Southern Hemisphere. Vol. 1. Part 7.
        </child>
        <child accessionNum="DR000660">
            Climate of the upper air : Southern Hemisphere. Vol. 1. Part 8.
        </child>
        <child accessionNum="DR000661">
            Climate of the upper air : Southern Hemisphere. Vol. 1. Part 9.
        </child>
    </children>
</record>