<record>
    <title>
        Climate of the upper air : Southern Hemisphere. Vol. 3.
    </title>
    <itemType>
        CATEGORY
    </itemType>
    <accessLevel>
        EXTENDED PUBLIC
    </accessLevel>
    <accessionNum>
    </accessionNum>
    <description>
        Volume 3 : Vector mean geostrophic winds, Isogon and Isotach analyses. (in 5 PDF parts)
    </description>
    <fullTitle>
        NCAR/TN-58+STR - Climate of the upper air : Southern Hemisphere. Volume 3 : Vector mean geostrophic winds, Isogon and Isotach analyses. (in 5 PDF parts)
    </fullTitle>
    <creator>
        Jenne, R. L.
    </creator>
    <contributor>
        Crutcher, H. L.
    </contributor>
    <contributor>
        van Loon, H.
    </contributor>
    <contributor>
        Taljaard, J. J.
    </contributor>
    <subject>
        Climatology--Charts, diagrams, etc.
    </subject>
    <publisher>
        National Center for Atmospheric Research (U.S.).
    </publisher>
    <publisher>
        United States. Dept. of Commerce. National Oceanic and Atmospheric Administration
    </publisher>
    <publisher>
        National Climatic Center (U.S.).
    </publisher>
    <publisher>
        United States. Dept. of Defense.
    </publisher>
    <dateOfOriginal>
        1971
    </dateOfOriginal>
    <dateItemDigitized>
        2004
    </dateItemDigitized>
    <format>
        PDF Files
    </format>
    <language>
        English
    </language>
    <copyright>
        All uses of library resources, including the digitized collections, should be consistent with U.S. Copyright Law.
    </copyright>
    <tn_isssue>
        NCAR/TN-58+STR
    </tn_isssue>
    <children>
        <child accessionNum="DR000663">
            NCAR/TN-58+STR - Climate of the upper air : Southern Hemisphere. Vol. 3. Part 1.
        </child>
        <child accessionNum="DR000664">
            NCAR/TN-58+STR - Climate of the upper air : Southern Hemisphere. Vol. 3. Part 2.
        </child>
        <child accessionNum="DR000665">
            NCAR/TN-58+STR - Climate of the upper air : Southern Hemisphere. Vol. 3. Part 3.
        </child>
        <child accessionNum="DR000666">
            NCAR/TN-58+STR - Climate of the upper air : Southern Hemisphere. Vol. 3. Part 4.
        </child>
        <child accessionNum="DR000667">
            NCAR/TN-58+STR - Climate of the upper air : Southern Hemisphere. Vol. 3. Part 5.
        </child>
    </children>
</record>