<record>
    <title>
        Climate of the upper air : Southern Hemisphere. Vol. 4.
    </title>
    <itemType>
        CATEGORY
    </itemType>
    <accessLevel>
        EXTENDED PUBLIC
    </accessLevel>
    <accessionNum>
    </accessionNum>
    <description>
        Vol. 4 : Selected meridional cross sections of temperature, dew point, and height. (in 2 PDF parts)
    </description>
    <fullTitle>
        Climate of the upper air : Southern Hemisphere. Volume 4 : Selected meridional cross sections of temperature, dew point, and height. (in 2 PDF  parts)
    </fullTitle>
    <creator>
        Crutcher, H. L.
    </creator>
    <contributor>
        Jenne, R. L.
    </contributor>
    <contributor>
        Taljaard, J. J.
    </contributor>
    <contributor>
        van Loon, H.
    </contributor>
    <subject>
        Climatology--Charts, diagrams, etc.
    </subject>
    <publisher>
        National Center for Atmospheric Research (U.S.).
    </publisher>
    <publisher>
        United States. Dept. of Commerce. National Oceanic and Atmospheric Administration.
    </publisher>
    <publisher>
        National Climatic Center (U.S.).
    </publisher>
    <publisher>
        United States. Dept. of Defense.
    </publisher>
    <dateOfOriginal>
        1971
    </dateOfOriginal>
    <dateItemDigitized>
        2004
    </dateItemDigitized>
    <format>
        PDF Files
    </format>
    <language>
        English
    </language>
    <copyright>
        All uses of library resources, including the digitized collections, should be consistent with U.S. Copyright Law.
    </copyright>
    <children>
        <child accessionNum="DR000722">
            Climate of the upper air : Southern Hemisphere. Vol. 4. Part 1.
        </child>
        <child accessionNum="DR000723">
            Climate of the upper air : Southern Hemisphere. Vol. 4. Part 2.
        </child>
    </children>
</record>