<record>
    <title>
        Two years of regular ozone soundings over Boulder, Colorado.
    </title>
    <itemType>
        CATEGORY
    </itemType>
    <accessLevel>
        EXTENDED PUBLIC
    </accessLevel>
    <accessionNum>
        DR000085
    </accessionNum>
    <description>
        Two years of regular ozone soundings over Boulder, Colorado
    </description>
    <fullDescription>
        This report, in PDF format, is in two parts. Part 1 is an 8084 KB file. Part 2 is a 9847 KB file.
    </fullDescription>
    <tn_isssue>
        NCAR/TN-10+STR
    </tn_isssue>
    <children>
        <child accessionNum="DR000086">
            NCAR/TN-10+STR - Two years of regular ozone soundings over Boulder, Colorado - PART 1
        </child>
        <child accessionNum="DR000087">
            NCAR/TN-10+STR - Two years of regular ozone soundings over Boulder, Colorado - PART 2
        </child>
    </children>
</record>