<record>
    <title>
        Particulate models: their validity and application; a workshop held at the N.C.A.R
    </title>
    <itemType>
        CATEGORY
    </itemType>
    <accessLevel>
        EXTENDED PUBLIC
    </accessLevel>
    <accessionNum>
        DR000113
    </accessionNum>
    <description>
        This report, in PDF format, is in 2 parts.
    </description>
    <fullDescription>
        Part 1 is 9266 KB. Part 2 is 7499 KB.
    </fullDescription>
    <tn_isssue>
        NCAR/TN-68+PROC
    </tn_isssue>
    <children>
        <child accessionNum="DR000114">
            NCAR/TN-68+PROC - Particulate models: their validity and application; a workshop held at the N.C.A.R. Pt. 1
        </child>
        <child accessionNum="DR000115">
            NCAR/TN-68+PROC - Particulate models: their validity and application; a workshop held at the N.C.A.R. Pt. 2.
        </child>
    </children>
</record>