<record>
    <title>
        Data catalog for the 1970 Colorado lee wave observational program.
    </title>
    <itemType>
        CATEGORY
    </itemType>
    <accessLevel>
        EXTENDED PUBLIC
    </accessLevel>
    <accessionNum>
    </accessionNum>
    <description>
        This report, in PDF format, is in 3 parts.
    </description>
    <fullDescription>
        Part 1 is 7689 KB. Part 2 is 7580 KB. Part 3 is 6550 KB.
    </fullDescription>
    <tn_isssue>
        NCAR/TN-72+STR
    </tn_isssue>
    <children>
        <child accessionNum="DR000621">
            NCAR/TN-72+STR - Data catalog for the 1970 Colorado lee wave observational program. Part 1.
        </child>
        <child accessionNum="DR000622">
            NCAR/TN-72+STR - Data catalog for the 1970 Colorado lee wave observational program. Part 2.
        </child>
        <child accessionNum="DR000623">
            NCAR/TN-72+STR - Data catalog for the 1970 Colorado lee wave observational program. Part 3.
        </child>
    </children>
</record>