<record>
    <title>
        NHRE symposium/workshop on hail : Estes Park, Colorado Sep. 21-28 1975.
    </title>
    <itemType>
        CATEGORY
    </itemType>
    <accessLevel>
        EXTENDED PUBLIC
    </accessLevel>
    <accessionNum>
        DR000116
    </accessionNum>
    <description>
        This report, in PDF format, is in 5 parts.
    </description>
    <fullDescription>
        Part 1 is 10,886 KB. Part 2 is 12,395 KB. Part 3 is 115,359 KB. Part 4 is 10,780 KB. Part 5 is 11,632 KB.
    </fullDescription>
    <tn_isssue>
        NCAR/TN-75/2
    </tn_isssue>
    <children>
        <child accessionNum="DR000117">
            NCAR/TN-75/2 - NHRE symposium/workshop on hail : Estes Park, Colorado Sep. 21-28 1975. Part 1.
        </child>
        <child accessionNum="DR000118">
            NCAR/TN-75/2 - NHRE symposium/workshop on hail : Estes Park, Colorado Sep. 21-28 1975. Part 2.
        </child>
        <child accessionNum="DR000119">
            NCAR/TN-75/2 - NHRE symposium/workshop on hail : Estes Park, Colorado Sep. 21-28 1975. Part 3.
        </child>
        <child accessionNum="DR000120">
            NCAR/TN-75/2 - NHRE symposium/workshop on hail : Estes Park, Colorado Sep. 21-28 1975. Part 4.
        </child>
        <child accessionNum="DR000121">
            NCAR/TN-75/2 - NHRE symposium/workshop on hail : Estes Park, Colorado Sep. 21-28 1975. Part 5.
        </child>
    </children>
</record>