<record>
    <title>
        Collection efficiency tables for membrane filters used in the sampling &amp; analysis of aerosols...
    </title>
    <itemType>
        CATEGORY
    </itemType>
    <accessLevel>
        EXTENDED PUBLIC
    </accessLevel>
    <accessionNum>
        DR000122
    </accessionNum>
    <description>
        This report, in PDF format, is in 3 volumes.
    </description>
    <fullTitle>
        NCAR/TN-77+STR - Collection efficiency tables for membrane filters used in the sampling &amp; analysis of aerosols &amp; hydrosols.
    </fullTitle>
    <fullDescription>
        Volume 1 is 3142 KB. Volume 2 is in two parts.  Part 1 is 10,531 KB. Part 2 is 3340 KB.  Volume 3 is in 2 parts.  Part 1 is 8468 KB. Part 2 is 13,311 KB.
    </fullDescription>
    <tn_isssue>
        NCAR/TN-77+STR
    </tn_isssue>
    <children>
        <child accessionNum="DR000078">
            NCAR/TN-77+STR - Volume 1 - Techniques and discussion.
        </child>
        <child accessionNum="DR000123">
            NCAR/TN-77+STR - Volume II, Part 1: Tables, collection effeciency as a function of filter face velocity.
        </child>
        <child accessionNum="DR000124">
            NCAR/TN-77+STR - Volume II, Part 2: Tables, collection effeciency as a function of filter face velocity.
        </child>
        <child accessionNum="DR000125">
            NCAR/TN-77+STR - Volume III, Part 1: Tables, collection effeciency as a function of aerosol particle radius.
        </child>
        <child accessionNum="DR000126">
            NCAR/TN-77+STR - Volume III, Part 2: Tables, collection effeciency as a function of aerosol particle radius.
        </child>
    </children>
</record>