<record>
    <title>
        Microfilm atlas of magnetic fields in the solar corona. -Text Only-See next category for gen. field mps
    </title>
    <itemType>
        CATEGORY
    </itemType>
    <accessLevel>
        EXTENDED PUBLIC
    </accessLevel>
    <accessionNum>
        DR000171
    </accessionNum>
    <description>
        A Microfilm atlas of magnetic fields in the solar corona.PDF
    </description>
    <creator>
        Newkirk, Jr., Gordon
    </creator>
    <contributor>
        Trotter, Dorothy  E.
    </contributor>
    <contributor>
        Altschuler, Martin D.
    </contributor>
    <contributor>
        Howard, Robert
    </contributor>
    <subject>
        Solar corona
    </subject>
    <subject>
        Magnetic fields
    </subject>
    <publisher>
        National Center for Atmospheric Research (U.S.)
    </publisher>
    <scientificDivision>
        High Altitude Observatory
    </scientificDivision>
    <dateOfOriginal>
        1973
    </dateOfOriginal>
    <dateItemDigitized>
        2003
    </dateItemDigitized>
    <source>
        ML Report 02696, 50583010061061, PDF 4 BkMk
    </source>
    <format>
        PDF File, 991 KB
    </format>
    <language>
        English
    </language>
    <copyright>
        All uses of library resources, including the digitized collections, should be consistent with U.S. Copyright Law.
    </copyright>
    <tn_isssue>
        NCAR/TN-85+STR
    </tn_isssue>
    <children/>
</record>