<record>
    <title>
        Chemical (Atmospheric) and Biological Measurements in Panama. Vol. 1: General part 1.
    </title>
    <itemType>
        CATEGORY
    </itemType>
    <accessLevel>
        EXTENDED PUBLIC
    </accessLevel>
    <accessionNum>
    </accessionNum>
    <description>
        This report, in PDF format, is in 2 parts.
    </description>
    <fullDescription>
        Part 1 is 10,697 KB. Part 2 is 12,636 KB.
    </fullDescription>
    <tn_isssue>
        NCAR/TN-86+STR
    </tn_isssue>
    <children>
        <child accessionNum="DR000172">
            NCAR/TN-86+STR Chemical (Atmospheric) and Biological Measurements in Panama. Vol. 1: General  part 1.
        </child>
        <child accessionNum="DR000173">
            NCAR/TN-86+STR Chemical (Atmospheric) and Biological Measurements in Panama. Vol. 1: General: Part 2.
        </child>
    </children>
</record>