<record>
    <title>
        Scientific ballooning handbook.
    </title>
    <itemType>
        CATEGORY
    </itemType>
    <accessLevel>
        EXTENDED PUBLIC
    </accessLevel>
    <accessionNum>
        DR000251
    </accessionNum>
    <description>
        This report, in PDF format, is in 2 parts.
    </description>
    <fullDescription>
        Part 1 is 12,468 KB. Part 2 is 13,172 KB.
    </fullDescription>
    <tn_isssue>
        NCAR/TN-99+IA
    </tn_isssue>
    <children>
        <child accessionNum="DR000252">
            NCAR/TN-99+IA - Scientific ballooning handbook. Part 1.
        </child>
        <child accessionNum="DR000253">
            NCAR/TN-99+IA - Scientific ballooning handbook. Part 2.
        </child>
    </children>
</record>