<record>
    <title>
        NCAR software support library.
    </title>
    <itemType>
        CATEGORY
    </itemType>
    <accessLevel>
        EXTENDED PUBLIC
    </accessLevel>
    <accessionNum>
    </accessionNum>
    <description>
        This report, in PDF format, is in three parts.
    </description>
    <fullDescription>
        Part 1 is 8134 KB. Part 2 is 7831 KB. Part 3 is 8458 KB.
    </fullDescription>
    <tn_isssue>
        NCAR/TN-105+IA
    </tn_isssue>
    <children>
        <child accessionNum="DR000245">
            NCAR/TN-105+IA - NCAR software support library, volume 1.
        </child>
        <child accessionNum="DR000246">
            NCAR/TN-105+IA - NCAR software support library, volume 2.
        </child>
        <child accessionNum="DR000247">
            NCAR/TN-105+IA - NCAR software support library, volume 3.
        </child>
    </children>
</record>