<record>
    <title>
        User's guide to NCAR computing facility.
    </title>
    <itemType>
        CATEGORY
    </itemType>
    <accessLevel>
        EXTENDED PUBLIC
    </accessLevel>
    <accessionNum>
    </accessionNum>
    <description>
        This report, in PDF format, is in 2 parts.
    </description>
    <fullDescription>
        Part 1 is 6701 KB. Part 2 is 12,006 KB.
    </fullDescription>
    <tn_isssue>
        NCAR/TN-106+IA
    </tn_isssue>
    <children>
        <child accessionNum="DR000248">
            NCAR/TN-106+IA - User's guide to NCAR computing facility.  Part 1.
        </child>
        <child accessionNum="DR000249">
            NCAR/TN-106+IA - User's guide to NCAR computing facility. Part 2.
        </child>
    </children>
</record>