<record>
    <title>
        Atlas of the global dstribution of total ozone July 1957 - June 1967.
    </title>
    <itemType>
        CATEGORY
    </itemType>
    <accessLevel>
        EXTENDED PUBLIC
    </accessLevel>
    <accessionNum>
        DR000257
    </accessionNum>
    <description>
        This report, in PDF format, is in 2 parts.
    </description>
    <fullDescription>
        Part 1 is 8121 KB. Part 2 is 8160 KB.
    </fullDescription>
    <tn_isssue>
        NCAR/TN-113+STR
    </tn_isssue>
    <children>
        <child accessionNum="DR000258">
            NCAR/TN-113+STR - Atlas of the global dstribution of total ozone July 1957 - June 1967. Part 1.
        </child>
        <child accessionNum="DR000259">
            NCAR/TN-113+STR - Atlas of the global dstribution of total ozone July 1957 - June 1967. Part 2.
        </child>
    </children>
</record>