<record>
    <title>
        Satellite data in meteorological research
    </title>
    <itemType>
        CATEGORY
    </itemType>
    <accessLevel>
        EXTENDED PUBLIC
    </accessLevel>
    <accessionNum>
        DR000088
    </accessionNum>
    <description>
        This report, in PDF format, is in 4 parts.
    </description>
    <fullDescription>
        Part 1 is 8232 KB. Part 2 is 8464 KB. Part 3 is 8197 KB. Part 4 is 8230 KB.
    </fullDescription>
    <tn_isssue>
        NCAR/TN-11+PROC
    </tn_isssue>
    <children>
        <child accessionNum="DR000089">
            NCAR/TN-11+PROC - Satellite data in meteorological research - PART 1
        </child>
        <child accessionNum="DR000090">
            NCAR/TN-11+PROC - Satellite data in meteorological research - PART 2
        </child>
        <child accessionNum="DR000091">
            NCAR/TN-11+PROC - Satellite data in meteorological research - PART 3
        </child>
        <child accessionNum="DR000092">
            NCAR/TN-11+PROC - Satellite data in meteorological research - PART 4.
        </child>
    </children>
</record>