<record>
    <title>
        The mean circulation of the tropical and subtropical atmosphere-July.
    </title>
    <itemType>
        CATEGORY
    </itemType>
    <accessLevel>
        EXTENDED PUBLIC
    </accessLevel>
    <accessionNum>
    </accessionNum>
    <description>
        This report, in PDF format, is in 4 parts.
    </description>
    <fullDescription>
        Part 1 is 6249 KB. Part 2 is 11,936 KB.  Part 1 is 9199 KB. Part 2 is 6334 KB.
    </fullDescription>
    <tn_isssue>
        NCAR/TN-118+STR
    </tn_isssue>
    <children>
        <child accessionNum="DR000736">
            NCAR/TN-118+STR - The mean circulation of the tropical and subtropical atmosphere-July. Part 1.
        </child>
        <child accessionNum="DR000737">
            NCAR/TN-118+STR - The mean circulation of the tropical and subtropical atmosphere-July. Part 2.
        </child>
        <child accessionNum="DR000738">
            NCAR/TN-118+STR - The mean circulation of the tropical and subtropical atmosphere-July. Part 3.
        </child>
        <child accessionNum="DR000739">
            NCAR/TN-118+STR - The mean circulation of the tropical and subtropical atmosphere-July. Part 4.
        </child>
    </children>
</record>