<record>
    <title>
        Central pacific VLF signal survey and omega wind error predictions.
    </title>
    <itemType>
        CATEGORY
    </itemType>
    <accessLevel>
        EXTENDED PUBLIC
    </accessLevel>
    <accessionNum>
        DR000260
    </accessionNum>
    <description>
        This report, in PDF format, is in 2 parts.
    </description>
    <fullDescription>
        Part 1 is 5804 KB. Part 2 is 11,835 KB.
    </fullDescription>
    <tn_isssue>
        NCAR/TN-120+EDD
    </tn_isssue>
    <children>
        <child accessionNum="DR000261">
            NCAR/TN-120+EDD - Central pacific VLF signal survey and omega wind error predictions. Part 1.
        </child>
        <child accessionNum="DR000262">
            NCAR/TN-120+EDD - Central pacific VLF signal survey and omega wind error predictions. Part 2.
        </child>
    </children>
</record>