<record>
    <title>
        A study of synoptic and mesoscale interaction over the GATE ship network:  4-5-6 September 1974.
    </title>
    <itemType>
        CATEGORY
    </itemType>
    <accessLevel>
        EXTENDED PUBLIC
    </accessLevel>
    <accessionNum>
        DR000263
    </accessionNum>
    <description>
        This report, in PDF format, is in 2 parts.
    </description>
    <fullDescription>
        Part 1 is 7311 KB. Part 2 is 10,422 KB.
    </fullDescription>
    <tn_isssue>
        NCAR/TN-122+STR
    </tn_isssue>
    <children>
        <child accessionNum="DR000264">
            NCAR/TN-122+STR - A study of synoptic and mesoscale interaction over the GATE ship network: 4-5-6 Sept. 1974. Part 1.
        </child>
        <child accessionNum="DR000265">
            NCAR/TN-122+STR - A study of synoptic and mesoscale interaction over the GATE ship network: 4-5-6 Sept. 1974. Part 2.
        </child>
    </children>
</record>