<record>
    <title>
        Jan. &amp; July simulation exps with the 2.5 latitude-longitude ver. of the NCAR GCM.
    </title>
    <itemType>
        CATEGORY
    </itemType>
    <accessLevel>
        EXTENDED PUBLIC
    </accessLevel>
    <accessionNum>
        DR000254
    </accessionNum>
    <description>
        This report, in PDF format, is in 2 volumes.
    </description>
    <fullDescription>
        Volume 1 is 2226 KB. Volume 2 is 3336 KB.
    </fullDescription>
    <tn_isssue>
        NCAR/TN-123+STR
    </tn_isssue>
    <children>
        <child accessionNum="DR000255">
            NCAR/TN-123+STR - Jan. &amp; July simulation exps with the 2.5 latitude-longitude ver. of the NCAR GCM. V.1
        </child>
        <child accessionNum="DR000256">
            NCAR/TN-123+STR - Jan. &amp; July simulation exps with the 2.5 latitude-longitude ver. of the NCAR GCM. V.2.
        </child>
    </children>
</record>