<record>
    <title>
        National hail research Experiment data catalog (1972-1976).
    </title>
    <itemType>
        CATEGORY
    </itemType>
    <accessLevel>
        EXTENDED PUBLIC
    </accessLevel>
    <accessionNum>
        DR000298
    </accessionNum>
    <description>
        This report, in PDF format, is in 3 parts.
    </description>
    <fullDescription>
        Part 1 is 8211 KB. Part 2 is 12,643 KB. Part 3 is 5365 KB.
    </fullDescription>
    <tn_isssue>
        NCAR/TN-148+STR
    </tn_isssue>
    <children>
        <child accessionNum="DR000299">
            NCAR/TN-148+STR - National hail research Experiment data catalog (1972-1976). Part 1.
        </child>
        <child accessionNum="DR000300">
            NCAR/TN-148+STR - National hail research Experiment data catalog (1972-1976). Part 2.
        </child>
        <child accessionNum="DR000301">
            NCAR/TN-148+STR - National hail research Experiment data catalog (1972-1976). Part 3.
        </child>
    </children>
</record>