<record>
    <title>
        The SCD graphics utilites.
    </title>
    <itemType>
        CATEGORY
    </itemType>
    <accessLevel>
        EXTENDED PUBLIC
    </accessLevel>
    <accessionNum>
        DR000303
    </accessionNum>
    <description>
        This report, in PDF format, is in 2 parts.
    </description>
    <fullDescription>
        Part 1 is 10,227 KB. Part 2 is 7808 KB
    </fullDescription>
    <tn_isssue>
        NCAR-TN-166+IA
    </tn_isssue>
    <children>
        <child accessionNum="DR000304">
            NCAR-TN-166+IA - The SCD graphics utilites. Part 1.
        </child>
        <child accessionNum="DR000305">
            NCAR-TN-166+IA - The SCD graphics utilites. Part 2.
        </child>
    </children>
</record>