<record>
    <title>
        Summer MONEX U.S. Research Flight Missions, May-July 1979.
    </title>
    <itemType>
        CATEGORY
    </itemType>
    <accessLevel>
        EXTENDED PUBLIC
    </accessLevel>
    <accessionNum>
    </accessionNum>
    <description>
        This report, in PDF format, is in 2 parts.
    </description>
    <fullDescription>
        Part 1 is 10,327 KB. Part 2 is 9181 KB
    </fullDescription>
    <tn_isssue>
        NCAR/TN-168+STR
    </tn_isssue>
    <children>
        <child accessionNum="DR000624">
            NCAR/TN-168+STR - Summer MONEX U.S. Research Flight Missions, May-July 1979. Part 1.
        </child>
        <child accessionNum="DR000625">
            NCAR/TN-168+STR - Summer MONEX U.S. Research Flight Missions, May-July 1979. Part 2.
        </child>
    </children>
</record>