<record>
    <title>
        Case studies on convective storms / case study 10, 22 July 1975
    </title>
    <itemType>
        CATEGORY
    </itemType>
    <accessLevel>
        EXTENDED PUBLIC
    </accessLevel>
    <accessionNum>
    </accessionNum>
    <description>
        This report, in PDF format, is in 2 volumes.
    </description>
    <fullTitle>
        Case studies on convective storms / case study 10, 22 July 1975 : mature storm study / a conceptual model synthesized from microphysical and dynamic observations of a multicell thunderstorm.
    </fullTitle>
    <fullDescription>
        Volume 1 is 3495 KB. Volume 2 is 9142 KB.
    </fullDescription>
    <tn_isssue>
        NCAR/TN-184+STR
    </tn_isssue>
    <children>
        <child accessionNum="DR000338">
            NCAR/TN-184+STR - Case studies on convective storms / case study 10, 22 July 1975 - pt. 1.
        </child>
        <child accessionNum="DR000339">
            NCAR/TN-184+STR - Case studies on convective storms / case study 10, 22 July 1975 - pt. 2.
        </child>
    </children>
</record>