<record>
    <title>
        NCAR software catalog
    </title>
    <itemType>
        CATEGORY
    </itemType>
    <accessLevel>
        EXTENDED PUBLIC
    </accessLevel>
    <accessionNum>
    </accessionNum>
    <description>
        This report, in PDF format, is in 2 parts.
    </description>
    <fullDescription>
        Part 1 is 9101 KB. Part 2 is 8640 KB.
    </fullDescription>
    <tn_isssue>
        NCAR/TN-192+IA
    </tn_isssue>
    <children>
        <child accessionNum="DR000345">
            NCAR/TN-192+IA - NCAR software catalog. Part 1.
        </child>
        <child accessionNum="DR000346">
            NCAR/TN-192+IA - NCAR software catalog. Part 2.
        </child>
    </children>
</record>