<record>
    <title>
        Joint solar dynamics project data summary 1982 / v. I:  Chromospheric &amp; coronal observations.
    </title>
    <itemType>
        CATEGORY
    </itemType>
    <accessLevel>
        EXTENDED PUBLIC
    </accessLevel>
    <accessionNum>
    </accessionNum>
    <description>
        This report, in PDF format, is in 4 parts.
    </description>
    <fullTitle>
        Joint solar dynamics project data summary 14 June - 13 August 1982 / Volume I:  Chromospheric and coronal observations.
    </fullTitle>
    <fullDescription>
        Part 1 is 840 KB. Part 2 is 8041 KB. Part 3 is 10,046 KB. Part 4 is 11,763 KB.
    </fullDescription>
    <tn_isssue>
        NCAR/TN-202+STR
    </tn_isssue>
    <children>
        <child accessionNum="DR000356">
            NCAR/TN-202+STR - Joint solar dynamics project data summary 1982 / v. I:  Chromospheric &amp; coronal observs. Pt.1.
        </child>
        <child accessionNum="DR000357">
            NCAR/TN-202+STR - Joint solar dynamics project data summary 1982 / v. I:  Chromospheric &amp; coronal observs. Pt.2.
        </child>
        <child accessionNum="DR000358">
            NCAR/TN-202+STR - Joint solar dynamics project data summary 1982 / v. I:  Chromospheric &amp; coronal observs. Pt.3.
        </child>
        <child accessionNum="DR000359">
            NCAR/TN-202+STR - Joint solar dynamics project data summary 1982 / v. I:  Chromospheric &amp; coronal observs. Pt.4.
        </child>
    </children>
</record>