<record>
    <title>
        Balloon stress-band analysis
    </title>
    <itemType>
        CATEGORY
    </itemType>
    <accessLevel>
        EXTENDED PUBLIC
    </accessLevel>
    <accessionNum>
        DR000093
    </accessionNum>
    <description>
        Balloon stress-band analysis
    </description>
    <fullDescription>
        This report, in PDF format, is in 2 parts.
    </fullDescription>
    <fullDescription>
        Part 1 is 8789 KB. Part 2 is 6979 KB.
    </fullDescription>
    <tn_isssue>
        NCAR/TN-21+EDD
    </tn_isssue>
    <children>
        <child accessionNum="DR000094">
            Balloon stress-band analysis - PART 1.
        </child>
        <child accessionNum="DR000095">
            Balloon stress-band analysis - PART 2.
        </child>
    </children>
</record>