<record>
    <title>
        GenPro : GEN scientific data Processor ; user guide, relearse 1.0.
    </title>
    <itemType>
        CATEGORY
    </itemType>
    <accessLevel>
        EXTENDED PUBLIC
    </accessLevel>
    <accessionNum>
    </accessionNum>
    <description>
        This report, in PDF format, is in 2 parts.
    </description>
    <fullDescription>
        Part 1 is 12,974 KB. Part 2 is 12,601 KB.
    </fullDescription>
    <tn_isssue>
        NCAR/TN-208+IA
    </tn_isssue>
    <children>
        <child accessionNum="DR000399">
            NCAR/TN-208+IA - GenPro : GEN scientific data Processor ; user guide, relearse 1.0. Part 1.
        </child>
        <child accessionNum="DR000400">
            NCAR/TN-208+IA - GenPro : GEN scientific data Processor ; user guide, release 1.0. Part 2.
        </child>
    </children>
</record>