<record>
    <title>
        GenPro : GEN scientific data Processor ; reference manual, release 1.0.
    </title>
    <itemType>
        CATEGORY
    </itemType>
    <accessLevel>
        EXTENDED PUBLIC
    </accessLevel>
    <accessionNum>
    </accessionNum>
    <description>
        This report, in PDF format, is in 3 parts.
    </description>
    <fullDescription>
        Part 1 is 7414 KB. Part 2 is 8875 KB. Part 3 is 9378 KB.
    </fullDescription>
    <tn_isssue>
        NCAR/TN-209+IA
    </tn_isssue>
    <children>
        <child accessionNum="DR000401">
            NCAR/TN-209+IA - GenPro : GEN scientific data Processor ; reference manual, release 1.0. Part 1.
        </child>
        <child accessionNum="DR000402">
            NCAR/TN-209+IA - GenPro : GEN scientific data Processor ; reference manual, release 1.0. Part 2.
        </child>
        <child accessionNum="DR000403">
            NCAR/TN-209+IA - GenPro : GEN scientific data Processor ; reference manual, release 1.0. Part 3.
        </child>
    </children>
</record>