<record>
    <title>
        Regional acid deposition:  models and physical processes.
    </title>
    <itemType>
        CATEGORY
    </itemType>
    <accessLevel>
        EXTENDED PUBLIC
    </accessLevel>
    <accessionNum>
    </accessionNum>
    <description>
        This report, in PDF format, is in 2 parts.
    </description>
    <fullDescription>
        Part 1 is 13,898 KB. Part 2 is 8653 KB.
    </fullDescription>
    <tn_isssue>
        NCAR/TN-214+STR
    </tn_isssue>
    <children>
        <child accessionNum="DR000404">
            NCAR/TN-214+STR - Regional acid deposition:  models and physical processes. Part 1.
        </child>
        <child accessionNum="DR000405">
            NCAR/TN-214+STR - Regional acid deposition:  models and physical processes. Part 2.
        </child>
    </children>
</record>