<record>
    <title>
        Studies in climate.
    </title>
    <itemType>
        CATEGORY
    </itemType>
    <accessLevel>
        EXTENDED PUBLIC
    </accessLevel>
    <accessionNum>
    </accessionNum>
    <description>
        This report, in PDF format, is in 2 parts.
    </description>
    <fullDescription>
        Part 1 is 9030 KB. Part 2 is 8300 KB.
    </fullDescription>
    <tn_isssue>
        NCAR/TN-227+STR
    </tn_isssue>
    <children>
        <child accessionNum="DR000406">
            NCAR/TN-227+STR - Studies in climate. Part 1.
        </child>
        <child accessionNum="DR000407">
            NCAR/TN-227+STR - Studies in climate. Part 2.
        </child>
    </children>
</record>