<record>
    <title>
        Instructor's handbook on meteorological instrumentation.
    </title>
    <itemType>
        CATEGORY
    </itemType>
    <accessLevel>
        EXTENDED PUBLIC
    </accessLevel>
    <accessionNum>
        DR000483
    </accessionNum>
    <description>
        This report, in PDF format, is in 2 parts.
    </description>
    <fullDescription>
        Part 1 is 12,465 KB. Part 2 is 4301 KB.
    </fullDescription>
    <tn_isssue>
        NCAR/TN-237+IA
    </tn_isssue>
    <children>
        <child accessionNum="DR000484">
            NCAR/TN-237+IA - Instructor's handbook on meteorological instrumentation. Part 1.
        </child>
        <child accessionNum="DR000485">
            NCAR/TN-237+IA - Instructor's handbook on meteorological instrumentation. Part 2.
        </child>
    </children>
</record>