<record>
    <title>
        Atlas of simultaneous occurrence of different cloud types over land.
    </title>
    <itemType>
        CATEGORY
    </itemType>
    <accessLevel>
        EXTENDED PUBLIC
    </accessLevel>
    <accessionNum>
        This report, in PDF format, is in 2 parts.
    </accessionNum>
    <description>
        Part 1 is 1398 KB. Part 2 is 11,396 KB.
    </description>
    <tn_isssue>
        NCAR/TN-241+STR
    </tn_isssue>
    <children>
        <child accessionNum="DR000626">
            NCAR/TN-241+STR - Atlas of simultaneous occurrence of different cloud types over land.
        </child>	
        <child accessionNum="DR000627">
            NCAR/TN-241+STR - Atlas of simultaneous occurrence of different cloud types over land. Part 2.
        </child>
    </children>
</record>