<record>
    <title>
        Annual cycle pt. I: annual variation of surface temp. over the United States &amp; Canada.
    </title>
    <itemType>
        CATEGORY
    </itemType>
    <accessLevel>
        EXTENDED PUBLIC
    </accessLevel>
    <accessionNum>
        DR000434
    </accessionNum>
    <description>
        This report, in PDF format, is in 3 parts.
    </description>
    <fullDescription>
        Part 1 is 1398 KB. Part 2 is 11,396 KB. Part 3 is 10,067 KB.
    </fullDescription>
    <tn_isssue>
        NCAR/TN-242+STR
    </tn_isssue>
    <children>
        <child accessionNum="DR000435">
            NCAR/TN-242+STR - Annual cycle pt. I: annual variation of surface temp. over the United States &amp; Canada. Part 1.
        </child>
        <child accessionNum="DR000436">
            NCAR/TN-242+STR - Annual cycle pt. I: annual variation of surface temp. over the United States &amp; Canada. Part 2.
        </child>
        <child accessionNum="DR000437">
            NCAR/TN-242+STR - Annual cycle pt. I: annual variation of surface temp. over the United States &amp; Canada. Part 3.
        </child>
    </children>
</record>