<record>
    <title>
        Annual cycle pt. II: annual variation of precipitation over the United States &amp; Canada.
    </title>
    <itemType>
        CATEGORY
    </itemType>
    <accessLevel>
        EXTENDED PUBLIC
    </accessLevel>
    <accessionNum>
        DR000441
    </accessionNum>
    <description>
        This report, in PDF format, is in 3 parts.
    </description>
    <fullDescription>
        Part 1 is 1197 KB. Part 2 is 11,210 KB. Part 3 is 11,232 KB.
    </fullDescription>
    <tn_isssue>
        NCAR/TN-243+STR
    </tn_isssue>
    <children>
        <child accessionNum="DR000439">
            NCAR/TN-243+STR - Annual cycle part II: the annual variation of precipitation over the United States &amp; Canada. Part 1.
        </child>
        <child accessionNum="DR000438">
            NCAR/TN-243+STR - Annual cycle part II: the annual variation of precipitation over the United States &amp; Canada. Part 2.
        </child>
        <child accessionNum="DR000440">
            NCAR/TN-243+STR - Annual cycle part II: the annual variation of precipitation over the United States &amp; Canada. Part 3.
        </child>
    </children>
</record>