<record>
    <title>
        The NCAR GKS-compatible graphics system.
    </title>
    <itemType>
        CATEGORY
    </itemType>
    <accessLevel>
        EXTENDED PUBLIC
    </accessLevel>
    <accessionNum>
        DR000486
    </accessionNum>
    <description>
        This report, in PDF format, is in 3 parts.
    </description>
    <fullDescription>
        Part 1 is 12,153 KB. Part 2 is 11,224 KB. Part 3 is 10,415 KB.
    </fullDescription>
    <tn_isssue>
        NCAR/TN-267+IA
    </tn_isssue>
    <children>
        <child accessionNum="DR000487">
            NCAR/TN-267+IA - The NCAR GKS-compatible graphics system. Part 1.
        </child>
        <child accessionNum="DR000488">
            NCAR/TN-267+IA - The NCAR GKS-compatible graphics system. Part 2.
        </child>
        <child accessionNum="DR000489">
            NCAR/TN-267+IA - The NCAR GKS-compatible graphics system. Part 3.
        </child>
    </children>
</record>