<record>
    <title>
        Climat. atlas:  1950-79 surf. air temp., precip., sea-level pressure, &amp; sea-surf. temp. (45 S-90 N).
    </title>
    <itemType>
        CATEGORY
    </itemType>
    <accessLevel>
        EXTENDED PUBLIC
    </accessLevel>
    <accessionNum>
        DR000443
    </accessionNum>
    <description>
        This report, in PDF format, is in 8 parts.
    </description>
    <fullDescription>
        Part 1 is 1833 KB. Part 2 is 10,486 KB. Part 3 is 10,712 KB. Part 4 is 10,474 KB. Part 5 is 10,467 KB. Part 6 is 10,489 KB. Part 7 is 10,416 KB. Part 8 is 7,835 KB.
    </fullDescription>
    <tn_isssue>
        NCAR/TN-269+STR
    </tn_isssue>
    <children>
        <child accessionNum="DR000444">
            NCAR/TN-269+STR - Climat. atlas:1950-79 surf. air temp., precip., sea-lvl pressure, &amp; sea-surf. temp. (45 S-90 N). Pt.1.
        </child>
        <child accessionNum="DR000445">
            NCAR/TN-269+STR - Climat. atlas:1950-79 surf. air temp., precip., sea-lvl pressure, &amp; sea-surf. temp. (45 S-90 N). Pt.2.
        </child>
        <child accessionNum="DR000446">
            NCAR/TN-269+STR - Climat. atlas:1950-79 surf. air temp., precip., sea-lvl pressure, &amp; sea-surf. temp. (45 S-90 N). Pt.3.
        </child>
        <child accessionNum="DR000447">
            NCAR/TN-269+STR - Climat. atlas:1950-79 surf. air temp., precip., sea-lvl pressure, &amp; sea-surf. temp. (45 S-90 N). Pt.4.
        </child>
        <child accessionNum="DR000448">
            NCAR/TN-269+STR - Climat. atlas:1950-79 surf. air temp., precip., sea-lvl pressure, &amp; sea-surf. temp. (45 S-90 N). Pt.5.
        </child>
        <child accessionNum="DR000449">
            NCAR/TN-269+STR - Climat. atlas:1950-79 surf. air temp., precip., sea-lvl pressure, &amp; sea-surf. temp. (45 S-90 N). Pt.6.
        </child>
        <child accessionNum="DR000450">
            NCAR/TN-269+STR - Climat. atlas:1950-79 surf. air temp., precip., sea-lvl pressure, &amp; sea-surf. temp. (45 S-90 N). Pt.7.
        </child>
        <child accessionNum="DR000451">
            NCAR/TN-269+STR - Climat. atlas:1950-79 surf. air temp., precip., sea-lvl pressure, &amp; sea-surf. temp. (45 S-90 N). Pt.8.
        </child>
    </children>
</record>