<record>
    <title>
        On atmospheric simulation: a colloquium
    </title>
    <itemType>
        CATEGORY
    </itemType>
    <accessLevel>
        EXTENDED PUBLIC
    </accessLevel>
    <accessionNum>
        DR000096
    </accessionNum>
    <description>
        On atmospheric simulation: a colloquium.
    </description>
    <fullDescription>
        This report, in PDF format, is in 2 parts.
    </fullDescription>
    <fullDescription>
        Part 1 is 6210 KB. Part 2 is 3012 KB.
    </fullDescription>
    <tn_isssue>
        NCAR/TN-22+PROC
    </tn_isssue>
    <children>
        <child accessionNum="DR000097">
            NCAR/TN-22+PROC - On atmospheric simulation: a colloquium - PART 1.
        </child>
        <child accessionNum="DR000098">
            NCAR/TN-22+PROC - On atmospheric simulation: a colloquium - PART 2
        </child>
    </children>
</record>