<record>
    <title>
        Global distribution of total cloud cover and cloud type amounts over land.
    </title>
    <itemType>
        CATEGORY
    </itemType>
    <accessLevel>
        EXTENDED PUBLIC
    </accessLevel>
    <accessionNum>
    </accessionNum>
    <description>
        This report, in PDF format, is in 2 parts.
    </description>
    <fullDescription>
        Part 1 is 8518 KB. Part 2 is 8700 KB.
    </fullDescription>
    <tn_isssue>
        NCAR/TN-273+STR
    </tn_isssue>
    <children>
        <child accessionNum="DR000628">
            NCAR/TN-273+STR - Global distribution of total cloud cover and cloud type amounts over land. Part 1.
        </child>
        <child accessionNum="DR000629">
            NCAR/TN-273+STR - Global distribution of total cloud cover and cloud type amounts over land. Part 2.
        </child>
    </children>
</record>