<record>
    <title>
        NCAR graphics user's guide : Version 2.00.
    </title>
    <itemType>
        CATEGORY
    </itemType>
    <accessLevel>
        EXTENDED PUBLIC
    </accessLevel>
    <accessionNum>
        DR000490
    </accessionNum>
    <description>
        This report, in PDF format, is in 3 parts.
    </description>
    <fullDescription>
        Part 1 is 7994 KB. Part 2 is 6906 KB. Part 3 is 7141 KB.
    </fullDescription>
    <tn_isssue>
        NCAR/TN-283+IA
    </tn_isssue>
    <children>
        <child accessionNum="DR000491">
            NCAR/TN-283+IA - NCAR graphics user's guide : Version 2.00. Part 1.
        </child>
        <child accessionNum="DR000492">
            NCAR/TN-283+IA - NCAR graphics user's guide : Version 2.00. Part 2.
        </child>
        <child accessionNum="DR000493">
            NCAR/TN-283+IA - NCAR graphics user's guide : Version 2.00. Part 3.
        </child>
    </children>
</record>