<record>
    <title>
        Users' Guide To NCAR CCM1.
    </title>
    <itemType>
        CATEGORY
    </itemType>
    <accessLevel>
        EXTENDED PUBLIC
    </accessLevel>
    <accessionNum>
    </accessionNum>
    <description>
        This report, in PDF format, is in 3 sections.
    </description>
    <fullDescription>
        Part 1 is Users' Guide To NCAR CCM1. Part 2 is Users' Guide To NCAR CCM1: Unicos Version. Part 3 is Addenda to Users' Guide To NCAR CCCM1.
    </fullDescription>
    <tn_isssue>
        NCAR/TN-286+IA
    </tn_isssue>
    <children>
        <child accessionNum="DR000602">
            NCAR/TN-286+IA - Users' guide to NCAR CCM1.
        </child>
        <child accessionNum="DR000603">
            NCAR/TN-286+IA - Users' guide to NCAR CCM1 - UNICOS version.
        </child>
        <child accessionNum="DR000604">
            NCAR/TN-286+IA - Addenda to users' guide to NCAR CCM1.
        </child>
    </children>
</record>