<record>
    <title>
        CCM Modular Processor Users' Guide (Version PROC02).
    </title>
    <itemType>
        CATEGORY
    </itemType>
    <accessLevel>
        EXTENDED PUBLIC
    </accessLevel>
    <accessionNum>
        DR000538
    </accessionNum>
    <description>
        This report, in PDF format, is in 2 parts.
    </description>
    <fullDescription>
        Part 1 is 7633 KB. Part 2 is 7181 KB.
    </fullDescription>
    <tn_isssue>
        NCAR/TN-290+IA
    </tn_isssue>
    <children>
        <child accessionNum="DR000539">
            NCAR/TN-290+IA - CCM Modular Processor Users' Guide (Version PROC02). Part 1.
        </child>
        <child accessionNum="DR000540">
            NCAR/TN-290+IA - CCM Modular Processor Users' Guide (Version PROC02). Part 2.
        </child>
    </children>
</record>