<record>
    <title>
        ECMWF global analyses 1979-1986: circulation statistics and data evaluation.
    </title>
    <itemType>
        CATEGORY
    </itemType>
    <accessLevel>
        EXTENDED PUBLIC
    </accessLevel>
    <accessionNum>
        DR000452
    </accessionNum>
    <description>
        This report, in PDF format, is in 9 parts.
    </description>
    <fullDescription>
        Part 1 is  2055 KB. Part 2 is 10,543 KB. Part 3 is 10,442 KB. Part 4 is 10,471 KB. Part 5 is 10,437 KB. Part 6 is 10,441 KB. Part 7 is 10,466 KB. Part 8 is 10,449 KB. Part 9 is 5424 KB.
    </fullDescription>
    <tn_isssue>
        NCAR/TN-300+STR
    </tn_isssue>
    <children>
        <child accessionNum="DR000457">
            NCAR/TN-300+STR - ECMWF global analyses 1979-1986: circulation statistics and data evaluation. Part 1.
        </child>
        <child accessionNum="DR000458">
            NCAR/TN-300+STR - ECMWF global analyses 1979-1986: circulation statistics and data evaluation. Part 2.
        </child>
        <child accessionNum="DR000459">
            NCAR/TN-300+STR - ECMWF global analyses 1979-1986: circulation statistics and data evaluation. Part 3.
        </child>
        <child accessionNum="DR000460">
            NCAR/TN-300+STR - ECMWF global analyses 1979-1986: circulation statistics and data evaluation. Part 4.
        </child>
        <child accessionNum="DR000461">
            NCAR/TN-300+STR - ECMWF global analyses 1979-1986: circulation statistics and data evaluation. Part 5.
        </child>
        <child accessionNum="DR000462">
            NCAR/TN-300+STR - ECMWF global analyses 1979-1986: circulation statistics and data evaluation. Part 6.
        </child>
        <child accessionNum="DR000463">
            NCAR/TN-300+STR - ECMWF global analyses 1979-1986: circulation statistics and data evaluation. Part 7.
        </child>
        <child accessionNum="DR000464">
            NCAR/TN-300+STR - ECMWF global analyses 1979-1986: circulation statistics and data evaluation. Part 8.
        </child>
        <child accessionNum="DR000465">
            NCAR/TN-300+STR - ECMWF global analyses 1979-1986: circulation statistics and data evaluation. Part 9.
        </child>
    </children>
</record>