<record>
    <title>
        Taiwan area mesoscale experiment: daily operations summary.
    </title>
    <itemType>
        CATEGORY
    </itemType>
    <accessLevel>
        EXTENDED PUBLIC
    </accessLevel>
    <accessionNum>
        DR000544
    </accessionNum>
    <description>
        This report, in PDF format, is in 6 parts.
    </description>
    <fullDescription>
        Part 1 is 10,025 KB. Part 2 is 6082 KB. Part 3 is 7407 KB.
    </fullDescription>
    <fullDescription>
        Part 4 is 6312 KB. Part 5 is 6650 KB. Part 6 is 11,795 KB.
    </fullDescription>
    <tn_isssue>
        NCAR/TN-305+STR
    </tn_isssue>
    <children>
        <child accessionNum="DR000545">
            NCAR/TN-305+STR - Taiwan area mesoscale experiment: daily operations summary. Part 1.
        </child>
        <child accessionNum="DR000546">
            NCAR/TN-305+STR - Taiwan area mesoscale experiment: daily operations summary. Part 2.
        </child>
        <child accessionNum="DR000547">
            NCAR/TN-305+STR - Taiwan area mesoscale experiment: daily operations summary. Part 3.
        </child>
        <child accessionNum="DR000548">
            NCAR/TN-305+STR - Taiwan area mesoscale experiment: daily operations summary. Part 4.
        </child>
        <child accessionNum="DR000549">
            NCAR/TN-305+STR - Taiwan area mesoscale experiment: daily operations summary. Part 5.
        </child>
        <child accessionNum="DR000550">
            NCAR/TN-305+STR - Taiwan area mesoscale experiment: daily operations summary. Part 6.
        </child>
    </children>
</record>