<record>
    <title>
        Proceedings of the sixth international solar wind conference.  Volume 1.
    </title>
    <itemType>
        CATEGORY
    </itemType>
    <accessLevel>
        EXTENDED PUBLIC
    </accessLevel>
    <accessionNum>
    </accessionNum>
    <description>
        This volume, in PDF format, is in 3 parts.
    </description>
    <fullDescription>
        Part 1 is 923 KB. Part 2 is 10,240 KB. Part 3 is 8399 KB.
    </fullDescription>
    <tn_isssue>
        NCAR/TN-306+STR
    </tn_isssue>
    <children>
        <child accessionNum="DR000630">
            NCAR/TN-306+STR - Proceedings of the sixth international solar wind conference. Volume 1. Part 1.
        </child>
        <child accessionNum="DR000631">
            NCAR/TN-306+STR - Proceedings of the sixth international solar wind conference. Volume 1. Part 2.
        </child>
        <child accessionNum="DR000632">
            NCAR/TN-306+STR - Proceedings of the sixth international solar wind conference. Volume 1. Part 3.
        </child>
    </children>
</record>