<record>
    <title>
        Proceedings of the sixth international solar wind conference. Volume 2.
    </title>
    <itemType>
        CATEGORY
    </itemType>
    <accessLevel>
        EXTENDED PUBLIC
    </accessLevel>
    <accessionNum>
    </accessionNum>
    <description>
        This volume, in PDF format, is in 3 parts.
    </description>
    <fullDescription>
        Part 1 is 8586 KB. Part 2 is 10,147 KB. Part 3 is 5896 KB.
    </fullDescription>
    <tn_isssue>
        NCAR/TN-306+STR
    </tn_isssue>
    <children>
        <child accessionNum="DR000633">
            NCAR/TN-306+STR - Proceedings of the sixth international solar wind conference. Volume 2. Part 1.
        </child>
        <child accessionNum="DR000634">
            NCAR/TN-306+STR - Proceedings of the sixth international solar wind conference. Volume 2. Part 2.
        </child>
        <child accessionNum="DR000635">
            NCAR/TN-306+STR - Proceedings of the sixth international solar wind conference. Volume 2. Part 3.
        </child>
    </children>
</record>