<record>
    <title>
        Spatial coherence retrievals of cloud prop. fire marine stratocumulus IFO, June 29-July 19, 1987.
    </title>
    <itemType>
        CATEGORY
    </itemType>
    <accessLevel>
        EXTENDED PUBLIC
    </accessLevel>
    <accessionNum>
        DR000551
    </accessionNum>
    <description>
        This report, in PDF format, is in 3 parts.
    </description>
    <fullDescription>
        Part 1 is 492 KB. Part 2 is 9614 KB. Part 3 is 9196 KB.
    </fullDescription>
    <tn_isssue>
        NCAR/TN-307+STR
    </tn_isssue>
    <children>
        <child accessionNum="DR000552">
            NCAR/TN-307+STR - Spatial coherence retrievals of cloud prop. fire marine stratocumulus IFO, June 29-July 19, 1987. Pt.1
        </child>
        <child accessionNum="DR000553">
            NCAR/TN-307+STR - Spatial coherence retrievals of cloud prop. fire marine stratocumulus IFO, June 29-July 19, 1987. Pt.2
        </child>
        <child accessionNum="DR000554">
            NCAR/TN-307+STR - Spatial coherence retrievals of cloud prop. fire marine stratocumulus IFO, June 29-July 19, 1987. Pt.3
        </child>
    </children>
</record>