<record>
    <title>
        Thermal convection: a colloquium, sponsored by the NCAR Advanced Study Program, 5 July to 12 Aug. 1966
    </title>
    <itemType>
        CATEGORY
    </itemType>
    <accessLevel>
        EXTENDED PUBLIC
    </accessLevel>
    <accessionNum>
        DR000099
    </accessionNum>
    <description>
        Thermal convection: a colloquium.
    </description>
    <fullDescription>
        This report, in PDF format, is in 3 parts.
    </fullDescription>
    <fullDescription>
        Part 1 is 6210 KB. Part 2 is 9739 KB. Part 3 is 5374 KB.
    </fullDescription>
    <tn_isssue>
        NCAR/TN-24+PROC
    </tn_isssue>
    <children>
        <child accessionNum="DR000100">
            NCAR/TN-24+PROC -Thermal convection: a colloquium - PART 1.
        </child>
        <child accessionNum="DR000101">
            NCAR/TN-24+PROC -Thermal convection: a colloquium - PART 2.
        </child>
        <child accessionNum="DR000102">
            NCAR/TN-24+PROC -Thermal convection: a colloquium - PART 3.
        </child>
    </children>
</record>