<record>
    <title>
        Global distribution of total cloud cover and cloud type amounts over the ocean.
    </title>
    <itemType>
        CATEGORY
    </itemType>
    <accessLevel>
        EXTENDED PUBLIC
    </accessLevel>
    <accessionNum>
        DR000466
    </accessionNum>
    <description>
        This report, in PDF format, is in 13 parts
    </description>
    <fullDescription>
        Part 1 is 5180 KB. Part 2 is 10,466 KB. Part 3 is 10,662 KB. Part 4 is 10,795 KB. Part 5 is 10,791 KB. Part 6 is 10,847 KB. Part 7 is 10,846 KB. Part 8 is 10,875 KB. Part 9 is 10,875 KB. Part 10 is 10,826 KB. Part 11 is 10,804 KB. Part 12 is 10,864 KB. Part 13 is 9961 KB.
    </fullDescription>
    <tn_isssue>
        NCAR/TN-317+STR
    </tn_isssue>
    <children>
        <child accessionNum="DR000467">
            NCAR/TN-317+STR - Global distribution of total cloud cover and cloud type amounts over the ocean. Part 1.
        </child>
        <child accessionNum="DR000468">
            NCAR/TN-317+STR - Global distribution of total cloud cover and cloud type amounts over the ocean. Part 2.
        </child>
        <child accessionNum="DR000469">
            NCAR/TN-317+STR - Global distribution of total cloud cover and cloud type amounts over the ocean. Part 3.
        </child>
        <child accessionNum="DR000470">
            NCAR/TN-317+STR - Global distribution of total cloud cover and cloud type amounts over the ocean. Part 4.
        </child>
        <child accessionNum="DR000471">
            NCAR/TN-317+STR - Global distribution of total cloud cover and cloud type amounts over the ocean. Part 5.
        </child>
        <child accessionNum="DR000472">
            NCAR/TN-317+STR - Global distribution of total cloud cover and cloud type amounts over the ocean. Part 6.
        </child>
        <child accessionNum="DR000473">
            NCAR/TN-317+STR - Global distribution of total cloud cover and cloud type amounts over the ocean. Part 7.
        </child>
        <child accessionNum="DR000474">
            NCAR/TN-317+STR - Global distribution of total cloud cover and cloud type amounts over the ocean. Part 8.
        </child>
        <child accessionNum="DR000475">
            NCAR/TN-317+STR - Global distribution of total cloud cover and cloud type amounts over the ocean. Part 9.
        </child>
        <child accessionNum="DR000476">
            NCAR/TN-317+STR - Global distribution of total cloud cover and cloud type amounts over the ocean. Part 10.
        </child>
        <child accessionNum="DR000477">
            NCAR/TN-317+STR - Global distribution of total cloud cover and cloud type amounts over the ocean. Part 11.
        </child>
        <child accessionNum="DR000478">
            NCAR/TN-317+STR - Global distribution of total cloud cover and cloud type amounts over the ocean. Part 12.
        </child>
        <child accessionNum="DR000479">
            NCAR/TN-317+STR - Global distribution of total cloud cover and cloud type amounts over the ocean. Part 13.
        </child>
    </children>
</record>