<record>
    <title>
        Flux and sounding data from the NCAR King Air aircraft during HAPEX.
    </title>
    <itemType>
        CATEGORY
    </itemType>
    <accessLevel>
        EXTENDED PUBLIC
    </accessLevel>
    <accessionNum>
        DR000555
    </accessionNum>
    <description>
        This report, in PDF format, is in 3 parts.
    </description>
    <fullDescription>
        Part 1 is 7545 KB. Part 2 is 8380 KB. Part 3 is 7780 KB.
    </fullDescription>
    <tn_isssue>
        NCAR/TN-319+STR
    </tn_isssue>
    <children>
        <child accessionNum="DR000556">
            NCAR/TN-319+STR - Flux and sounding data from the NCAR King Air aircraft during HAPEX. Part 1.
        </child>
        <child accessionNum="DR000557">
            NCAR/TN-319+STR - Flux and sounding data from the NCAR King Air aircraft during HAPEX. Part 2.
        </child>
        <child accessionNum="DR000558">
            NCAR/TN-319+STR - Flux and sounding data from the NCAR King Air aircraft during HAPEX. Part 3.
        </child>
    </children>
</record>