<record>
    <title>
        The UserDoc Collection / Introductory. The Primer : Version 2.2.
    </title>
    <itemType>
        CATEGORY
    </itemType>
    <accessLevel>
        EXTENDED PUBLIC
    </accessLevel>
    <accessionNum>
        DR000587
    </accessionNum>
    <description>
        This report, in PDF format, is in 4 parts.
    </description>
    <fullDescription>
        Part 1, The UserDoc Collection / Introductory. The Primer : Version 2.2.,  is 11,619 KB.
    </fullDescription>
    <fullDescription>
        Part 2, Updates to Primer,  is 81 KB.
    </fullDescription>
    <fullDescription>
        Part 3, Telenet logon procedure,  is 544 KB.
    </fullDescription>
    <fullDescription>
        Part 4, Mass storage system: MEXPORT and MIMPORT,  is 1337 KB.
    </fullDescription>
    <tn_isssue>
        NCAR/TN-321+IA
    </tn_isssue>
    <children>
        <child accessionNum="DR000588">
            NCAR/TN-321+IA - The UserDoc Collection / Introductory. The Primer : Version 2.2.
        </child>
        <child accessionNum="DR000589">
            NCAR/TN-321+IA - The UserDoc Collection : Version 2.2. Updates to Primer.
        </child>
        <child accessionNum="DR000590">
            NCAR/TN-321+IA - The UserDoc Collection : Version 2.2. Telenet logon procedure.
        </child>
        <child accessionNum="DR000591">
            NCAR/TN-321+IA - The UserDoc Collection : Version 2.2. Mass storage system: MEXPORT and MIMPORT.
        </child>
    </children>
</record>