<record>
    <title>
        NCAR master mechanism of the gas phase chemistry - Version 2.0.
    </title>
    <itemType>
        CATEGORY
    </itemType>
    <accessLevel>
        EXTENDED PUBLIC
    </accessLevel>
    <accessionNum>
    </accessionNum>
    <description>
        This report, in PDF format, is in 2 parts.
    </description>
    <fullDescription>
        Part 1 is 5576 KB. Part 2 is 6211 KB.
    </fullDescription>
    <tn_isssue>
        NCAR/TN-333+STR
    </tn_isssue>
    <children>
        <child accessionNum="DR000144">
            NCAR/TN-333+STR - The NCAR master mechanism of the gas phase chemistry - Version 2.0. Part 1.
        </child>
        <child accessionNum="DR000396">
            NCAR/TN-333+STR - NCAR master mechanism of the gas phase chem.*v. 2.0.Pt 2.
        </child>
    </children>
</record>