<record>
    <title>
        NCAR graphics guide to new utilities: Version 3.00.
    </title>
    <itemType>
        CATEGORY
    </itemType>
    <accessLevel>
        EXTENDED PUBLIC
    </accessLevel>
    <accessionNum>
    </accessionNum>
    <description>
        This report, in PDF format, is in 3 parts.
    </description>
    <fullDescription>
        Part 1 is 9986 KB. Part 2 is 7563 KB. Part 3 is 7007 KB.
    </fullDescription>
    <tn_isssue>
        NCAR/TN-341+STR
    </tn_isssue>
    <children>
        <child accessionNum="DR000636">
            NCAR/TN-341+STR - NCAR graphics guide to new utilities: Version 3.00. Part 1.
        </child>
        <child accessionNum="DR000637">
            NCAR/TN-341+STR - NCAR graphics guide to new utilities: Version 3.00. Part 2.
        </child>
        <child accessionNum="DR000638">
            NCAR/TN-341+STR - NCAR graphics guide to new utilities: Version 3.00. Part 3.
        </child>
    </children>
</record>