<record>
    <title>
        A Global monthly sea surface temperature climatology.
    </title>
    <itemType>
        CATEGORY
    </itemType>
    <accessLevel>
        EXTENDED PUBLIC
    </accessLevel>
    <accessionNum>
    </accessionNum>
    <description>
        This report, in PDF format, is in 2 parts.
    </description>
    <fullDescription>
        Part 1 is 4435 KB. Part 2 is 10,759 KB.
    </fullDescription>
    <tn_isssue>
        NCAR/TN-345+STR
    </tn_isssue>
    <children>
        <child accessionNum="DR000156">
            NCAR/TN-345+STR - A Global monthly sea surface temperature climatology. Part 1.
        </child>
        <child accessionNum="DR000397">
            NCAR/TN-345+STR - A Global monthly sea surface temperature climatology. Part 2.
        </child>
    </children>
</record>