<record>
    <title>
        Meeting review: airborne aerosol inlet workshop 27-28 February and 1 March 1991.
    </title>
    <itemType>
        CATEGORY
    </itemType>
    <accessLevel>
        EXTENDED PUBLIC
    </accessLevel>
    <accessionNum>
    </accessionNum>
    <description>
        This report, in PDF format, is in 2 parts.
    </description>
    <fullDescription>
        Part 1 is 7839 KB. Part 2 is 7807 KB.
    </fullDescription>
    <tn_isssue>
        NCAR/TN-362+IA
    </tn_isssue>
    <children>
        <child accessionNum="DR000170">
            NCAR/TN-362+IA - Meeting review: airborne aerosol inlet workshop 27-28 February and 1 March 1991. Part 1.
        </child>
        <child accessionNum="DR000398">
            NCAR/TN-362+IA - Meeting review: airborne aerosol inlet workshop 27-28 February and 1 March 1991. Part 2.
        </child>
    </children>
</record>