<record>
    <title>
        Global atmospheric circulation statistics, 1000-1 mb.
    </title>
    <itemType>
        CATEGORY
    </itemType>
    <accessLevel>
        EXTENDED PUBLIC
    </accessLevel>
    <accessionNum>
    </accessionNum>
    <description>
        This report, in PDF format, is in 2 parts.
    </description>
    <fullDescription>
        Part 1 is 5576 KB. Part 2 is 6211 KB.
    </fullDescription>
    <tn_isssue>
        NCAR/TN-366+STR
    </tn_isssue>
    <children>
        <child accessionNum="DR000177">
            NCAR/TN-366+STR - Global atmospheric circulation statistics, 1000-1 mb. Part 1.
        </child>
        <child accessionNum="DR000605">
            NCAR/TN-366+STR - Global atmospheric circulation statistics, 1000-1 mb. Part 2.
        </child>
    </children>
</record>