<record>
    <title>
        Point correlations of geopotential height and temperature at 30 mb and between 500 mb and 30 mb.
    </title>
    <itemType>
        CATEGORY
    </itemType>
    <accessLevel>
        EXTENDED PUBLIC
    </accessLevel>
    <accessionNum>
    </accessionNum>
    <description>
        This report, in PDF format, is in 2 parts.
    </description>
    <fullDescription>
        Part 1 is 10,128 KB. Part 2 is 10,835 KB.
    </fullDescription>
    <tn_isssue>
        NCAR/TN-368+STR
    </tn_isssue>
    <children>
        <child accessionNum="DR000179">
            NCAR/TN-368+STR - Point correlations of geopotential height and temperature at 30 mb and between 500 mb and 30 mb. Pt1.
        </child>
        <child accessionNum="DR000606">
            NCAR/TN-368+STR - Point correlations of geopotential height and temperature at 30 mb and between 500 mb and 30 mb. Pt2.
        </child>
    </children>
</record>