<record>
    <title>
        A revised and expanded catalogue of mass ejections observed by the Solar Maximum Mission coronagraph.
    </title>
    <itemType>
        CATEGORY
    </itemType>
    <accessLevel>
        EXTENDED PUBLIC
    </accessLevel>
    <accessionNum>
    </accessionNum>
    <description>
        This report, in PDF format, is in 2 parts.
    </description>
    <fullDescription>
        Part 1 is 6340 KB. Part 2 is 10,494 KB.
    </fullDescription>
    <tn_isssue>
        NCAR/TN-369+STR
    </tn_isssue>
    <children>
        <child accessionNum="DR000180">
            NCAR/TN-369+STR - Revised &amp; expanded catalogue of mass ejections observed by the Solar Maximum Mission coronagraph.Pt.1.
        </child>
        <child accessionNum="DR000710">
            NCAR/TN-369+STR-Revised&amp;expanded catalogue of mass ejections observed by the Solar Maximum Mission coronagraph.Pt.2.
        </child>
    </children>
</record>