<record>
    <title>
        Proceedings of the atmospheric research aircraft instrumentation workshop &amp; symp, Nov. 17-18, 1966
    </title>
    <itemType>
        CATEGORY
    </itemType>
    <accessLevel>
        EXTENDED PUBLIC
    </accessLevel>
    <accessionNum>
        DR000103
    </accessionNum>
    <description>
        NCAR/TN-29+PROC - Proc. of the atmospheric research aircraft instrumentation workshop &amp; symposium
    </description>
    <fullDescription>
        This report, in PDF format, is in 2 parts.
    </fullDescription>
    <fullDescription>
        Part 1 is 5726 KB. Part 2 is 5693 KB.
    </fullDescription>
    <tn_isssue>
        NCAR/TN-29+PROC
    </tn_isssue>
    <children>
        <child accessionNum="DR000104">
            NCAR/TN-29+PROC - Proc. of the atmospheric research aircraft instrumentation wkshp &amp; symp. Nov. 17-18, 1966 - PART 1.
        </child>
        <child accessionNum="DR000105">
            NCAR/TN-29+PROC - Proc. of the atmospheric research aircraft instrumentation wkshp &amp; symp. Nov. 17-18, 1966 - PART 2.
        </child>
    </children>
</record>