<record>
    <title>
        Global analyses from ECMWF and atlas of 1000 to 10 mb circulation statistics.
    </title>
    <itemType>
        CATEGORY
    </itemType>
    <accessLevel>
        EXTENDED PUBLIC
    </accessLevel>
    <accessionNum>
    </accessionNum>
    <description>
        This report, in PDF format, is in 2 parts.
    </description>
    <fullDescription>
        Part 1 is 7354 KB. Part 2 is 7801 KB.
    </fullDescription>
    <tn_isssue>
        NCAR/TN-373+STR
    </tn_isssue>
    <children>
        <child accessionNum="DR000184">
            NCAR/TN-373+STR - Global analyses from ECMWF and atlas of 1000 to 10 mb circulation statistics. Part 1.
        </child>
        <child accessionNum="DR000607">
            NCAR/TN-373+STR - Global analyses from ECMWF and atlas of 1000 to 10 mb circulation statistics. Part 2.
        </child>
    </children>
</record>