<record>
    <title>
        User's guide to NCAR CCM2
    </title>
    <itemType>
        CATEGORY
    </itemType>
    <accessLevel>
        EXTENDED PUBLIC
    </accessLevel>
    <accessionNum>
    </accessionNum>
    <description>
        This report, in PDF format, is in 2 parts.
    </description>
    <fullDescription>
        Part 1 is 6579 KB. Part 2 is 5430 KB.
    </fullDescription>
    <tn_isssue>
        NCAR/TN-379+IA
    </tn_isssue>
    <children>
        <child accessionNum="DR000190">
            NCAR/TN-379+IA - User's guide to NCAR CCM2. Part 1.
        </child>
        <child accessionNum="DR000608">
            NCAR/TN-379+IA - User's guide to NCAR CCM2. Part 2.
        </child>
    </children>
</record>