<record>
    <title>
        A User's guide to the Penn State/NCAR mesoscale modeling system.
    </title>
    <itemType>
        CATEGORY
    </itemType>
    <accessLevel>
        EXTENDED PUBLIC
    </accessLevel>
    <accessionNum>
    </accessionNum>
    <description>
        This report, in PDF format, is in 2 parts.
    </description>
    <fullDescription>
        Part 1 is 7713 KB. Part 2 is 4659 KB.
    </fullDescription>
    <tn_isssue>
        NCAR/TN-381+IA
    </tn_isssue>
    <children>
        <child accessionNum="DR000192">
            NCAR/TN-381+IA - A User's guide to the Penn State/NCAR mesoscale modeling system. Part 1.
        </child>
        <child accessionNum="DR000609">
            NCAR/TN-381+IA - A User's guide to the Penn State/NCAR mesoscale modeling system. Part 2,
        </child>
    </children>
</record>