<record>
    <title>
        CCM Processor Users' Guide (UNICOS Version).
    </title>
    <itemType>
        CATEGORY
    </itemType>
    <accessLevel>
        EXTENDED PUBLIC
    </accessLevel>
    <accessionNum>
    </accessionNum>
    <description>
        This report, in PDF format, is in 2 parts.
    </description>
    <fullDescription>
        Part 1 is 6440 KB. Part 2 is 6473 KB.
    </fullDescription>
    <tn_isssue>
        NCAR/TN-384+IA
    </tn_isssue>
    <children>
        <child accessionNum="DR000195">
            NCAR/TN-384+IA - CCM Processor Users' Guide (UNICOS Version) Part 1.
        </child>
        <child accessionNum="DR000610">
            NCAR/TN-384+IA - CCM Processor Users' Guide (UNICOS Version) Part 2.
        </child>
    </children>
</record>