<record>
    <title>
        Comparison of NCAR community climate model (CCM) climates.
    </title>
    <itemType>
        CATEGORY
    </itemType>
    <accessLevel>
        EXTENDED PUBLIC
    </accessLevel>
    <accessionNum>
        DR000480
    </accessionNum>
    <description>
        This report, in PDF format, is in 3 parts.
    </description>
    <fullDescription>
        Part 1 is 7800 KB. Part 2 is 8991 KB. Part 3 is 9227 KB.
    </fullDescription>
    <tn_isssue>
        NCAR/TN-395+STR
    </tn_isssue>
    <children>
        <child accessionNum="DR000211">
            NCAR/TN-395+STR - Comparison of NCAR community climate model (CCM) climates. Part 1.
        </child>
        <child accessionNum="DR000481">
            NCAR/TN-395+STR - Comparison of NCAR community climate model (CCM) climates. Part 2.
        </child>
        <child accessionNum="DR000482">
            NCAR/TN-395+STR - Comparison of NCAR community climate model (CCM) climates. Part 3.
        </child>
    </children>
</record>