<record>
    <title>
        Evaluation of the atmospheric and hydrological cycle in the NCEP reanalyses.
    </title>
    <itemType>
        CATEGORY
    </itemType>
    <accessLevel>
        EXTENDED PUBLIC
    </accessLevel>
    <accessionNum>
    </accessionNum>
    <description>
        This report, in PDF format, is in 6 parts.
    </description>
    <fullDescription>
        Part 1 is 7011 KB. Part 2 is 7672 KB. Part 3 is 8394 KB. Part 4 is 7916 KB. Part 5 is 9406 KB. Part 6 is 10,926 KB.
    </fullDescription>
    <tn_isssue>
        NCAR/TN-430+STR
    </tn_isssue>
    <children>
        <child accessionNum="DR000365">
            NCAR/TN-430+STR - Evaluation of the atmospheric and hydrological cycle in the NCEP reanalyses. Part 1.
        </child>
        <child accessionNum="DR000366">
            NCAR/TN-430+STR - Evaluation of the atmospheric and hydrological cycle in the NCEP reanalyses. Part 2.
        </child>
        <child accessionNum="DR000367">
            NCAR/TN-430+STR - Evaluation of the atmospheric and hydrological cycle in the NCEP reanalyses. Part 3.
        </child>
        <child accessionNum="DR000368">
            NCAR/TN-430+STR - Evaluation of the atmospheric and hydrological cycle in the NCEP reanalyses. Part 4.
        </child>
        <child accessionNum="DR000369">
            NCAR/TN-430+STR - Evaluation of the atmospheric and hydrological cycle in the NCEP reanalyses. Part 5.
        </child>
        <child accessionNum="DR000370">
            NCAR/TN-430+STR - Evaluation of the atmospheric and hydrological cycle in the NCEP reanalyses. Part 6.
        </child>
    </children>
</record>