<record>
    <title>
        Harry van Loon symposium, studies in climate II.
    </title>
    <itemType>
        CATEGORY
    </itemType>
    <accessLevel>
        EXTENDED PUBLIC
    </accessLevel>
    <accessionNum>
    </accessionNum>
    <description>
        This report, in PDF format, is in 2 parts.
    </description>
    <fullDescription>
        Part 1 is 10,242 KB. Part 2 is 10,872 KB.
    </fullDescription>
    <tn_isssue>
        NCAR/TN-433+PROC
    </tn_isssue>
    <children>
        <child accessionNum="DR000371">
            NCAR/TN-433+PROC - Harry van Loon symposium, studies in climate II. Part 1.
        </child>
        <child accessionNum="DR000372">
            NCAR/TN-433+PROC - Harry van Loon symposium, studies in climate II. Part 2.
        </child>
    </children>
</record>