<record>
    <title>
        Pulse compression for phased array weather radars.
    </title>
    <itemType>
        CATEGORY
    </itemType>
    <accessLevel>
        EXTENDED PUBLIC
    </accessLevel>
    <accessionNum>
    </accessionNum>
    <description>
        This report, in PDF format, is in 2 parts.
    </description>
    <fullDescription>
        Part 1 is 5998 KB. Part 2 is 6355 KB.
    </fullDescription>
    <tn_isssue>
        NCAR/TN-444+STR
    </tn_isssue>
    <children>
        <child accessionNum="DR000639">
            NCAR/TN-444+STR - Pulse compression for phased array weather radars. Part 1.
        </child>
        <child accessionNum="DR000640">
            NCAR/TN-444+STR - Pulse compression for phased array weather radars. Part 2.
        </child>
    </children>
</record>