<record>
    <title>
        Radar data &amp; climatological stats associated w/ warm season precip episodes over the continental U.S.
    </title>
    <itemType>
        CATEGORY
    </itemType>
    <accessLevel>
        EXTENDED PUBLIC
    </accessLevel>
    <accessionNum>
    </accessionNum>
    <description>
        This report, in PDF format, is in 3 parts.
    </description>
    <fullDescription>
        Part 1 is 2283 KB. Part 2 is 11,117 KB. Part 3 is 3186 KB.
    </fullDescription>
    <tn_isssue>
        NCAR/TN-448+STR
    </tn_isssue>
    <children>
        <child accessionNum="DR000373">
            NCAR/TN-448+STR - Radar data &amp; climatological stats assoc. w/ warm season precip episodes over the continental U.S. Pt 1
        </child>
        <child accessionNum="DR000374">
            NCAR/TN-448+STR - Radar data &amp; climatological stats assoc. w/ warm season precip episodes over the continental U.S. Pt 2
        </child>
        <child accessionNum="DR000375">
            NCAR/TN-448+STR - Radar data &amp; climatological stats assoc. w/ warm season precip episodes over the continental U.S. Pt 3
        </child>
    </children>
</record>