<record>
    <title>
        GHOST Balloon Data Vol. II: Balloon 28x.
    </title>
    <itemType>
        CATEGORY
    </itemType>
    <accessLevel>
        EXTENDED PUBLIC
    </accessLevel>
    <accessionNum>
    </accessionNum>
    <description>
        Vol. II is in 2 parts. Part 1 is 5929 KB. Part 2 is 5880 KB.
    </description>
    <tn_isssue>
        NCAR/TN-34+STR
    </tn_isssue>
    <children>
        <child accessionNum="DR000611">
            GHOST Balloon Data Vol. II:  Balloon 28x. Part 1.
        </child>
        <child accessionNum="DR000612">
            GHOST Balloon Data Vol. II: Balloon 28x. Part 2.
        </child>
    </children>
</record>