<record>
    <title>
        A Microfilm atlas of magnetic fields in the solar corona.
    </title>
    <itemType>
        CATEGORY
    </itemType>
    <accessLevel>
        EXTENDED PUBLIC
    </accessLevel>
    <accessionNum>
    </accessionNum>
    <description>
        This report is in multiple parts.
    </description>
    <fullDescription>
        The first category is a digital copy of NCAR Library Report 02696, the text version (only) of the atlas.
    </fullDescription>
    <fullDescription>
        The second category is the digital copy of NCAR Library QB529 .N54, 11 reels of microfilm which includes the text version and the images of the general field maps.
    </fullDescription>
    <tn_isssue>
        NCAR/TN-85+STR
    </tn_isssue>
    <children>
        <child accessionNum="DR000671">
            PART 1. - 26 pages of text with images: ROT. 1417,  9 Aug 1959 - ROT. 1422, 11.0 Jan 1960.
        </child>
        <child accessionNum="DR000672">
            PART 2. - ROT. 1422, 11.0 Jan 1960 - ROT. 1428, 17.4 Jun 1960.
        </child>
        <child accessionNum="DR000673">
            PART 3. - ROT. 1428, 18.1 Jun 1960 - ROT. 1434, 18.0 Nov 1960.
        </child>
        <child accessionNum="DR000674">
            PART 4. - ROT. 1434, 18.8 Nov 1960 - ROT. 1439, 9.7 Apr 1961.
        </child>
        <child accessionNum="DR000675">
            PART 5. - ROT. 1439, 9.7 Apr 1961 - ROT. 1444, 18.6 Aug 1961.
        </child>
        <child accessionNum="DR000676">
            PART 6 - ROT. 1444, 18.6 Aug 1961 - ROT. 1448, 23.9 Dec 1961.
        </child>
        <child accessionNum="DR000677">
            PART 7. - ROT. 1448, 24.7 Dec 1961 - ROT. 1453, 25.8 Apr 1962.
        </child>
        <child accessionNum="DR000678">
            PART 8. - ROT. 1453, 26.6 Apr 1962 - ROT. 1458, 19.5 Sep 1962.
        </child>
        <child accessionNum="DR000679">
            PART 9. - ROT. 1458, 19.5 Sep 1962 - ROT. 1469, 17.4 Jul 1963.
        </child>
        <child accessionNum="DR000680">
            PART 10 - ROT. 1469, 18.1 Jul 1963 - ROT. 1475, 14.4 Dec 1963.
        </child>
        <child accessionNum="DR000681">
            PART 11 - ROT. 1475, 14.4 Dec 1963 - ROT. 1481, 21.7 May 1964.
        </child>
        <child accessionNum="DR000682">
            PART 12 - ROT. 1481, 22.4 May 1964 - ROT. 1486, 18.5 Oct 1964.
        </child>
        <child accessionNum="DR000683">
            PART 13 - ROT. 1486, 18.5 Oct 1964. - ROT. 1492, 23.8 Mar 1965.
        </child>
        <child accessionNum="DR000684">
            PART 14 - ROT. 1492, 23.8 Mar 1965. - ROT. 1498, 15.3 Sep 1965.
        </child>
        <child accessionNum="DR000685">
            PART 15 - ROT. 1498, 16.0 Sep 1965 - ROT. 1504, 20.9 Feb 1966.
        </child>
        <child accessionNum="DR000686">
            PART 16 - ROT. 1504, 20.9 Feb 1966 - ROT. 1511, 24.5 Aug 1966.
        </child>
        <child accessionNum="DR000687">
            PART 17 - ROT. 1511, 24.5 Aug 1966 - ROT. 1517, 28.5 Jan 1967.
        </child>
        <child accessionNum="DR000688">
            PART 18 - ROT. 1517, 28.5 Jan 1967 - ROT. 1523, 20.2 Jul 1967.
        </child>
        <child accessionNum="DR000689">
            PART 19 - ROT. 1523, 20.9 Jul 1967 - ROT. 1529, 22.5 Dec 1967.
        </child>
        <child accessionNum="DR000690">
            PART 20 - ROT. 1529, 22.5 Dec 1967 - ROT. 1595, 6.3 Jun 1968.
        </child>
        <child accessionNum="DR000691">
            PART 21 - ROT. 1595, 7.4 Jun 1968  - ROT. 1540, 5.4 Nov 1968.
        </child>
        <child accessionNum="DR000692">
            PART 22 - ROT. 1540, 6.2 Nov 1968 - ROT. 1546, 14.5 Apr 1969.
        </child>
        <child accessionNum="DR000693">
            PART 23 - ROT. 1546, 15.3 Apr 1969 - ROT. 1555, 3.6 Dec 1969.
        </child>
        <child accessionNum="DR000694">
            PART 24 - ROT. 1555, 3.6 Dec 1969 - ROT. 1561, 14.2 May 1970.
        </child>
        <child accessionNum="DR000695">
            PART 25 - ROT. 1561, 15.0 May 1970 - ROT. 1564, 25.0 Aug 1970.
        </child>
        <child accessionNum="DR000696">
            PART 26 - ROT. 1564, 25.0 Aug 1970 - ROT. 1567, 12.6 Nov 1970.
        </child>
        <child accessionNum="DR000697">
            PART 27 - ROT. 1567, 13.4 Nov 1970 - ROT. 1570, 31.3 Jan 1971.
        </child>
        <child accessionNum="DR000698">
            PART 28 - ROT. 1570, 31.3 Jan 1971 - ROT. 1573, 14.9 Apr 1971.
        </child>
        <child accessionNum="DR000699">
            PART 29 - ROT. 1573, 14.9 Apr 1971 - ROT. 1576, 28.8 Jun 1971.
        </child>
        <child accessionNum="DR000700">
            PART 30 - ROT. 1576, 29.5 Jun 1971 - ROT. 1579, 13.9 Sep 1971.
        </child>
        <child accessionNum="DR000701">
            PART 31 - ROT. 1579, 14.7 Sep 1971 - ROT. 1581, 29.5 Nov 1971.
        </child>
        <child accessionNum="DR000702">
            PART 32 - ROT. 1581, 29.5 Nov 1971 - ROT. 1584, 14.2 Feb 1972.
        </child>
        <child accessionNum="DR000703">
            PART 33 - ROT. 1584, 14.9 Feb 1972 - ROT. 1587, 3.0 May 1972.
        </child>
        <child accessionNum="DR000704">
            PART 34 - ROT. 1587, 3.0 May 1972- ROT. 1590, 17.6 Jul 1972.
        </child>
        <child accessionNum="DR000705">
            PART 35 - ROT. 1590, 18.3 Jul 1972- ROT. 1593, 1.3 Oct 1972.
        </child>
        <child accessionNum="DR000706">
            PART 36 - ROT. 1593, 1.3 Oct 1972- ROT. 1595, 13.8 Dec 1972.
        </child>
        <child accessionNum="DR000707">
            PART 37 - ROT. 1595, 14.6 Dec 1972- ROT. 1600, 26.4 Apr 1973.
        </child>
        <child accessionNum="DR000708">
            PART 38 - ROT. 1600, 27.1 Apr 1973 - ROT. 1607, 22.7 Oct 1973.
        </child>
        <child accessionNum="DR000709">
            PART 39 - ROT. 1607, 22.7 Oct 1973 - ROT. 1610, 12.6 Jan 1974. and 15 pages of text
        </child>
    </children>
</record>