<record>
    <title>
        NCAR/TN-34+STR - GHOST Balloon Data
    </title>
    <itemType>
        CATEGORY
    </itemType>
    <accessLevel>
        EXTENDED PUBLIC
    </accessLevel>
    <accessionNum>DR000108
    </accessionNum>
    <description>
        This report, in PDF format has 11 volumes.
    </description>
    <tn_isssue>
        NCAR/TN-34+STR
    </tn_isssue>
    <children>
        <child accessionNum="DR000079">
            GHOST Balloon Data Vol. I: Introduction.
        </child>
        <child accessionNum="DR000644">
            GHOST Balloon Data Vol. V: Balloon 49R.
        </child>
        <child accessionNum="DR000645">
            GHOST Balloon Data Vol. VI: Balloon 50D.
        </child>
        <child accessionNum="DR000646">
            GHOST balloon data vol. VII: balloon 58G.
        </child>
        <child accessionNum="DR000647">
            GHOST balloon data vol. X: balloon 79R.
        </child>
        <child accessionNum="DR000648">
            GHOST balloon data vol. XI: balloon 86C.
        </child>		
    </children>
</record>