<record>
    <title>
        GHOST Balloon Data Vol. III: Balloon 34J.
    </title>
    <itemType>
        CATEGORY
    </itemType>
    <accessLevel>
        EXTENDED PUBLIC
    </accessLevel>
    <accessionNum>
    </accessionNum>
    <description>
        Vol. III is in 2 parts. Part 1 is 8818 KB. Part 2 is 8035 KB.
    </description>
    <tn_isssue>
        NCAR/TN-34+STR
    </tn_isssue>
    <children>
        <child accessionNum="DR000613">
            GHOST Balloon Data Vol. III: Balloon 34J. Part 1.
        </child>
        <child accessionNum="DR000614">
            GHOST Balloon Data Vol. III: Balloon 34J. Part 2.
        </child>
    </children>
</record>