<record>
    <title>
        NCAR Technical Notes 401-420
    </title>
    <itemType>
        CATEGORY
    </itemType>
    <accessLevel>
        EXTENDED PUBLIC
    </accessLevel>
    <accessionNum>
    </accessionNum>
    <description>
        NCAR Technical Notes Numbers 401-420
    </description>
    <children>
        <child accessionNum="DR000216">
            NCAR/TN-401+STR - Annual cycle of precipitation over the Indian subcontinent : daily, monthly and seasonal statistics
        </child>
        <child accessionNum="DR000217">
            NCAR/TN-402+STR - Dispersion of smoke plumes from the oil fires of Kuwait.
        </child>
        <child accessionNum="DR000218">
            NCAR/TN-403+1A - DOppler RAdar Data Exchange format DORADE.
        </child>
        <child accessionNum="DR000219">
            NCAR/TN-404+IA - An introduction to atmospheric and oceanographic data.
        </child>
        <child accessionNum="DR000716">
            NCAR/TN-405+STR - Ground-based velocity-measurement performance of the NCAR Airborne Infrared Lidar System (NAILS).
        </child>
        <child accessionNum="DR000220">
            NCAR/TN-406+STR - Numerical forecasting of winds in the terminal environment.
        </child>
        <child accessionNum="DR000221">
            NCAR/TN-407+STR - Generalized theoretical analysis of cross-correlation/-spectra for spaced-antenna wind profilers.
        </child>
        <child accessionNum="DR000222">
            NCAR/TN-408+STR - ELDORA data user's guide for TOGA COARE.
        </child>
        <child accessionNum="DR000223">
            NCAR/TN-409+PROC - Applications of statistics to modeling the earth's climate system.
        </child>
        <child accessionNum="DR000224">
            NCAR/TN-410+IA - Mesoscale adjoint modeling system: Version 1.
        </child>
        <child accessionNum="DR000225">
            NCAR/TN-411+PROC - Workshop sum. : aircraft mission measurement strategies for the NASA subsonic assessment program.
        </child>
        <child accessionNum="DR000226">
            NCAR/TN-412+STR - Climatology of stratospheric ozone based on SBUV and SBUV/2 data: 1978 - 1994.
        </child>
        <child accessionNum="DR000227">
            NCAR/TN-413+STR - Beyond machoflops: getting MPPs into the production environment.
        </child>
        <child accessionNum="DR000717">
            NCAR/TN-414+IA - EZPLOT, for publication-quality plots.
        </child>
        <child accessionNum="DR000228">
            NCAR/TN-415+STR - Report of the first prospectus development team - U.S. Weather Research Program.
        </child>
        <child accessionNum="DR000718">
            NCAR/TN-416+STR - The global distribution of freshwater wetlands.
        </child>
        <child accessionNum="DR000229">
            NCAR/TN-417+STR - Land surface model (LSM version 1.0) for ecological, hydrological, and atmospheric studies
        </child>
        <child accessionNum="DR000230">
            NCAR/TN-418+IA - A user's guide to PIKAIA 1.0.
        </child>
        <child accessionNum="DR000454">
            NCAR/TN-419+STR - Research opportunities from emerging atmospheric observing and modeling capabilities.
        </child>
        <child accessionNum="DR000231">
            NCAR/TN-420+STR - Description of the NCAR Community Climate Model (CCM3).
        </child>
    </children>
</record>