<record>
    <title>
        NCAR Technical Notes 461-480
    </title>
    <itemType>
        CATEGORY
    </itemType>
    <accessLevel>
        EXTENDED PUBLIC
    </accessLevel>
    <accessionNum>
    </accessionNum>
    <description>
        NCAR Technical Notes Numbers 441-460
    </description>
    <children>
        <child accessionNum="DR000537">
            NCAR/TN-461+STR - Technical description of the Community Land Model (CLM).
        </child>
        <child accessionNum="DR000662">
            NCAR/TN-462+STR- Influence of idealized heterogeneity on convective planetary bound. layers coupled to the land surface.
        </child>
        <child accessionNum="DR000535">
            NCAR/TN-463+STR - Scientific Description of the Sea Ice Component in the Community Climate System Model, version 3.
        </child>
        <child accessionNum="DR000776">
            NCAR/TN-464+STR - Description of the NCAR Community Atmosphere Model (CAM 3.0).
        </child>
        <child accessionNum="DR000789">
            NCAR/TN-465+STR -  An implementation plan for cool season quantitative precipitation forecasting.
        </child>
        <child accessionNum="DR000777">
            NCAR/TN-466+STR - Empirical corrections to instrument artifacts in the MOPITT data stream.
        </child>
        <child accessionNum="DR000831">
            NCAR/TN-467+PROC - UCAR/NCAR Junior Faculty Forum on Future Scientific Directions / 18-20 June 2003.
        </child>
        <child accessionNum="DR000787">
            NCAR/TN-468+STR - A Description of the Advanced Research WRF Version 2
        </child>
        <child accessionNum="DR000790">
            NCAR/TN-469+STR - A Baroclinic Wave Test Case for Dynamical Cores of General Circulation Models: Model Intercomparisons.
        </child>
        <child accessionNum="DR000834">
            NCAR/TN-470+STR : Low energy auroral electron and ion hemispheric power after NOAA and DMSP intersatellite adjustments
        </child>
        <child accessionNum="DR000822">
            NCAR/TN-471+EDD : The Ophir Air Temperature Radiometer
        </child>
        <child accessionNum="DR000832">
            NCAR/TN-472+STR : A Delta-Eddington multiple scattering parameterization for solar radiation in the sea ice component...
        </child>
        <child accessionNum="DR000833">
            NCAR/TN-473+STR :HAO spectral diagnostic package for emitted radiation (HAOS-DIPER) reference guide (version 1.0)
        </child>
        <child accessionNum="DR000835">
            NCAR/TN-474+STR : Climatology of UV-A, UV-B, and Erythemal Radiation at the Earth's Surface, 1979-2000.
        </child>

    </children>
</record>