<?xml version="1.0" ?>
<record xmlns="http://nldr.library.ucar.edu/metadata/citation" xmlns:xsi="http://www.w3.org/2001/XMLSchema-instance" xsi:schemaLocation="http://nldr.library.ucar.edu/metadata/citation http://nldr.library.ucar.edu/metadata/citation/0.3/citation.xsd"><recordId>WOS-000-000-000-014</recordId><title>Use of a sailplane to measure microphysical effects of silver-iodide seeding in cumulus clouds</title><year>1976</year><pubname>Journal of Applied Meteorology</pubname><volume>15(3)</volume><pages>264-274</pages><pubstatus>published</pubstatus><statusdate>1976-01-01</statusdate><type>journal</type><authors><author author_order="1"><lastName>Dye</lastName><firstName>J</firstName><middleName>E</middleName></author><author author_order="2"><lastName>Langer</lastName><firstName>G</firstName></author><author author_order="3"><lastName>Toutenhoofd</lastName><firstName>V</firstName></author><author author_order="4"><lastName>Cannon</lastName><firstName>T</firstName><middleName>W</middleName></author><author author_order="5"><lastName>Knight</lastName><firstName>C</firstName><middleName>A</middleName></author></authors><wos_id>ISI:A1976BL93200006</wos_id></record>