<?xml version="1.0" ?>
<record xmlns="http://nldr.library.ucar.edu/metadata/citation" xmlns:xsi="http://www.w3.org/2001/XMLSchema-instance" xsi:schemaLocation="http://nldr.library.ucar.edu/metadata/citation http://nldr.library.ucar.edu/metadata/citation/0.3/citation.xsd"><recordId>WOS-000-000-000-003</recordId><title>Long-lived coronal structures and recurrent geomagnetic patterns in 1974</title><year>1976</year><pubname>Planetary and Space Science</pubname><volume>24(4)</volume><pages>381-388</pages><pubstatus>published</pubstatus><statusdate>1976-01-01</statusdate><type>journal</type><authors><author author_order="1"><lastName>Hansen</lastName><firstName>R</firstName><middleName>T</middleName></author><author author_order="2"><lastName>Hansen</lastName><firstName>S</firstName><middleName>F</middleName></author><author author_order="3"><lastName>Sawyer</lastName><firstName>C</firstName></author></authors><wos_id>ISI:A1976BM47600010</wos_id></record>