<?xml version="1.0" ?>
<record xmlns="http://nldr.library.ucar.edu/metadata/citation" xmlns:xsi="http://www.w3.org/2001/XMLSchema-instance" xsi:schemaLocation="http://nldr.library.ucar.edu/metadata/citation http://nldr.library.ucar.edu/metadata/citation/0.3/citation.xsd"><recordId>WOS-000-000-000-015</recordId><title>Constancy along cylinders of angular velocity in solar convection zone</title><year>1976</year><pubname>Astrophysical Journal</pubname><volume>204(2)</volume><pages>589-596</pages><pubstatus>published</pubstatus><statusdate>1976-01-01</statusdate><type>journal</type><authors><author author_order="1"><lastName>Durney</lastName><firstName>B</firstName><middleName>R</middleName></author></authors><wos_id>ISI:A1976BL96500034</wos_id></record>