<?xml version="1.0" ?>
<record xmlns="http://nldr.library.ucar.edu/metadata/citation" xmlns:xsi="http://www.w3.org/2001/XMLSchema-instance" xsi:schemaLocation="http://nldr.library.ucar.edu/metadata/citation http://nldr.library.ucar.edu/metadata/citation/0.3/citation.xsd"><recordId>WOS-000-000-000-007</recordId><title>Intensity variation of atomic oxygen red line during morning and evening twilight on 9-10 april 1969</title><year>1976</year><pubname>Planetary and Space Science</pubname><volume>24(4)</volume><pages>327-340</pages><pubstatus>published</pubstatus><statusdate>1976-01-01</statusdate><type>journal</type><authors><author author_order="1"><lastName>Roble</lastName><firstName>R</firstName><middleName>G</middleName></author><author author_order="2"><lastName>Noxon</lastName><firstName>J</firstName><middleName>F</middleName></author><author author_order="3"><lastName>Evans</lastName><firstName>J</firstName><middleName>V</middleName></author></authors><wos_id>ISI:A1976BM47600003</wos_id></record>