<?xml version="1.0" ?>
<record xmlns="http://nldr.library.ucar.edu/metadata/citation" xmlns:xsi="http://www.w3.org/2001/XMLSchema-instance" xsi:schemaLocation="http://nldr.library.ucar.edu/metadata/citation http://nldr.library.ucar.edu/metadata/citation/0.3/citation.xsd"><recordId>WOS-000-000-000-001</recordId><title>Organic component of wind-erosion-generated soil-derived aerosol</title><year>1976</year><pubname>Soil Science</pubname><volume>121(3)</volume><pages>146-155</pages><pubstatus>published</pubstatus><statusdate>1976-01-01</statusdate><type>journal</type><authors><author author_order="1"><lastName>Delany</lastName><firstName>A</firstName><middleName>C</middleName></author><author author_order="2"><lastName>Zenchelsky</lastName><firstName>S</firstName></author></authors><wos_id>ISI:A1976BM92200002</wos_id></record>