<?xml version="1.0" ?>
<record xmlns:xsi="http://www.w3.org/2001/XMLSchema-instance" xsi:noNamespaceSchemaLocation="http://www.dls.ucar.edu/people/ostwald/Metadata/webcat/webcat-record.xsd"><recordID>THESES-000-000-000-786</recordID><url>http://www.library.ucar.edu/uhtbin/hyperion-image/DR000786</url><title>NCAR co-op thesis 175 - Effects of high-lat. ionospheric elec. field vari.est. global thermospheric Joule heating.</title><itemType>REPORT</itemType><accessLevel>EXTENDED PUBLIC</accessLevel><accessionNum>DR000786</accessionNum><description>Matsuo.pdf</description><fullTitle>Effects of high-latitude ionospheric electric field variability on the estimation of global thermospheric Joule heating.</fullTitle><creator>Matsuo, Tomoko.</creator><subject>Atmospheric thermodynamics.</subject><subject>Magnetospheric currents.</subject><subject>Electrostatics.</subject><subject>Thermosphere.</subject><subject>Ionosphere.</subject><publisher>National Center for Atmospheric Research (U.S.)</publisher><scientificDivision>High Altitude Observatory</scientificDivision><dateOfOriginal>2003</dateOfOriginal><dateItemDigitized>2005</dateItemDigitized><format>PDF File, 1781 KB</format><language>English</language><copyright>All uses of library resources, including the digitized collections, should be consistent with U.S. Copyright Law.</copyright></record>