<?xml version="1.0" ?>
<record xmlns:xsi="http://www.w3.org/2001/XMLSchema-instance" xsi:noNamespaceSchemaLocation="http://www.dls.ucar.edu/people/ostwald/Metadata/webcat/webcat-record.xsd"><recordID>THESES-000-000-000-792</recordID><url>http://www.library.ucar.edu/uhtbin/hyperion-image/DR000792</url><title>NCAR CT - 176 - Turbulent intermittency in the Langrangian-averaged alpha model.</title><itemType>REPORT</itemType><accessLevel>EXTENDED PUBLIC</accessLevel><accessionNum>DR000792</accessionNum><description>ct-176.pdf</description><fullTitle>Turbulent intermittency in the Langrangian-averaged alpha model.</fullTitle><creator>Pietarila Graham, Jonathan David.</creator><publisher>National Center for Atmospheric Research (U.S.)</publisher><publisher>University of Colorado</publisher><dateOfOriginal>2005</dateOfOriginal><dateItemDigitized>2006</dateItemDigitized><format>PDF File, 10,372 KB</format><language>English</language><copyright>All uses of library resources, including the digitized collections, should be consistent with U.S. Copyright Law.</copyright></record>