<?xml version="1.0" ?>
<record xmlns:xsi="http://www.w3.org/2001/XMLSchema-instance" xsi:noNamespaceSchemaLocation="http://www.dls.ucar.edu/people/ostwald/Metadata/webcat/webcat-record.xsd"><recordID>TECH-NOTE-000-000-000-063</recordID><url>http://www.library.ucar.edu/uhtbin/hyperion-image/DR000063</url><title>NCAR/TN-73+STR - Digital control of meteorological systems</title><itemType>REPORT</itemType><accessLevel>EXTENDED PUBLIC</accessLevel><accessionNum>DR000063</accessionNum><description>Digital control of meteorological systems.PDF</description><fullTitle>Digital control of meteorological systems.</fullTitle><creator>Govind, P. K.</creator><subject>Information storage and retrieval systems</subject><subject>Meteorological systems</subject><publisher>National Center for Atmospheric Research (U.S.)</publisher><scientificDivision>High Altitude Observatory</scientificDivision><dateOfOriginal>1972</dateOfOriginal><dateItemDigitized>2003</dateItemDigitized><source>PDF3-BkMk</source><format>PDF File, 601 KB</format><language>English</language><copyright>All uses of library resources, including the digitized collections, should be consistent with U.S. Copyright Law.</copyright></record>