<?xml version="1.0" ?>
<record xmlns:xsi="http://www.w3.org/2001/XMLSchema-instance" xsi:noNamespaceSchemaLocation="http://www.dls.ucar.edu/people/ostwald/Metadata/webcat/webcat-record.xsd"><recordID>TECH-NOTE-000-000-000-605</recordID><url>http://www.library.ucar.edu/uhtbin/hyperion-image/DR000605</url><title>NCAR/TN-366+STR - Global atmospheric circulation statistics, 1000-1 mb. Part 2.</title><itemType>REPORT</itemType><accessLevel>EXTENDED PUBLIC</accessLevel><accessionNum>DR000605</accessionNum><description>Global atmospheric circulation statistics, 1000-1 mb. Part 2.PDF</description><fullTitle>Global atmospheric circulation statistics, 1000-1 mb. Part 1.</fullTitle><creator>Randel, William J.</creator><subject>Atmospheric circulation</subject><publisher>National Center for Atmospheric Research (U.S.).</publisher><scientificDivision>Atmospheric Chemistry Division.</scientificDivision><dateOfOriginal>1992</dateOfOriginal><dateItemDigitized>2003</dateItemDigitized><format>PDF File, 4847 KB</format><language>English</language><copyright>All uses of library resources, including the digitized collections, should be consistent with U.S. Copyright Law.</copyright></record>