<?xml version="1.0" ?>
<record xmlns:xsi="http://www.w3.org/2001/XMLSchema-instance" xsi:noNamespaceSchemaLocation="http://www.dls.ucar.edu/people/ostwald/Metadata/webcat/webcat-record.xsd"><recordID>TECH-NOTE-000-000-000-003</recordID><url>http://www.library.ucar.edu/uhtbin/hyperion-image/DR000003</url><title>NCAR/TN-2+EDD - Standard test methods for balloon materials</title><itemType>REPORT</itemType><accessLevel>EXTENDED PUBLIC</accessLevel><accessionNum>DR000003</accessionNum><description>Standard test methods for balloon materials.PDF</description><fullTitle>Standard test methods for balloon materials.</fullTitle><fullDescription>FRB-2-64</fullDescription><subject>Balloon materials</subject><subject>Standard test methods</subject><publisher>National Center for Atmospheric Research (U.S.).</publisher><publisher>Hauser Research and Engineering Company</publisher><scientificDivision>Scientific Balloon Facility</scientificDivision><dateOfOriginal>1964</dateOfOriginal><dateItemDigitized>2003</dateItemDigitized><source>ML Report 02096, 50583010046336, PDF1-BkMk</source><format>PDF file, 3672 KB</format><language>English</language><copyright>All uses of library resources, including the digitized collections, should be consistent with U.S. Copyright Law.</copyright></record>