<?xml version="1.0" ?>
<record xmlns:xsi="http://www.w3.org/2001/XMLSchema-instance" xsi:noNamespaceSchemaLocation="http://www.dls.ucar.edu/people/ostwald/Metadata/webcat/webcat-record.xsd"><recordID>TECH-NOTE-000-000-000-337</recordID><url>http://www.library.ucar.edu/uhtbin/hyperion-image/DR000337</url><title>NCAR/TN-175+IA - Using the remote job entry system.</title><itemType>REPORT</itemType><accessLevel>EXTENDED PUBLIC</accessLevel><accessionNum>DR000337</accessionNum><description>Using the remote job entry system.PDF</description><fullTitle>Using the remote job entry system.</fullTitle><creator>Ballard, Linda</creator><creator>Snyder, John</creator><contributor>Besen, Linda, editor</contributor><contributor>McArthur, Greg, editor</contributor><subject>Scientific computing</subject><subject>Remote job entry</subject><publisher>National Center for Atmospheric Research (U.S.).</publisher><scientificDivision>Scientific Computing Division</scientificDivision><dateItemDigitized>2003</dateItemDigitized><dateItemDigitized>1981</dateItemDigitized><source>PDF 7 BkMk</source><format>PDF File, 3857 KB</format><language>English</language><copyright>All uses of library resources, including the digitized collections, should be consistent with U.S. Copyright Law.</copyright></record>