<?xml version="1.0" ?>
<record xmlns:xsi="http://www.w3.org/2001/XMLSchema-instance" xsi:noNamespaceSchemaLocation="http://www.dls.ucar.edu/people/ostwald/Metadata/webcat/webcat-record.xsd"><recordID>TECH-NOTE-000-000-000-511</recordID><url>http://www.library.ucar.edu/uhtbin/hyperion-image/DR000511</url><title>NCAR/TN-258+STR - Approx. absorp. x-sections of F12, F11, CIONO2, N2O5, HNO3, CCI4, CF4, F21, F113, F114, &amp; HNO4.</title><itemType>REPORT</itemType><accessLevel>EXTENDED PUBLIC</accessLevel><accessionNum>DR000511</accessionNum><description>Approx. absorp. x-sections of F12, F11, CIONO2, N2O5, HNO3, CCI4, CF4, F21, F113, F114, &amp; HNO4.PDF</description><fullTitle>Approximate absorption cross sections of F12, F11, CIONO2, N2O5, HNO3, CCI4, CF4, F21, F113, F114, and HNO4.</fullTitle><creator>Massie, S. T.</creator><contributor>Goldman, A.</contributor><contributor>Murcray, D. G.</contributor><contributor>Gille, J.C.</contributor><subject>Atmospheric chemistry</subject><subject>Remote sensing</subject><subject>Upper Atmosphere Research Satellite - UARS</subject><publisher>National Center for Atmospheric Research (U.S.).</publisher><scientificDivision>Atmospheric Chemistry Division</scientificDivision><dateOfOriginal>1985</dateOfOriginal><dateItemDigitized>2003</dateItemDigitized><source>PDF 10 BkMk</source><format>PDF File, 739 KB</format><copyright>All uses of library resources, including the digitized collections, should be consistent with U.S. Copyright Law.</copyright></record>