<?xml version="1.0" ?>
<record xmlns:xsi="http://www.w3.org/2001/XMLSchema-instance" xsi:noNamespaceSchemaLocation="http://www.dls.ucar.edu/people/ostwald/Metadata/webcat/webcat-record.xsd"><recordID>TECH-NOTE-000-000-000-526</recordID><url>http://www.library.ucar.edu/uhtbin/hyperion-image/DR000526</url><title>NCAR/TN-274+STR - White light solar corona: an atlas of 1985 K-coronameter synoptic charts Dec. 1984 * Dec. 1985.</title><itemType>REPORT</itemType><accessLevel>EXTENDED PUBLIC</accessLevel><accessionNum>DR000526</accessionNum><description>White light solar corona: an atlas of 1985 K-coronameter synoptic charts Dec. 1984 - Dec. 1985.PDF</description><fullTitle>The White light solar corona: an atlas of 1985 K-coronameter synoptic charts December 1984 - December 1985.</fullTitle><creator>Sime, D. G.</creator><contributor>Garcia, C.</contributor><contributor>Yasukawa, E.</contributor><contributor>Lundin, E.</contributor><contributor>Rock, K.</contributor><contributor>Seagraves, P.</contributor><subject>Astronomy</subject><subject>Astrophysics</subject><subject>Synoptic data</subject><publisher>National Center for Atmospheric Research (U.S.).</publisher><scientificDivision>High Altitude Observatory</scientificDivision><dateOfOriginal>1986</dateOfOriginal><dateItemDigitized>2003</dateItemDigitized><source>PDF 10 BkMk</source><format>PDF File, 3937 KB</format><language>English</language><copyright>All uses of library resources, including the digitized collections, should be consistent with U.S. Copyright Law.</copyright></record>