<?xml version="1.0" ?>
<record xmlns:xsi="http://www.w3.org/2001/XMLSchema-instance" xsi:noNamespaceSchemaLocation="http://www.dls.ucar.edu/people/ostwald/Metadata/webcat/webcat-record.xsd"><recordID>TECH-NOTE-000-000-000-346</recordID><url>http://www.library.ucar.edu/uhtbin/hyperion-image/DR000346</url><title>NCAR/TN-192+IA - NCAR software catalog. Part 2.</title><itemType>REPORT</itemType><accessLevel>EXTENDED PUBLIC</accessLevel><accessionNum>DR000346</accessionNum><description>NCAR/TN-192+IA - NCAR software catalog. Part 2.PDF</description><fullTitle>NCAR/TN-192+IA - NCAR software catalog. Part 2.</fullTitle><creator>Rew, Russell K.</creator><contributor>Valent, Dick</contributor><contributor>Passi, Harsh Anand</contributor><contributor>Caldwell, Ginger</contributor><subject>Computer programs - Catalogs.</subject><publisher>National Center for Atmospheric Research (U.S.).</publisher><scientificDivision>Scientific Computing Division.</scientificDivision><dateOfOriginal>1986</dateOfOriginal><dateItemDigitized>2003</dateItemDigitized><source>PDF 7 BkMk</source><format>PDF File, 8640 KB</format><language>English</language><copyright>All uses of library resources, including the digitized collections, should be consistent with U.S. Copyright Law.</copyright></record>