<?xml version="1.0" ?>
<record xmlns:xsi="http://www.w3.org/2001/XMLSchema-instance" xsi:noNamespaceSchemaLocation="http://www.dls.ucar.edu/people/ostwald/Metadata/webcat/webcat-record.xsd"><recordID>TECH-NOTE-000-000-000-066</recordID><url>http://www.library.ucar.edu/uhtbin/hyperion-image/DR000066</url><title>NCAR/TN-75+STR - Complete 100- and 200-mb GHOST balloon data: 1966-1970</title><itemType>REPORT</itemType><accessLevel>EXTENDED PUBLIC</accessLevel><accessionNum>DR000066</accessionNum><description>Complete 100- and 200-mb GHOST balloon data: 1966-1970.PDF</description><fullTitle>Complete 100- and 200-mb GHOST balloon data: 1966-1970.</fullTitle><creator>Solot, Samuel B.</creator><subject>Winds aloft -- Rawinsonde observations</subject><subject>Balloon data</subject><publisher>National Center for Atmospheric Research (U.S.)</publisher><scientificDivision>Scientific Balloon Facility</scientificDivision><dateOfOriginal>1972</dateOfOriginal><dateItemDigitized>2003</dateItemDigitized><source>ML Report 02642, 50583010060386, PDF3-BkMk</source><format>PDF File, 9935 KB</format><language>English</language><copyright>All uses of library resources, including the digitized collections, should be consistent with U.S. Copyright Law.</copyright></record>