<?xml version="1.0" ?>
<record xmlns:xsi="http://www.w3.org/2001/XMLSchema-instance" xsi:noNamespaceSchemaLocation="http://www.dls.ucar.edu/people/ostwald/Metadata/webcat/webcat-record.xsd"><recordID>TECH-NOTE-000-000-000-240</recordID><url>http://www.library.ucar.edu/uhtbin/hyperion-image/DR000240</url><title>NCAR/TN-431+IA - A user's guide to the VEMAP phase 1 database.</title><itemType>REPORT</itemType><accessLevel>EXTENDED PUBLIC</accessLevel><accessionNum>DR000240</accessionNum><description>A user's guide to the VEMAP phase 1 database.PDF</description><fullTitle>A user's guide to the VEMAP phase 1 database.</fullTitle><creator>Rosenbloom, Nan</creator><contributor>Kittel, Timothy G.F.</contributor><contributor>Painter, T. H.</contributor><contributor>Schimel, D. S.</contributor><contributor>Fisher, H. H.</contributor><contributor>Grimsdell, A.</contributor><contributor>Daly, C.</contributor><contributor>Hunt, Jr., E. R.</contributor><subject>VEMAP database</subject><subject>Ecosytem and vegetation modeling</subject><publisher>National Center for Atmospheric Research (U.S.).</publisher><scientificDivision>Climate and Global Dynamics Division</scientificDivision><dateOfOriginal>1996</dateOfOriginal><dateItemDigitized>2003</dateItemDigitized><source>PDF 14 BkMk</source><format>PDF File, 2729 KB</format><language>English</language><copyright>All uses of library resources, including the digitized collections, should be consistent with U.S. Copyright Law.</copyright></record>