<?xml version="1.0" ?>
<record xmlns:xsi="http://www.w3.org/2001/XMLSchema-instance" xsi:noNamespaceSchemaLocation="http://www.dls.ucar.edu/people/ostwald/Metadata/webcat/webcat-record.xsd"><recordID>TECH-NOTE-000-000-000-736</recordID><url>http://www.library.ucar.edu/uhtbin/hyperion-image/DR000736</url><title>NCAR/TN-118+STR - The mean circulation of the tropical and subtropical atmosphere-July. Part 1.</title><itemType>REPORT</itemType><accessLevel>EXTENDED PUBLIC</accessLevel><accessionNum>DR000736</accessionNum><description>The mean circulation of the tropical and subtropical atmosphere-July. Part 1.PDF</description><fullTitle>The mean circulation of the tropical and subtropical atmosphere-July. Part 1.</fullTitle><creator>van de Boogaard, Henry.</creator><subject>Atmospheric circulation--Tropics--Observations.</subject><subject>Atmospheric circulation--Tropics--Maps.</subject><publisher>National Center for Atmospheric Research (U.S.).</publisher><scientificDivision>Atmospheric Analysis and Prediction Division.</scientificDivision><dateOfOriginal>1977</dateOfOriginal><dateItemDigitized>2005</dateItemDigitized><format>PDF File, 6249 KB</format><language>English</language><copyright>All uses of library resources, including the digitized collections, should be consistent with U.S. Copyright Law.</copyright></record>