<?xml version="1.0" ?>
<record xmlns:xsi="http://www.w3.org/2001/XMLSchema-instance" xsi:noNamespaceSchemaLocation="http://www.dls.ucar.edu/people/ostwald/Metadata/webcat/webcat-record.xsd"><recordID>TECH-NOTE-000-000-000-559</recordID><url>http://www.library.ucar.edu/uhtbin/hyperion-image/DR000559</url><title>NCAR/TN-284+IA - NCAR graphics installer's guide : Version 2.00.</title><itemType>REPORT</itemType><accessLevel>EXTENDED PUBLIC</accessLevel><accessionNum>DR000559</accessionNum><description>NCAR graphics installer's guide : Version 2.00.PDF</description><fullTitle>NCAR graphics installer's guide : Version 2.00.</fullTitle><creator>Clare, Fred</creator><subject>Mathematics -- Computer Science</subject><subject>Graphics</subject><publisher>National Center for Atmospheric Research (U.S.).</publisher><scientificDivision>Scientific Computing Division</scientificDivision><dateOfOriginal>1987</dateOfOriginal><dateItemDigitized>2003</dateItemDigitized><source>PDF 11 BkMk</source><format>PDF File, 4491</format><language>English</language><copyright>All uses of library resources, including the digitized collections, should be consistent with U.S. Copyright Law.</copyright></record>