<?xml version="1.0" ?>
<record xmlns:xsi="http://www.w3.org/2001/XMLSchema-instance" xsi:noNamespaceSchemaLocation="http://www.dls.ucar.edu/people/ostwald/Metadata/webcat/webcat-record.xsd"><recordID>TECH-NOTE-000-000-000-535</recordID><url>http://www.library.ucar.edu/uhtbin/hyperion-image/DR000535</url><title>NCAR/TN-463+STR - Scientific Description of the Sea Ice Component in the Community Climate System Model, version 3.</title><itemType>REPORT</itemType><accessLevel>EXTENDED PUBLIC</accessLevel><accessionNum>DR000535</accessionNum><description>Scientific Description of the Sea Ice Component in the Community Climate System Model, ver. 3.PDF</description><fullTitle>Scientific Description of the Sea Ice Component in the Community Climate System Model, version 3.</fullTitle><creator>Briegleb, B. P.</creator><contributor>Bitz, C. M.</contributor><contributor>Hunke, E. C.</contributor><contributor>Lipscomb, W. H.</contributor><contributor>Holland, M. M.</contributor><contributor>Schramm, J. L.</contributor><contributor>Moritz, R. E.</contributor><subject>Atmosphere-Ocean interactions.</subject><subject>Sea Ice Modelling.</subject><publisher>National Center for Atmospheric Research (U.S.).</publisher><scientificDivision>Climate and Global Dynamics Division.</scientificDivision><dateOfOriginal>2004</dateOfOriginal><dateItemDigitized>2004</dateItemDigitized><format>PDF File,</format><language>English</language><copyright>All uses of library resources, including the digitized collections, should be consistent with U.S. Copyright Law.</copyright></record>