<?xml version="1.0" ?>
<record xmlns:xsi="http://www.w3.org/2001/XMLSchema-instance" xsi:noNamespaceSchemaLocation="http://www.dls.ucar.edu/people/ostwald/Metadata/webcat/webcat-record.xsd"><recordID>TECH-NOTE-000-000-000-579</recordID><url>http://www.library.ucar.edu/uhtbin/hyperion-image/DR000579</url><title>NCAR/TN-313+STR - Position error calibration of a pressure survey aircraft using a trailing cone.</title><itemType>REPORT</itemType><accessLevel>EXTENDED PUBLIC</accessLevel><accessionNum>DR000579</accessionNum><description>Position error calibration of a pressure survey aircraft using a trailing cone.PDF</description><fullTitle>Position error calibration of a pressure survey aircraft using a trailing cone.</fullTitle><creator>Brown, Edward N.</creator><subject>Static pressure measurement</subject><subject>Trailing cone</subject><publisher>National Center for Atmospheric Research (U.S.).</publisher><scientificDivision>Atmospheric Technology Division</scientificDivision><dateOfOriginal>1988</dateOfOriginal><dateItemDigitized>2003</dateItemDigitized><source>PDF 11 BkMk</source><format>PDF File, 1452 KB</format><language>English</language><copyright>All uses of library resources, including the digitized collections, should be consistent with U.S. Copyright Law.</copyright></record>