<?xml version="1.0" ?>
<record xmlns:xsi="http://www.w3.org/2001/XMLSchema-instance" xsi:noNamespaceSchemaLocation="http://www.dls.ucar.edu/people/ostwald/Metadata/webcat/webcat-record.xsd"><recordID>TECH-NOTE-000-000-000-379</recordID><url>http://www.library.ucar.edu/uhtbin/hyperion-image/DR000379</url><title>NCAR/TN-435+STR - Introduction to adjoint techniques and the MM5 adjoint modeling system.</title><itemType>REPORT</itemType><accessLevel>EXTENDED PUBLIC</accessLevel><accessionNum>DR000379</accessionNum><description>Introduction to adjoint techniques and the MM5 adjoint modeling system.PDF</description><fullTitle>Introduction to adjoint techniques and the MM5 adjoint modeling system.</fullTitle><creator>Zou, Xiaolei</creator><contributor>Vandenberghe, F.</contributor><contributor>Pondeca, Manuel</contributor><contributor>Kuo, Y.-H.</contributor><subject>PSU/NCAR mesoscale model</subject><subject>Meteorology</subject><publisher>National Center for Atmospheric Research (U.S.).</publisher><scientificDivision>Mesoscale and Microscale Meteorology Division</scientificDivision><dateOfOriginal>1997</dateOfOriginal><dateItemDigitized>2003</dateItemDigitized><source>PDF 15 BkMk</source><format>PDF File, 5532 KB</format><language>English</language><copyright>All uses of library resources, including the digitized collections, should be consistent with U.S. Copyright Law.</copyright></record>