<?xml version="1.0" ?>
<record xmlns:xsi="http://www.w3.org/2001/XMLSchema-instance" xsi:noNamespaceSchemaLocation="http://www.dls.ucar.edu/people/ostwald/Metadata/webcat/webcat-record.xsd"><recordID>TECH-NOTE-000-000-000-423</recordID><url>http://www.library.ucar.edu/uhtbin/hyperion-image/DR000423</url><title>NCAR/TN-223+IA - Computer communications with Mauna Loa Solar Observatory.</title><itemType>REPORT</itemType><accessLevel>EXTENDED PUBLIC</accessLevel><accessionNum>DR000423</accessionNum><description>Computer communications with Mauna Loa Solar Observatory.PDF</description><fullTitle>Computer communications with Mauna Loa Solar Observatory.</fullTitle><creator>Garcia, C.</creator><contributor>Seagraves, P.</contributor><subject>Mauna Loa Observatory</subject><subject>Computer communications</subject><publisher>National Center for Atmospheric Research (U.S.).</publisher><scientificDivision>High Altitude Observatory</scientificDivision><dateOfOriginal>1983</dateOfOriginal><dateItemDigitized>2003</dateItemDigitized><source>PDF 8 BkMk</source><format>PDF File, 1342 KB</format><language>English</language><copyright>All uses of library resources, including the digitized collections, should be consistent with U.S. Copyright Law.</copyright></record>