<?xml version="1.0" ?>
<record xmlns:xsi="http://www.w3.org/2001/XMLSchema-instance" xsi:noNamespaceSchemaLocation="http://www.dls.ucar.edu/people/ostwald/Metadata/webcat/webcat-record.xsd"><recordID>TECH-NOTE-000-000-000-712</recordID><url>http://www.library.ucar.edu/uhtbin/hyperion-image/DR000712</url><title>NCAR/TN-185+PPR - Needs, opportunities and strategies for a long-term oceanic sciences satellite program.</title><itemType>REPORT</itemType><accessLevel>EXTENDED PUBLIC</accessLevel><accessionNum>DR000712</accessionNum><description>Needs, opportunities and strategies for a long-term oceanic sciences satellite program.PDF</description><fullTitle>Needs, opportunities and strategies for a long-term oceanic sciences satellite program.</fullTitle><creator>Ruttenberg, Stanley</creator><subject>Oceanic sciences.</subject><subject>Satellites.</subject><publisher>National Center for Atmospheric Research (U.S.).</publisher><dateOfOriginal>1981</dateOfOriginal><dateItemDigitized>2003</dateItemDigitized><format>PDF File, 4510 KB</format><language>English</language><copyright>All uses of library resources, including the digitized collections, should be consistent with U.S. Copyright Law.</copyright></record>