<?xml version="1.0" ?>
<record xmlns:xsi="http://www.w3.org/2001/XMLSchema-instance" xsi:noNamespaceSchemaLocation="http://www.dls.ucar.edu/people/ostwald/Metadata/webcat/webcat-record.xsd"><recordID>TECH-NOTE-000-000-000-026</recordID><url>http://www.library.ucar.edu/uhtbin/hyperion-image/DR000026</url><title>NCAR/TN-36+STR - Information on the geomagnetic data collected for the Lunar Current System Project</title><itemType>REPORT</itemType><accessLevel>EXTENDED PUBLIC</accessLevel><accessionNum>DR000026</accessionNum><description>Information on the geomagnetic data collected for the Lunar Current System Project.PDF</description><fullTitle>Information on the geomagnetic data collected for the Lunar Current System Project</fullTitle><creator>Gupta, Jagdish Chandra</creator><subject>Geomagnetism</subject><subject>Geomagnetic data</subject><subject>Terrestrial magnetism</subject><publisher>National Center for Atmospheric Research (U.S.)</publisher><scientificDivision>High Altitude Observatory</scientificDivision><dateOfOriginal>1968</dateOfOriginal><dateItemDigitized>2003</dateItemDigitized><source>ML Report 02049, 50583010045775, PDF2BkMk</source><format>PDF file, 2164 KB</format><language>English</language><copyright>All uses of library resources, including the digitized collections, should be consistent with U.S. Copyright Law.</copyright></record>