<?xml version="1.0" ?>
<record xmlns:xsi="http://www.w3.org/2001/XMLSchema-instance" xsi:noNamespaceSchemaLocation="http://www.dls.ucar.edu/people/ostwald/Metadata/webcat/webcat-record.xsd"><recordID>TECH-NOTE-000-000-000-278</recordID><url>http://www.library.ucar.edu/uhtbin/hyperion-image/DR000278</url><title>NCAR/TN-129+PROC - Summer fellowship in scientific computing / summer 1977.</title><itemType>REPORT</itemType><accessLevel>EXTENDED PUBLIC</accessLevel><accessionNum>DR000278</accessionNum><description>Summer fellowship in scientific computing / summer 1977.PDF</description><fullTitle>Summer fellowship in scientific computing / computing facility summer 1977</fullTitle><contributor>Adams, Jeanne C., editor.</contributor><contributor>Rew, Russell K., editor.</contributor><subject>Summer fellowship</subject><subject>Scientific computing</subject><publisher>National Center for Atmospheric Research (U.S.).</publisher><scientificDivision>Atmospheric Technology Division</scientificDivision><dateOfOriginal>1978</dateOfOriginal><dateItemDigitized>2003</dateItemDigitized><source>ML Report 02949, PDF5BkMk</source><format>PDF File, 9102 KB</format><language>English</language><copyright>All uses of library resources, including the digitized collections, should be consistent with U.S. Copyright Law.</copyright></record>