<?xml version="1.0" ?>
<record xmlns:xsi="http://www.w3.org/2001/XMLSchema-instance" xsi:noNamespaceSchemaLocation="http://www.dls.ucar.edu/people/ostwald/Metadata/webcat/webcat-record.xsd"><recordID>TECH-NOTE-000-000-000-179</recordID><url>http://www.library.ucar.edu/uhtbin/hyperion-image/DR000179</url><title>NCAR/TN-368+STR - Point correlations of geopotential height and temperature at 30 mb and between 500 mb and 30 mb. Pt1.</title><itemType>REPORT</itemType><accessLevel>EXTENDED PUBLIC</accessLevel><accessionNum>DR000179</accessionNum><description>Point correlations of geopotential height &amp; temperature at 30 mb &amp; between 500 mb &amp; 30 mb. Pt1.PDF</description><fullTitle>Point correlations of geopotential height and temperature at 30 mb and between 500 mb and 30 mb. Part 1.</fullTitle><creator>Shea, Dennis J.</creator><contributor>van Loon, Harry</contributor><contributor>Labitzke, Karin</contributor><subject>Atmospheric science</subject><subject>Geopotential heights and temperatures</subject><publisher>National Center for Atmospheric Research (U.S.).</publisher><scientificDivision>Climate and Global Dynamics Division.</scientificDivision><dateOfOriginal>1992</dateOfOriginal><dateItemDigitized>2003</dateItemDigitized><language>English</language><copyright>All uses of library resources, including the digitized collections, should be consistent with U.S. Copyright Law.</copyright></record>