<?xml version="1.0" ?>
<record xmlns:xsi="http://www.w3.org/2001/XMLSchema-instance" xsi:noNamespaceSchemaLocation="http://www.dls.ucar.edu/people/ostwald/Metadata/webcat/webcat-record.xsd"><recordID>TECH-NOTE-000-000-000-252</recordID><url>http://www.library.ucar.edu/uhtbin/hyperion-image/DR000252</url><title>NCAR/TN-99+IA - Scientific ballooning handbook. Part 1.</title><itemType>REPORT</itemType><accessLevel>EXTENDED PUBLIC</accessLevel><accessionNum>DR000252</accessionNum><description>Scientific ballooning handbook. Part 1.PDF</description><fullTitle>Scientific ballooning handbook. Part 1.</fullTitle><creator>Morris, Alvin L.</creator><subject>Ballooning</subject><subject>Balloon launch</subject><publisher>National Center for Atmospheric Research (U.S.)</publisher><scientificDivision>Atmospheric Technology Division</scientificDivision><dateOfOriginal>1975</dateOfOriginal><dateItemDigitized>2003</dateItemDigitized><source>PDF4BkMk</source><format>PDF File, 12,468 KB</format><language>English</language><copyright>All uses of library resources, including the digitized collections, should be consistent with U.S. Copyright Law.</copyright></record>