<?xml version="1.0" ?>
<record xmlns:xsi="http://www.w3.org/2001/XMLSchema-instance" xsi:noNamespaceSchemaLocation="http://www.dls.ucar.edu/people/ostwald/Metadata/webcat/webcat-record.xsd"><recordID>TECH-NOTE-000-000-000-043</recordID><url>http://www.library.ucar.edu/uhtbin/hyperion-image/DR000043</url><title>NCAR/TN-56+STR - Description of NCAR global circulation model</title><itemType>REPORT</itemType><accessLevel>EXTENDED PUBLIC</accessLevel><accessionNum>DR000043</accessionNum><description>Description of NCAR global circulation model.PDF</description><fullTitle>Description of NCAR global circulation model</fullTitle><creator>Oliger, Joseph E.</creator><contributor>Wellck, Robert E.</contributor><contributor>Kasahara, Akira</contributor><contributor>Washington, Warren M.</contributor><subject>Atmospheric science</subject><subject>Global circulation model</subject><publisher>National Center for Atmospheric Research (U.S.)</publisher><scientificDivision>Atmospheric Science Laboratory</scientificDivision><dateOfOriginal>1970</dateOfOriginal><dateItemDigitized>2003</dateItemDigitized><source>ML Report 02077, 50583010046260, PDF2BkMk</source><format>PDF file, 2136 KB</format><language>English</language><copyright>All uses of library resources, including the digitized collections, should be consistent with U.S. Copyright Law.</copyright></record>