<?xml version="1.0" ?>
<record xmlns:xsi="http://www.w3.org/2001/XMLSchema-instance" xsi:noNamespaceSchemaLocation="http://www.dls.ucar.edu/people/ostwald/Metadata/webcat/webcat-record.xsd"><recordID>TECH-NOTE-000-000-000-514</recordID><url>http://www.library.ucar.edu/uhtbin/hyperion-image/DR000514</url><title>NCAR/TN-261+IA - CCM modular processor users' guide (version PROCO1).</title><itemType>REPORT</itemType><accessLevel>EXTENDED PUBLIC</accessLevel><accessionNum>DR000514</accessionNum><description>CCM modular processor users' guide (version PROCO1).PDF</description><fullTitle>CCM modular processor users' guide (version PROCO1).</fullTitle><creator>Wolski, Richard J.</creator><subject>Mathematics, Computer Science</subject><subject>CCM modular processor</subject><publisher>National Center for Atmospheric Research (U.S.).</publisher><scientificDivision>Atmospheric Analysis and Prediction Division</scientificDivision><dateOfOriginal>1986</dateOfOriginal><dateItemDigitized>2003</dateItemDigitized><source>PDF 10 BkMk</source><format>PDF File, 9260 KB</format><language>English</language><copyright>All uses of library resources, including the digitized collections, should be consistent with U.S. Copyright Law.</copyright></record>