<?xml version="1.0" ?>
<record xmlns:xsi="http://www.w3.org/2001/XMLSchema-instance" xsi:noNamespaceSchemaLocation="http://www.dls.ucar.edu/people/ostwald/Metadata/webcat/webcat-record.xsd"><recordID>TECH-NOTE-000-000-000-371</recordID><url>http://www.library.ucar.edu/uhtbin/hyperion-image/DR000371</url><title>NCAR/TN-433+PROC - Harry van Loon symposium, studies in climate II. Part 1.</title><itemType>REPORT</itemType><accessLevel>EXTENDED PUBLIC</accessLevel><accessionNum>DR000371</accessionNum><description>Harry van Loon symposium, studies in climate II. Part 1.PDF.</description><fullTitle>Harry van Loon symposium, studies in climate II. Part 1.</fullTitle><subject>Climate analysis</subject><subject>Climate modeling</subject><publisher>National Center for Atmospheric Research (U.S.).</publisher><scientificDivision>Climate and Global Dynamics Division.</scientificDivision><dateOfOriginal>1997</dateOfOriginal><dateItemDigitized>2003</dateItemDigitized><source>PDF 15 BkMk</source><format>PDF File, 10,242 KB</format><language>English</language><copyright>All uses of library resources, including the digitized collections, should be consistent with U.S. Copyright Law.</copyright></record>