<?xml version="1.0" ?>
<record xmlns:xsi="http://www.w3.org/2001/XMLSchema-instance" xsi:noNamespaceSchemaLocation="http://www.dls.ucar.edu/people/ostwald/Metadata/webcat/webcat-record.xsd"><recordID>TECH-NOTE-000-000-000-262</recordID><url>http://www.library.ucar.edu/uhtbin/hyperion-image/DR000262</url><title>NCAR/TN-120+EDD - Central pacific VLF signal survey and omega wind error predictions. Part 2.</title><itemType>REPORT</itemType><accessLevel>EXTENDED PUBLIC</accessLevel><accessionNum>DR000262</accessionNum><description>Central pacific VLF signal survey and omega wind error predictions. Part 2.PDF</description><fullTitle>Central pacific VLF signal survey and omega wind error predictions. Part 2.</fullTitle><creator>Olson, Michael L.</creator><subject>Wind error predictions</subject><subject>VLF signal</subject><publisher>National Center for Atmospheric Research (U.S.).</publisher><scientificDivision>Atmospheric Technology Division</scientificDivision><dateOfOriginal>1977</dateOfOriginal><dateItemDigitized>2003</dateItemDigitized><source>ML Report 02924, PDF5BkMk</source><format>PDF File, 11,835 KB</format><language>English</language><copyright>All uses of library resources, including the digitized collections, should be consistent with U.S. Copyright Law.</copyright></record>