<?xml version="1.0" ?>
<record xmlns:xsi="http://www.w3.org/2001/XMLSchema-instance" xsi:noNamespaceSchemaLocation="http://www.dls.ucar.edu/people/ostwald/Metadata/webcat/webcat-record.xsd"><recordID>TECH-NOTE-000-000-000-033</recordID><url>http://www.library.ucar.edu/uhtbin/hyperion-image/DR000033</url><title>NCAR/TN-45+STR - Thermal analysis of balloon-borne instrument packages</title><itemType>REPORT</itemType><accessLevel>EXTENDED PUBLIC</accessLevel><accessionNum>DR000033</accessionNum><description>Thermal analysis of balloon-borne instrument packages.PDF</description><fullTitle>Thermal analysis of balloon-borne instrument packages</fullTitle><creator>Kreith, Frank</creator><contributor>Warren, John C.</contributor><subject>Balloon borne instruments</subject><subject>Thermal analysis</subject><publisher>National Center for Atmospheric Research (U.S.)</publisher><scientificDivision>Scientific Balloon Facility</scientificDivision><dateOfOriginal>1970</dateOfOriginal><dateItemDigitized>2003</dateItemDigitized><source>ML Report 02611, 50583010060295, PDF2BkMk</source><format>PDF file, 1569 KB</format><language>English</language><copyright>All uses of library resources, including the digitized collections, should be consistent with U.S. Copyright Law.</copyright></record>