<?xml version="1.0" ?>
<record xmlns:xsi="http://www.w3.org/2001/XMLSchema-instance" xsi:noNamespaceSchemaLocation="http://www.dls.ucar.edu/people/ostwald/Metadata/webcat/webcat-record.xsd"><recordID>TECH-NOTE-000-000-000-241</recordID><url>http://www.library.ucar.edu/uhtbin/hyperion-image/DR000241</url><title>NCAR/TN-98+STR - Modification of aerosol size distributions in the troposphere.</title><itemType>REPORT</itemType><accessLevel>EXTENDED PUBLIC</accessLevel><accessionNum>DR000241</accessionNum><description>Modification of aerosol size distributions in the troposphere.PDF</description><fullTitle>Modification of aerosol size distributions in the troposphere.</fullTitle><creator>Blifford, I. H.</creator><contributor>Burgmeier, J. W.</contributor><contributor>Junge, C. E.</contributor><subject>Aerosol</subject><subject>Troposphere</subject><publisher>National Center for Atmospheric Research (U.S.).</publisher><scientificDivision>Atmospheric Quality and Modification Division</scientificDivision><dateOfOriginal>1974</dateOfOriginal><dateItemDigitized>2003</dateItemDigitized><source>PDF4BkMk</source><format>PDF File, 1923 KB</format><language>English</language><copyright>All uses of library resources, including the digitized collections, should be consistent with U.S. Copyright Law.</copyright></record>