<?xml version="1.0" ?>
<record xmlns:xsi="http://www.w3.org/2001/XMLSchema-instance" xsi:noNamespaceSchemaLocation="http://www.dls.ucar.edu/people/ostwald/Metadata/webcat/webcat-record.xsd"><recordID>TECH-NOTE-000-000-000-275</recordID><url>http://www.library.ucar.edu/uhtbin/hyperion-image/DR000275</url><title>NCAR/TN-126+STR - On the weather of Venezuela: a summary report on the Venezuela experiments of 1969 and 1972.</title><itemType>REPORT</itemType><accessLevel>EXTENDED PUBLIC</accessLevel><accessionNum>DR000275</accessionNum><description>On the weather of Venezuela: a summary report on the Venezuela experiments of 1969 and 1972.PDF</description><fullTitle>On the weather of Venezuela: a summary report on the Venezuela experiments of 1969 and 1972.</fullTitle><creator>Riehl, Herbert</creator><contributor>Betts, Alan K.</contributor><contributor>Spanish translation by Martha P. de Mata</contributor><subject>Weather</subject><subject>Venezuela</subject><publisher>National Center for Atmospheric Research (U.S.).</publisher><scientificDivision>Atmospheric Analysis and prediction Division</scientificDivision><dateOfOriginal>1977</dateOfOriginal><dateItemDigitized>2003</dateItemDigitized><source>ML Report 02942, PDF5BkMk</source><format>PDF File, 2731 KB</format><language>English</language><language>Spanish</language><copyright>All uses of library resources, including the digitized collections, should be consistent with U.S. Copyright Law.</copyright></record>