<?xml version="1.0" ?>
<record xmlns:xsi="http://www.w3.org/2001/XMLSchema-instance" xsi:noNamespaceSchemaLocation="http://www.dls.ucar.edu/people/ostwald/Metadata/webcat/webcat-record.xsd"><recordID>TECH-NOTE-000-000-000-355</recordID><url>http://www.library.ucar.edu/uhtbin/hyperion-image/DR000355</url><title>NCAR/TN-201+STR - Atlas of simultaneous occurrence of different cloud types over the ocean.</title><itemType>REPORT</itemType><accessLevel>EXTENDED PUBLIC</accessLevel><accessionNum>DR000355</accessionNum><description>Atlas of simultaneous occurrence of different cloud types over the ocean.PDF</description><fullTitle>Atlas of simultaneous occurrence of different cloud types over the ocean.</fullTitle><creator>Hahn, C. J.</creator><contributor>Warren, S. G.</contributor><contributor>London, J.</contributor><contributor>Chervin, R. M.</contributor><contributor>Jenne, R.</contributor><subject>Atmosheric science</subject><subject>Cloud</subject><subject>Ocean</subject><publisher>National Center for Atmospheric Research (U.S.).</publisher><scientificDivision>Atmosheric Analysis and Prediction Division</scientificDivision><dateOfOriginal>1982</dateOfOriginal><dateItemDigitized>2003</dateItemDigitized><source>PDF 7BkMk</source><format>PDF File, 10,581KB</format><language>English</language><copyright>All uses of library resources, including the digitized collections, should be consistent with U.S. Copyright Law.</copyright></record>