<?xml version="1.0" ?>
<record xmlns:xsi="http://www.w3.org/2001/XMLSchema-instance" xsi:noNamespaceSchemaLocation="http://www.dls.ucar.edu/people/ostwald/Metadata/webcat/webcat-record.xsd"><recordID>TECH-NOTE-000-000-000-207</recordID><url>http://www.library.ucar.edu/uhtbin/hyperion-image/DR000207</url><title>NCAR/TN-89+STR - Ascent reference manual</title><itemType>REPORT</itemType><accessLevel>EXTENDED PUBLIC</accessLevel><accessionNum>DR000207</accessionNum><description>Ascent reference manual.PDF</description><fullTitle>Ascent reference manual.</fullTitle><creator>Adams, J. C.</creator><contributor>Rotar, P. A.</contributor><subject>ASCENT language</subject><subject>Reference manual</subject><publisher>National Center for Atmospheric Research (U.S.)</publisher><scientificDivision>Scientific Computing Division</scientificDivision><dateOfOriginal>1972</dateOfOriginal><dateItemDigitized>2003</dateItemDigitized><source>PDF 4 BkMk</source><format>PDF File, 8761 KB</format><language>English</language><copyright>All uses of library resources, including the digitized collections, should be consistent with U.S. Copyright Law.</copyright></record>