<?xml version="1.0" ?>
<record xmlns:xsi="http://www.w3.org/2001/XMLSchema-instance" xsi:noNamespaceSchemaLocation="http://www.dls.ucar.edu/people/ostwald/Metadata/webcat/webcat-record.xsd"><recordID>TECH-NOTE-000-000-000-273</recordID><url>http://www.library.ucar.edu/uhtbin/hyperion-image/DR000273</url><title>NCAR/TN-124+IA - The NCAR terabit memory system.</title><itemType>REPORT</itemType><accessLevel>EXTENDED PUBLIC</accessLevel><accessionNum>DR000273</accessionNum><description>The NCAR terabit memory system.PDF</description><fullTitle>The NCAR terabit memory system.</fullTitle><contributor>O'Lear, Bernard T.</contributor><contributor>Rotar, Paul A.</contributor><subject>Terabit memory system</subject><subject>Computer language</subject><publisher>National Center for Atmospheric Research (U.S.).</publisher><scientificDivision>Atmospheric Technology Division</scientificDivision><dateOfOriginal>1978</dateOfOriginal><dateItemDigitized>2003</dateItemDigitized><source>PDF5BkMk</source><format>PDF File, 7841 KB</format><language>English</language><copyright>All uses of library resources, including the digitized collections, should be consistent with U.S. Copyright Law.</copyright></record>