<?xml version="1.0" ?>
<record xmlns:xsi="http://www.w3.org/2001/XMLSchema-instance" xsi:noNamespaceSchemaLocation="http://www.dls.ucar.edu/people/ostwald/Metadata/webcat/webcat-record.xsd"><recordID>TECH-NOTE-000-000-000-269</recordID><url>http://www.library.ucar.edu/uhtbin/hyperion-image/DR000269</url><title>NCAR/TN-117+IA - NCAR general circulation model (GCM) history tape formats and anomalies.</title><itemType>REPORT</itemType><accessLevel>EXTENDED PUBLIC</accessLevel><accessionNum>DR000269</accessionNum><description>NCAR general circulation model (GCM) history tape formats and anomalies.PDF</description><fullTitle>NCAR general circulation model (GCM) history tape formats and anomalies.</fullTitle><creator>Hastings, Jordan T.</creator><contributor>Cowley, Ann D.</contributor><subject>GCM</subject><subject>Tape formats</subject><publisher>National Center for Atmospheric Research (U.S.).</publisher><scientificDivision>Atmospheric Analysis and Prediction Division</scientificDivision><dateOfOriginal>1976</dateOfOriginal><dateItemDigitized>2003</dateItemDigitized><source>PDF5BkMk</source><format>PDF File, 1543 KB</format><language>English</language><copyright>All uses of library resources, including the digitized collections, should be consistent with U.S. Copyright Law.</copyright></record>