<?xml version="1.0" ?>
<record xmlns:xsi="http://www.w3.org/2001/XMLSchema-instance" xsi:noNamespaceSchemaLocation="http://www.dls.ucar.edu/people/ostwald/Metadata/webcat/webcat-record.xsd"><recordID>TECH-NOTE-000-000-000-334</recordID><url>http://www.library.ucar.edu/uhtbin/hyperion-image/DR000334</url><title>NCAR/TN-181+IA - NCAR local network.</title><itemType>REPORT</itemType><accessLevel>EXTENDED PUBLIC</accessLevel><accessionNum>DR000334</accessionNum><description>NCAR local network.PDF</description><fullTitle>NCAR local network.</fullTitle><creator>Poppe, Herb</creator><contributor>Besen, Linda C., editor</contributor><contributor>McArthur, G. R., editor</contributor><subject>NCAR Local Network</subject><subject>Mathematics</subject><subject>Computer Science</subject><scientificDivision>Scientific Computing Division</scientificDivision><dateOfOriginal>1981</dateOfOriginal><dateItemDigitized>2003</dateItemDigitized><source>PDF 7 BkMk</source><format>PDF File, 3164</format><language>English</language><copyright>All uses of library resources, including the digitized collections, should be consistent with U.S. Copyright Law.</copyright></record>