<?xml version="1.0" ?>
<record xmlns:xsi="http://www.w3.org/2001/XMLSchema-instance" xsi:noNamespaceSchemaLocation="http://www.dls.ucar.edu/people/ostwald/Metadata/webcat/webcat-record.xsd"><recordID>TECH-NOTE-000-000-000-383</recordID><url>http://www.library.ucar.edu/uhtbin/hyperion-image/DR000383</url><title>NCAR/TN-440+EDD - Description of SOCRATES-a chemical dynamical radiative two-dimensional model.</title><itemType>REPORT</itemType><accessLevel>EXTENDED PUBLIC</accessLevel><accessionNum>DR000383</accessionNum><description>Description of SOCRATES-a chemical dynamical radiative two-dimensional model.PDF</description><fullTitle>Description of SOCRATES-a chemical dynamical radiative two-dimensional model.</fullTitle><creator>Huang, Theresa</creator><contributor>Walters, Stacy</contributor><contributor>Brasseur, Guy</contributor><contributor>Hauglustaine, Didier</contributor><contributor>Wu, Wanli</contributor><contributor>Chabrillat, Simon</contributor><contributor>Xuexi, Tie</contributor><contributor>Granier, Claire</contributor><contributor>Smith, Anne</contributor><contributor>Kockarts, Gaston</contributor><subject>Numerical algorithm</subject><subject>SOCRATES</subject><publisher>National Center for Atmospheric Research (U.S.).</publisher><scientificDivision>Atmospheric Chemistry Division</scientificDivision><dateOfOriginal>1998</dateOfOriginal><dateItemDigitized>2003</dateItemDigitized><source>PDF 15 BkMk</source><format>PDF File, 4697 KB</format><language>English</language><copyright>All uses of library resources, including the digitized collections, should be consistent with U.S. Copyright Law.</copyright></record>