<?xml version="1.0" ?>
<record xmlns:xsi="http://www.w3.org/2001/XMLSchema-instance" xsi:noNamespaceSchemaLocation="http://www.dls.ucar.edu/people/ostwald/Metadata/webcat/webcat-record.xsd"><recordID>TECH-NOTE-000-000-000-834</recordID><url>http://www.library.ucar.edu/uhtbin/hyperion-image/DR000834</url><title>NCAR/TN-470+STR : Low energy auroral electron and ion hemispheric power after NOAA and DMSP intersatellite adjustments</title><itemType>REPORT</itemType><accessLevel>EXTENDED PUBLIC</accessLevel><accessionNum>DR000834</accessionNum><description>NCAR TN 470.jpg</description><fullTitle>NCAR/TN-470+STR : Low energy auroral electron and ion hemispheric power after NOAA and DMSP intersatellite adjustments by Barbara A. Emery, David S. Evans, M. Sue Greer, Ernest Holeman, Katharine Kadinsky-Cade, Frederick J. Rich, Weibin Xu.</fullTitle><creator>Emery, Barbara A.</creator><contributor>Evans, David S.</contributor><contributor>Greer, M. Sue</contributor><contributor>Holeman, Ernest</contributor><contributor>Kadinsky-Cade, Katharine</contributor><contributor>Rich, Frederick J.</contributor><contributor>Xu, Weibin</contributor><subject>Electron hemispheric power</subject><publisher>National Center for Atmospheric Research (U.S.).</publisher><scientificDivision>High Altitude Observatory</scientificDivision><dateOfOriginal>2006</dateOfOriginal><dateItemDigitized>2006</dateItemDigitized><date>2006</date><format>PDF File, 2990 KB</format><language>English</language><copyright>All uses of library resources, including the digitized collections, should be consistent with U.S. Copyright Law.</copyright></record>