<?xml version="1.0" ?>
<record xmlns:xsi="http://www.w3.org/2001/XMLSchema-instance" xsi:noNamespaceSchemaLocation="http://www.dls.ucar.edu/people/ostwald/Metadata/webcat/webcat-record.xsd"><recordID>TECH-NOTE-000-000-000-047</recordID><url>http://www.library.ucar.edu/uhtbin/hyperion-image/DR000047</url><title>NCAR/TN-62+IA - 6600/7600 Primer</title><itemType>REPORT</itemType><accessLevel>EXTENDED PUBLIC</accessLevel><accessionNum>DR000047</accessionNum><description>6600/7600 Primer.PDF</description><fullTitle>6600/7600 Primer</fullTitle><creator>Adams, J. C.</creator><subject>Control data 6600 computer</subject><subject>Control data 7600 computer</subject><publisher>National Center for Atmospheric Research (U.S.)</publisher><scientificDivision>Atmospheric Technology Division</scientificDivision><dateOfOriginal>1974</dateOfOriginal><dateItemDigitized>2003</dateItemDigitized><source>ML Report 03008, 50583010069270, PDF2BkMk</source><format>PDF File, 6626 KB</format><language>English</language><copyright>All uses of library resources, including the digitized collections, should be consistent with U.S. Copyright Law.</copyright></record>