<?xml version="1.0" ?>
<record xmlns:xsi="http://www.w3.org/2001/XMLSchema-instance" xsi:noNamespaceSchemaLocation="http://www.dls.ucar.edu/people/ostwald/Metadata/webcat/webcat-record.xsd"><recordID>TECH-NOTE-000-000-000-378</recordID><url>http://www.library.ucar.edu/uhtbin/hyperion-image/DR000378</url><title>NCAR/TN-432+PPR - ARPA/NASA/NSF CO-OP 3D Project: an exp. in distributed supercomputing &amp; satellite networking</title><itemType>REPORT</itemType><accessLevel>EXTENDED PUBLIC</accessLevel><accessionNum>DR000378</accessionNum><description>ARPA/NASA/NSF CO-OP 3D Project: an exp. in distributed supercomputing &amp; satellite networking.PDF</description><fullTitle>The ARPA/NASA/NSF CO-OP 3D Project: an experiment in distributed supercomputing and satellite networking.</fullTitle><creator>Boyd, William S.</creator><contributor>Powers, Jordan G.</contributor><subject>Supercomputing</subject><publisher>National Center for Atmospheric Research (U.S.).</publisher><scientificDivision>Mesoscale and Microscale Meteorology Division.</scientificDivision><dateOfOriginal>1997</dateOfOriginal><dateItemDigitized>2003</dateItemDigitized><source>PDF 15 BkMk</source><format>PDF File, 2141 KB</format><language>English</language><copyright>All uses of library resources, including the digitized collections, should be consistent with U.S. Copyright Law.</copyright></record>