<?xml version="1.0" ?>
<record xmlns:xsi="http://www.w3.org/2001/XMLSchema-instance" xsi:noNamespaceSchemaLocation="http://www.dls.ucar.edu/people/ostwald/Metadata/webcat/webcat-record.xsd"><recordID>TECH-NOTE-000-000-000-235</recordID><url>http://www.library.ucar.edu/uhtbin/hyperion-image/DR000235</url><title>NCAR/TN-424+STR - The NCAR CSM flux coupler.</title><itemType>REPORT</itemType><accessLevel>EXTENDED PUBLIC</accessLevel><accessionNum>DR000235</accessionNum><description>The NCAR CSM flux coupler.PDF</description><fullTitle>The NCAR CSM flux coupler.</fullTitle><creator>Bryan, Frank O.</creator><contributor>Kauffman, Brian G.</contributor><contributor>Large, William G.</contributor><contributor>Gent, Peter R.</contributor><subject>Sea ice model</subject><subject>Climate model system</subject><publisher>National Center for Atmospheric Research (U.S.).</publisher><scientificDivision>Climate and Global Dynamics Division</scientificDivision><dateOfOriginal>1996</dateOfOriginal><dateItemDigitized>2003</dateItemDigitized><source>PDF 14 BkMk</source><format>PDF File, 3180 KB</format><language>English</language><copyright>All uses of library resources, including the digitized collections, should be consistent with U.S. Copyright Law.</copyright></record>