<?xml version="1.0" ?>
<record xmlns:xsi="http://www.w3.org/2001/XMLSchema-instance" xsi:noNamespaceSchemaLocation="http://www.dls.ucar.edu/people/ostwald/Metadata/webcat/webcat-record.xsd"><recordID>TECH-NOTE-000-000-000-563</recordID><url>http://www.library.ucar.edu/uhtbin/hyperion-image/DR000563</url><title>NCAR/TN-289+IA - Introduction to the CCM modular processor. Version PROC02.</title><itemType>REPORT</itemType><accessLevel>EXTENDED PUBLIC</accessLevel><accessionNum>DR000563</accessionNum><description>Introduction to the CCM modular processor. Version PROC02.PDF</description><fullTitle>Introduction to the CCM modular processor. Version PROC02.</fullTitle><creator>Dias, Michael A.</creator><subject>National Center for Atmospheric Research (U.S.).</subject><subject>CCM modular processor</subject><publisher>National Center for Atmospheric Research (U.S.).</publisher><scientificDivision>Climate and Global Dynamics Division</scientificDivision><dateOfOriginal>1987</dateOfOriginal><dateItemDigitized>2003</dateItemDigitized><source>PDF 11 BkMk</source><format>PDF File, 2490 KB</format><language>English</language><copyright>All uses of library resources, including the digitized collections, should be consistent with U.S. Copyright Law.</copyright></record>