<?xml version="1.0" ?>
<record xmlns:xsi="http://www.w3.org/2001/XMLSchema-instance" xsi:noNamespaceSchemaLocation="http://www.dls.ucar.edu/people/ostwald/Metadata/webcat/webcat-record.xsd"><recordID>TECH-NOTE-000-000-000-270</recordID><url>http://www.library.ucar.edu/uhtbin/hyperion-image/DR000270</url><title>NCAR/TN-116+IA - Approximate methods of calculating transmission by bands of spectral lines.</title><itemType>REPORT</itemType><accessLevel>EXTENDED PUBLIC</accessLevel><accessionNum>DR000270</accessionNum><description>Approximate methods of calculating transmission by bands of spectral lines.PDF</description><fullTitle>Approximate methods of calculating transmission by bands of spectral lines.</fullTitle><creator>Rodgers, C.D.</creator><subject>Molecular gases</subject><subject>Planetary atmospheres</subject><publisher>National Center for Atmospheric Research (U.S.).</publisher><scientificDivision>Advanced Study Program</scientificDivision><dateOfOriginal>1976</dateOfOriginal><dateItemDigitized>2003</dateItemDigitized><source>ML Report 02858, PDF5BkMk</source><format>PDF File, 1630 KB</format><language>English</language><copyright>All uses of library resources, including the digitized collections, should be consistent with U.S. Copyright Law.</copyright></record>