<?xml version="1.0" ?>
<record xmlns:xsi="http://www.w3.org/2001/XMLSchema-instance" xsi:noNamespaceSchemaLocation="http://www.dls.ucar.edu/people/ostwald/Metadata/webcat/webcat-record.xsd"><recordID>TECH-NOTE-000-000-000-822</recordID><url>http://www.library.ucar.edu/uhtbin/hyperion-image/DR000822</url><title>NCAR/TN-471+EDD : The Ophir Air Temperature Radiometer</title><itemType>REPORT</itemType><accessLevel>EXTENDED PUBLIC</accessLevel><accessionNum>DR000822</accessionNum><description>NCAR TN 471.jpg</description><fullTitle>NCAR/TN-471+EDD : The Ophir Air Temperature Radiometer by Stuart Beaton</fullTitle><creator>Beaton, Stuart</creator><subject>Air temperature radiometer</subject><subject>Atmospheric temperature</subject><publisher>National Center for Atmospheric Research (U.S.).</publisher><scientificDivision>Research Aviation Facility. Earth Observing Laboratory.</scientificDivision><dateOfOriginal>2006</dateOfOriginal><dateItemDigitized>2006</dateItemDigitized><format>PDF File, 969 KB</format><language>English</language><copyright>All uses of library resources, including the digitized collections, should be consistent with U.S. Copyright Law.</copyright></record>