<?xml version="1.0" ?>
<record xmlns:xsi="http://www.w3.org/2001/XMLSchema-instance" xsi:noNamespaceSchemaLocation="http://www.dls.ucar.edu/people/ostwald/Metadata/webcat/webcat-record.xsd"><recordID>TECH-NOTE-000-000-000-274</recordID><url>http://www.library.ucar.edu/uhtbin/hyperion-image/DR000274</url><title>NCAR/TN-125+!A - An introduction to the NCAR data storage system.</title><itemType>REPORT</itemType><accessLevel>EXTENDED PUBLIC</accessLevel><accessionNum>DR000274</accessionNum><description>An introduction to the NCAR data storage system.PDF</description><fullTitle>An introduction to the NCAR data storage system.</fullTitle><creator>Adams, Jeanne</creator><contributor>Aitken, Gary</contributor><contributor>Domenico, Ben</contributor><contributor>Fulker, Dave</contributor><contributor>Valent, Dick</contributor><subject>Data storage</subject><subject>Data structures</subject><publisher>National Center for Atmospheric Research (U.S.).</publisher><scientificDivision>Atmospheric Technology Division</scientificDivision><dateOfOriginal>1977</dateOfOriginal><dateItemDigitized>2003</dateItemDigitized><source>PDF5BkMk</source><format>PDF File, 2282 KB</format><language>English</language><copyright>All uses of library resources, including the digitized collections, should be consistent with U.S. Copyright Law.</copyright></record>