<?xml version="1.0" ?>
<record xmlns:xsi="http://www.w3.org/2001/XMLSchema-instance" xsi:noNamespaceSchemaLocation="http://www.dls.ucar.edu/people/ostwald/Metadata/webcat/webcat-record.xsd"><recordID>TECH-NOTE-000-000-000-272</recordID><url>http://www.library.ucar.edu/uhtbin/hyperion-image/DR000272</url><title>NCAR/TN-121+STR - The delta-Eddington approximation for a vertically inhomogeneous atmosphere.</title><itemType>REPORT</itemType><accessLevel>EXTENDED PUBLIC</accessLevel><accessionNum>DR000272</accessionNum><description>The delta-Eddington approximation for a vertically inhomogeneous atmosphere.PDF</description><fullTitle>The delta-Eddington approximation for a vertically inhomogeneous atmosphere.</fullTitle><creator>Wiscombe, Warren. J.</creator><subject>Computer codes</subject><subject>Mathematics</subject><subject>Computer Science</subject><publisher>National Center for Atmospheric Research (U.S.).</publisher><scientificDivision>Atmospheric Analysis and Prediction Division</scientificDivision><dateOfOriginal>1977</dateOfOriginal><dateItemDigitized>2003</dateItemDigitized><source>ML Report 02928, PDF5BkMk</source><format>PDF File, 2504 KB</format><language>English</language><copyright>All uses of library resources, including the digitized collections, should be consistent with U.S. Copyright Law.</copyright></record>