<?xml version="1.0" ?>
<record xmlns:xsi="http://www.w3.org/2001/XMLSchema-instance" xsi:noNamespaceSchemaLocation="http://www.dls.ucar.edu/people/ostwald/Metadata/webcat/webcat-record.xsd"><recordID>TECH-NOTE-000-000-000-054</recordID><url>http://www.library.ucar.edu/uhtbin/hyperion-image/DR000054</url><title>NCAR/TN-64-2+PPR - Meso-micrometeorological requirements for the atmospheric sciences.</title><itemType>REPORT</itemType><accessLevel>EXTENDED PUBLIC</accessLevel><accessionNum>DR000054</accessionNum><description>Meso-micrometeorological requirements for the atmospheric sciences.PDF</description><fullTitle>Meso-micrometeorological requirements for the atmospheric sciences.</fullTitle><creator>Panofsky, Hans A.</creator><contributor>Barad, Morton L.</contributor><contributor>Businger, Joost A.</contributor><contributor>Fujita, Tetsuya</contributor><contributor>Lanterman, Jr., William S.</contributor><contributor>Lettau, Heinz</contributor><contributor>Pack, Donald H.</contributor><contributor>Swingle, Donald M.</contributor><contributor>Palmer, Jr., Charles A.</contributor><subject>Atmospheric sciences</subject><subject>Micrometeorology</subject><subject>Mesometeorology</subject><publisher>National Center for Atmospheric Research (U.S.)</publisher><scientificDivision>Atmospheric Technology Division</scientificDivision><dateOfOriginal>1964</dateOfOriginal><dateItemDigitized>2003</dateItemDigitized><source>PDF3-BkMk</source><format>PDF File, 734 KB</format><language>English</language><copyright>All uses of library resources, including the digitized collections, should be consistent with U.S. Copyright Law.</copyright></record>