<?xml version="1.0" ?>
<record xmlns:xsi="http://www.w3.org/2001/XMLSchema-instance" xsi:noNamespaceSchemaLocation="http://www.dls.ucar.edu/people/ostwald/Metadata/webcat/webcat-record.xsd"><recordID>TECH-NOTE-000-000-000-569</recordID><url>http://www.library.ucar.edu/uhtbin/hyperion-image/DR000569</url><title>NCAR/TN-297+STR - Table: solar activity assoc. w/ coronal mass ejections obs. by SMM coronagraph/polarimeter 1980.</title><itemType>REPORT</itemType><accessLevel>EXTENDED PUBLIC</accessLevel><accessionNum>DR000569</accessionNum><description>Table: solar activity assoc. w/ coronal mass ejections obs. by SMM coronagraph/polarimeter 1980.PDF</description><fullTitle>Table of solar activity associated with coronal mass ejections observed by the SMM coronagraph/polarimeter in 1980.</fullTitle><creator>Webb, David F.</creator><subject>Astrophysics</subject><subject>Solar Corona</subject><publisher>National Center for Atmospheric Research (U.S.).</publisher><scientificDivision>High Altitude Observatory</scientificDivision><dateOfOriginal>1987</dateOfOriginal><dateItemDigitized>2003</dateItemDigitized><source>PDF 11 BkMk</source><format>PDF File, 1014 KB</format><language>English</language><copyright>All uses of library resources, including the digitized collections, should be consistent with U.S. Copyright Law.</copyright></record>