<?xml version="1.0" ?>
<record xmlns:xsi="http://www.w3.org/2001/XMLSchema-instance" xsi:noNamespaceSchemaLocation="http://www.dls.ucar.edu/people/ostwald/Metadata/webcat/webcat-record.xsd"><recordID>TECH-NOTE-000-000-000-169</recordID><url>http://www.library.ucar.edu/uhtbin/hyperion-image/DR000169</url><title>NCAR/TN-359+STR - Uncertainty anal. of a radome flush orifice air motion sys.: measurement of aircraft incident angles.</title><itemType>REPORT</itemType><accessLevel>EXTENDED PUBLIC</accessLevel><accessionNum>DR000169</accessionNum><description>Uncertainty analysis of a radome flush orifice air motion system.PDF</description><fullTitle>Uncertainty analysis of a radome flush orifice air motion system for the measurement of aircraft incident angles.</fullTitle><creator>Brown, Edward N.</creator><subject>Engineering technology</subject><subject>Research aircraft</subject><subject>Wind angles</subject><publisher>National Center for Atmospheric Research (U.S.).</publisher><scientificDivision>Atmospheric Technology Division</scientificDivision><dateOfOriginal>1991</dateOfOriginal><dateItemDigitized>2003</dateItemDigitized><source>PDF 12 BkMk</source><format>PDF File, 1367</format><language>English</language><copyright>All uses of library resources, including the digitized collections, should be consistent with U.S. Copyright Law.</copyright></record>