<?xml version="1.0" ?>
<record xmlns:xsi="http://www.w3.org/2001/XMLSchema-instance" xsi:noNamespaceSchemaLocation="http://www.dls.ucar.edu/people/ostwald/Metadata/webcat/webcat-record.xsd"><recordID>TECH-NOTE-000-000-000-496</recordID><url>http://www.library.ucar.edu/uhtbin/hyperion-image/DR000496</url><title>NCAR/TN-240+IA - An overview of the Scientific Computing Division.</title><itemType>REPORT</itemType><accessLevel>EXTENDED PUBLIC</accessLevel><accessionNum>DR000496</accessionNum><description>An overview of the Scientific Computing Division.PDF</description><fullTitle>An overview of the Scientific Computing Division.</fullTitle><contributor>Nicol, Robert, editor.</contributor><contributor>McArthur, Greg, assistant editor.</contributor><subject>Scientific computing</subject><publisher>National Center for Atmospheric Research (U.S.).</publisher><scientificDivision>Scientific Computing Division</scientificDivision><dateOfOriginal>1984</dateOfOriginal><dateItemDigitized>2003</dateItemDigitized><source>PDF 10 BkMk</source><format>PDF File, 3533 KB</format><language>English</language><copyright>All uses of library resources, including the digitized collections, should be consistent with U.S. Copyright Law.</copyright></record>