<?xml version="1.0" ?>
<record xmlns:xsi="http://www.w3.org/2001/XMLSchema-instance" xsi:noNamespaceSchemaLocation="http://www.dls.ucar.edu/people/ostwald/Metadata/webcat/webcat-record.xsd"><recordID>TECH-NOTE-000-000-000-450</recordID><url>http://www.library.ucar.edu/uhtbin/hyperion-image/DR000450</url><title>NCAR/TN-269+STR - Climat. atlas:1950-79 surf. air temp., precip., sea-lvl pressure, &amp; sea-surf. temp. (45 S-90 N). Pt.7.</title><itemType>REPORT</itemType><accessLevel>EXTENDED PUBLIC</accessLevel><accessionNum>DR000450</accessionNum><description>Climat. atlas:1950-79 surf. air temp, precip, sea-lvl press, &amp; sea-surf. temp. (45 S-90 N). Pt.7.PDF</description><fullTitle>Climatological atlas: 1950-1979 surface air temperature, precipitation, sea-level pressure, and sea-surface temperature (45 S-90 N). Part 7.</fullTitle><creator>Shea, Dennis J.</creator><subject>Temperature</subject><subject>Pressure</subject><subject>Precipitation</subject><publisher>National Center for Atmospheric Research (U.S.).</publisher><scientificDivision>Atmospheric Analysis and Prediction Division</scientificDivision><dateOfOriginal>1986</dateOfOriginal><dateItemDigitized>2003</dateItemDigitized><source>PDF 16 BkMk</source><format>PDF File, 10,416 KB</format><language>English</language><copyright>All uses of library resources, including the digitized collections, should be consistent with U.S. Copyright Law.</copyright></record>