<?xml version="1.0" ?>
<record xmlns:xsi="http://www.w3.org/2001/XMLSchema-instance" xsi:noNamespaceSchemaLocation="http://www.dls.ucar.edu/people/ostwald/Metadata/webcat/webcat-record.xsd"><recordID>TECH-NOTE-000-000-000-512</recordID><url>http://www.library.ucar.edu/uhtbin/hyperion-image/DR000512</url><title>NCAR/TN-259+IA - User guide to a particle-growth &amp; trajectory model (using 1-D and 3-D wind fields).</title><itemType>REPORT</itemType><accessLevel>EXTENDED PUBLIC</accessLevel><accessionNum>DR000512</accessionNum><description>User guide to a particle-growth &amp; trajectory model (using 1-D and 3-D wind fields).PDF</description><fullTitle>A user guide to a particle-growth and trajectory model (using one-dimensional and three-dimensional wind fields.</fullTitle><creator>Parrish, J. L.</creator><contributor>Heymsfield, A. J.</contributor><subject>GROW</subject><subject>Wind fields</subject><publisher>National Center for Atmospheric Research (U.S.).</publisher><scientificDivision>Convective Storms Division</scientificDivision><dateOfOriginal>1985</dateOfOriginal><dateItemDigitized>2003</dateItemDigitized><source>PDF 10 BkMk</source><format>PDF File, 2796 KB</format><language>English</language><copyright>All uses of library resources, including the digitized collections, should be consistent with U.S. Copyright Law.</copyright></record>