<?xml version="1.0" ?>
<record xmlns:xsi="http://www.w3.org/2001/XMLSchema-instance" xsi:noNamespaceSchemaLocation="http://www.dls.ucar.edu/people/ostwald/Metadata/webcat/webcat-record.xsd"><recordID>TECH-NOTE-000-000-000-340</recordID><url>http://www.library.ucar.edu/uhtbin/hyperion-image/DR000340</url><title>NCAR/TN-186+STR - Normal modes of an atmospheric prediction model.</title><itemType>REPORT</itemType><accessLevel>EXTENDED PUBLIC</accessLevel><accessionNum>DR000340</accessionNum><description>Normal modes of an atmospheric prediction model.PDF</description><fullTitle>Normal modes of an atmospheric prediction model.</fullTitle><creator>Sethian, James A.</creator><contributor>Durran, Dale</contributor><contributor>Dee, Dick</contributor><contributor>Williamson, David L.</contributor><subject>S-S model</subject><subject>Normal mode analysis</subject><publisher>National Center for Atmospheric Research (U.S.).</publisher><scientificDivision>Atmospheric Analysis and Prediction Division</scientificDivision><dateOfOriginal>1981</dateOfOriginal><dateItemDigitized>2003</dateItemDigitized><source>PDF 7 BkMk</source><format>PDF File, 1181KB</format><language>English</language><copyright>All uses of library resources, including the digitized collections, should be consistent with U.S. Copyright Law.</copyright></record>