<?xml version="1.0" ?>
<record xmlns:xsi="http://www.w3.org/2001/XMLSchema-instance" xsi:noNamespaceSchemaLocation="http://www.dls.ucar.edu/people/ostwald/Metadata/webcat/webcat-record.xsd"><recordID>TECH-NOTE-000-000-000-562</recordID><url>http://www.library.ucar.edu/uhtbin/hyperion-image/DR000562</url><title>NCAR/TN-288+IA - Documentation of radiation and cloud routines in the NCAR community climate model (CCM1).</title><itemType>REPORT</itemType><accessLevel>EXTENDED PUBLIC</accessLevel><accessionNum>DR000562</accessionNum><description>Documentation of radiation and cloud routines in the NCAR community climate model (CCM1).PDF</description><fullTitle>Documentation of radiation and cloud routines in the NCAR community climate model (CCM1).</fullTitle><creator>Kiehl, Jeffrey T.</creator><contributor>Wolski, Richard J.</contributor><contributor>Briegleb, Bruce P.</contributor><contributor>Ramanthan, Veerabhadran</contributor><subject>CCM1</subject><subject>Radiation</subject><subject>Cloud</subject><publisher>National Center for Atmospheric Research (U.S.).</publisher><scientificDivision>Climate and Global Dynamics Division</scientificDivision><dateOfOriginal>1987</dateOfOriginal><dateItemDigitized>2003</dateItemDigitized><source>PDF 11 BkMk</source><format>PDF File, 4049 KB</format><language>English</language><copyright>All uses of library resources, including the digitized collections, should be consistent with U.S. Copyright Law.</copyright></record>