<?xml version="1.0" ?>
<record xmlns:xsi="http://www.w3.org/2001/XMLSchema-instance" xsi:noNamespaceSchemaLocation="http://www.dls.ucar.edu/people/ostwald/Metadata/webcat/webcat-record.xsd"><recordID>TECH-NOTE-000-000-000-504</recordID><url>http://www.library.ucar.edu/uhtbin/hyperion-image/DR000504</url><title>NCAR/TN-252+STR - The marine boundary layer, from air-sea interface to inversion.</title><itemType>REPORT</itemType><accessLevel>EXTENDED PUBLIC</accessLevel><accessionNum>DR000504</accessionNum><description>The marine boundary layer, from air-sea interface to inversion.PDF</description><fullTitle>The marine boundary layer, from air-sea interface to inversion.</fullTitle><creator>Businger, J. A.</creator><subject>Marine boundary layer</subject><publisher>National Center for Atmospheric Research (U.S.).</publisher><scientificDivision>Atmospheric Technology Division</scientificDivision><dateOfOriginal>1985</dateOfOriginal><dateItemDigitized>2003</dateItemDigitized><source>PDF 10 BkMk</source><format>PDF File, 4456 KB</format><language>English</language><copyright>All uses of library resources, including the digitized collections, should be consistent with U.S. Copyright Law.</copyright></record>