<?xml version="1.0" ?>
<record xmlns:xsi="http://www.w3.org/2001/XMLSchema-instance" xsi:noNamespaceSchemaLocation="http://www.dls.ucar.edu/people/ostwald/Metadata/webcat/webcat-record.xsd"><recordID>TECH-NOTE-000-000-000-425</recordID><url>http://www.library.ucar.edu/uhtbin/hyperion-image/DR000425</url><title>NCAR/TN-226+IA - The CRAY-1 computers: a guide to supercomputing at NCAR.</title><itemType>REPORT</itemType><accessLevel>EXTENDED PUBLIC</accessLevel><accessionNum>DR000425</accessionNum><description>The CRAY-1 computers: a guide to supercomputing at NCAR.PDF</description><fullTitle>The CRAY-1 computers: a guide to supercomputing at NCAR.</fullTitle><creator>McArthur, Greg, managing editor.</creator><contributor>Nicol, Bob, assistant managing editor.</contributor><subject>Cray-1 computer</subject><subject>Supercomputing</subject><publisher>National Center for Atmospheric Research (U.S.).</publisher><scientificDivision>Scientific Computing Division</scientificDivision><dateOfOriginal>1985</dateOfOriginal><dateItemDigitized>2003</dateItemDigitized><source>PDF 8 BkMk</source><format>PDF File, 11,475 KB</format><language>English</language><copyright>All uses of library resources, including the digitized collections, should be consistent with U.S. Copyright Law.</copyright></record>