<?xml version="1.0" ?>
<record xmlns:xsi="http://www.w3.org/2001/XMLSchema-instance" xsi:noNamespaceSchemaLocation="http://www.dls.ucar.edu/people/ostwald/Metadata/webcat/webcat-record.xsd"><recordID>TECH-NOTE-000-000-000-024</recordID><url>http://www.library.ucar.edu/uhtbin/hyperion-image/DR000024</url><title>NCAR/TN-32+PPR - Temperature control of balloon packages</title><itemType>REPORT</itemType><accessLevel>EXTENDED PUBLIC</accessLevel><accessionNum>DR000024</accessionNum><description>Temperature control of balloon packages.PDF</description><fullTitle>Temperature control of balloon packages.</fullTitle><creator>Lichfield, Ernest W.</creator><contributor>Carlson, Neil E.</contributor><subject>Balloons, sounding</subject><subject>Temperature</subject><publisher>National Center for Atmospheric Research (U.S.)</publisher><scientificDivision>Scientific Balloon Facility</scientificDivision><dateOfOriginal>1967</dateOfOriginal><dateItemDigitized>2003</dateItemDigitized><source>ML Report 02037, 50583010045247, PDF1-BkMk</source><format>PDF file, 3784 KB</format><language>English</language><copyright>All uses of library resources, including the digitized collections, should be consistent with U.S. Copyright Law.</copyright></record>