<?xml version="1.0" ?>
<record xmlns:xsi="http://www.w3.org/2001/XMLSchema-instance" xsi:noNamespaceSchemaLocation="http://www.dls.ucar.edu/people/ostwald/Metadata/webcat/webcat-record.xsd"><recordID>TECH-NOTE-000-000-000-206</recordID><url>http://www.library.ucar.edu/uhtbin/hyperion-image/DR000206</url><title>NCAR/TN-88+STR - Errors in wind measurements derived from omega signals.</title><itemType>REPORT</itemType><accessLevel>EXTENDED PUBLIC</accessLevel><accessionNum>DR000206</accessionNum><description>Errors in wind measurements derived from omega signals.PDF</description><fullTitle>Errors in wind measurements derived from omega signals.</fullTitle><creator>Passi, Ranjit  M.</creator><subject>Wind measurements</subject><subject>Omega signals</subject><publisher>National Center for Atmospheric Research (U.S.)</publisher><scientificDivision>Atmospheric Analysis and Prediction Division</scientificDivision><dateOfOriginal>1973</dateOfOriginal><dateItemDigitized>2003</dateItemDigitized><source>PDF 4 BkMk</source><format>PDF File, 1495 KB</format><language>English</language><copyright>All uses of library resources, including the digitized collections, should be consistent with U.S. Copyright Law.</copyright></record>