<?xml version="1.0" ?>
<record xmlns:xsi="http://www.w3.org/2001/XMLSchema-instance" xsi:noNamespaceSchemaLocation="http://www.dls.ucar.edu/people/ostwald/Metadata/webcat/webcat-record.xsd"><recordID>TECH-NOTE-000-000-000-035</recordID><url>http://www.library.ucar.edu/uhtbin/hyperion-image/DR000035</url><title>NCAR/TN-47+STR - Forces in a cable-restrained balloon system</title><itemType>REPORT</itemType><accessLevel>EXTENDED PUBLIC</accessLevel><accessionNum>DR000035</accessionNum><description>Forces in a cable-restrained balloon system.PDF</description><fullTitle>Forces in a cable-restrained balloon system</fullTitle><creator>Angevine, Jack M.</creator><contributor>Fulker, David W.</contributor><subject>Forces</subject><subject>Cable-restrained balloon system</subject><subject>Balloon launch</subject><publisher>National Center for Atmospheric Research (U.S.)</publisher><scientificDivision>Scientific Balloon Facility</scientificDivision><dateOfOriginal>1970</dateOfOriginal><dateItemDigitized>2003</dateItemDigitized><source>ML Report 02069, 50583010046070, PDF2BkMk</source><format>PDF file, 4160 KB</format><language>English</language><copyright>All uses of library resources, including the digitized collections, should be consistent with U.S. Copyright Law.</copyright></record>