<?xml version="1.0" ?>
<record xmlns:xsi="http://www.w3.org/2001/XMLSchema-instance" xsi:noNamespaceSchemaLocation="http://www.dls.ucar.edu/people/ostwald/Metadata/webcat/webcat-record.xsd"><recordID>TECH-NOTE-000-000-000-044</recordID><url>http://www.library.ucar.edu/uhtbin/hyperion-image/DR000044</url><title>NCAR/TN-59+STR - Calculation of the electrostatic field within a structure of uniformly spaced coaxial conducting loops</title><itemType>REPORT</itemType><accessLevel>EXTENDED PUBLIC</accessLevel><accessionNum>DR000044</accessionNum><description>Calculation of the electrostatic field within a structure of uniformly spaced coaxial ...PDF</description><fullTitle>Calculation of the electrostatic field within a structure of uniformly spaced coaxial conducting loops</fullTitle><creator>Cannon, Theodore W.</creator><contributor>Davis, Milford H.</contributor><subject>Electrostatic fields</subject><publisher>National Center for Atmospheric Research (U.S.)</publisher><scientificDivision>Atmospheric Technology Divison</scientificDivision><dateOfOriginal>1971</dateOfOriginal><dateItemDigitized>2003</dateItemDigitized><source>ML Report 02006</source><source>ML Report 02006, 50583010044646, PDF2BkMk</source><format>PDF file, 898 KB</format><language>English</language><copyright>All uses of library resources, including the digitized collections, should be consistent with U.S. Copyright Law.</copyright></record>