<?xml version="1.0" ?>
<record xmlns:xsi="http://www.w3.org/2001/XMLSchema-instance" xsi:noNamespaceSchemaLocation="http://www.dls.ucar.edu/people/ostwald/Metadata/webcat/webcat-record.xsd"><recordID>TECH-NOTE-000-000-000-164</recordID><url>http://www.library.ucar.edu/uhtbin/hyperion-image/DR000164</url><title>NCAR/TN-354+STR - Survey of NCAR user needs for visualization tools.</title><itemType>REPORT</itemType><accessLevel>EXTENDED PUBLIC</accessLevel><accessionNum>DR000164</accessionNum><description>Survey of NCAR user needs for visualization tools.PDF</description><fullTitle>Survey of NCAR user needs for visualization tools.</fullTitle><creator>George, Ray</creator><contributor>Lackman, Bob</contributor><subject>Mathematics</subject><subject>Computer science</subject><subject>Visualization tools</subject><publisher>National Center for Atmospheric Research (U.S.).</publisher><scientificDivision>Scientific Computing Division</scientificDivision><dateOfOriginal>1990</dateOfOriginal><dateItemDigitized>2003</dateItemDigitized><source>PDF 12 BkMk</source><format>PDF File, 2686 KB</format><language>English</language><copyright>All uses of library resources, including the digitized collections, should be consistent with U.S. Copyright Law.</copyright></record>