<?xml version="1.0" ?>
<record xmlns:xsi="http://www.w3.org/2001/XMLSchema-instance" xsi:noNamespaceSchemaLocation="http://www.dls.ucar.edu/people/ostwald/Metadata/webcat/webcat-record.xsd"><recordID>TECH-NOTE-000-000-000-415</recordID><url>http://www.library.ucar.edu/uhtbin/hyperion-image/DR000415</url><title>NCAR/TN-215+PPR - Regional acid deposition : design and management plan for a comprehensive modeling system.</title><itemType>REPORT</itemType><accessLevel>EXTENDED PUBLIC</accessLevel><accessionNum>DR000415</accessionNum><description>Regional acid deposition : design and management plan for a comprehensive modeling system.PDF</description><fullTitle>Regional acid deposition : design and management plan for a comprehensive modeling system.</fullTitle><subject>Acid precipitation</subject><subject>Chemical processes</subject><publisher>National Center for Atmospheric Research (U.S.).</publisher><scientificDivision>Acid Deposition and Modeling Project</scientificDivision><dateOfOriginal>1978</dateOfOriginal><dateItemDigitized>2003</dateItemDigitized><source>PDF 8 BkMk</source><format>PDF File, 2084 KB</format><language>English</language><copyright>All uses of library resources, including the digitized collections, should be consistent with U.S. Copyright Law.</copyright></record>