<?xml version="1.0" ?>
<record xmlns:xsi="http://www.w3.org/2001/XMLSchema-instance" xsi:noNamespaceSchemaLocation="http://www.dls.ucar.edu/people/ostwald/Metadata/webcat/webcat-record.xsd"><recordID>TECH-NOTE-000-000-000-375</recordID><url>http://www.library.ucar.edu/uhtbin/hyperion-image/DR000375</url><title>NCAR/TN-448+STR - Radar data &amp; climatological stats assoc. w/ warm season precip episodes over the continental U.S. Pt 3</title><itemType>REPORT</itemType><accessLevel>EXTENDED PUBLIC</accessLevel><accessionNum>DR000375</accessionNum><description>Radar data &amp; climatological stats associated w/ warm season precip episodes over U.S. Pt. 3.PDF</description><fullTitle>Radar data and climatological statistics associated with warm season precipitation episodes over the continental U.S.</fullTitle><creator>Ahijevych, D. A.</creator><contributor>Carbone, R. E.</contributor><contributor>Tuttle, J. D.</contributor><contributor>Trier, S. B.</contributor><subject>Precipitation</subject><subject>Hovmoller diagrams</subject><publisher>National Center for Atmospheric Research (U.S.).</publisher><scientificDivision>Mesoscale and Microscale Meteorology Division</scientificDivision><dateOfOriginal>2001</dateOfOriginal><dateItemDigitized>2003</dateItemDigitized><source>PDF 15 BkMk</source><format>PDF File, 3186 KB</format><language>English</language><copyright>All uses of library resources, including the digitized collections, should be consistent with U.S. Copyright Law.</copyright></record>