<?xml version="1.0" ?>
<record xmlns:xsi="http://www.w3.org/2001/XMLSchema-instance" xsi:noNamespaceSchemaLocation="http://www.dls.ucar.edu/people/ostwald/Metadata/webcat/webcat-record.xsd"><recordID>TECH-NOTE-000-000-000-532</recordID><url>http://www.library.ucar.edu/uhtbin/hyperion-image/DR000532</url><title>NCAR/TN-280+STR - White light solar corona: an atlas of 1986 K-coronameter synoptic charts Dec. 1985 * Jan. 1987.</title><itemType>REPORT</itemType><accessLevel>EXTENDED PUBLIC</accessLevel><accessionNum>DR000532</accessionNum><description>White light solar corona: an atlas of 1986 K-coronameter synoptic charts Dec. 1985 * Jan. 1987.PDF</description><fullTitle>The White light solar corona: an atlas of 1986 K-coronameter synoptic charts December 1985 - January 1987.</fullTitle><creator>Sime, D. G.</creator><contributor>Garcia, C.</contributor><contributor>Yasukawa, E.</contributor><contributor>Lundin, E.</contributor><contributor>Rock, K.</contributor><subject>Astronomy</subject><subject>Synoptic data</subject><publisher>National Center for Atmospheric Research (U.S.).</publisher><scientificDivision>High Altitude Observatory</scientificDivision><dateOfOriginal>1987</dateOfOriginal><dateItemDigitized>2003</dateItemDigitized><source>PDF 10 BkMk</source><format>PDF File, 4927 KB</format><language>English</language><copyright>All uses of library resources, including the digitized collections, should be consistent with U.S. Copyright Law.</copyright></record>