<?xml version="1.0" ?>
<record xmlns:xsi="http://www.w3.org/2001/XMLSchema-instance" xsi:noNamespaceSchemaLocation="http://www.dls.ucar.edu/people/ostwald/Metadata/webcat/webcat-record.xsd"><recordID>TECH-NOTE-000-000-000-599</recordID><url>http://www.library.ucar.edu/uhtbin/hyperion-image/DR000599</url><title>NCAR/TN-459+IA - Community land model's dynamic global vegetation model (CLM-DGVM): tech. description &amp; user's guide.</title><itemType>REPORT</itemType><accessLevel>EXTENDED PUBLIC</accessLevel><accessionNum>DR000599</accessionNum><description>Community land model's dynamic global vegetation model (CLM-DGVM): tech. desc &amp; user's guide.PDF</description><fullTitle>The community land model's dynamic global vegetation model (CLM-DGVM): technical description and user's guide.</fullTitle><creator>Levis, Samuel</creator><contributor>Bonan, Gordon B.</contributor><contributor>Vertenstein, Mariana</contributor><contributor>Oleson, Keith W.</contributor><publisher>National Center for Atmospheric Research (U.S.).</publisher><scientificDivision>Climate and Global Dynamics Division.</scientificDivision><dateOfOriginal>2004</dateOfOriginal><dateItemDigitized>2004</dateItemDigitized><format>PDF File. 1506 KB</format><language>English</language><copyright>All uses of library resources, including the digitized collections, should be consistent with U.S. Copyright Law.</copyright></record>