<?xml version="1.0" ?>
<record xmlns:xsi="http://www.w3.org/2001/XMLSchema-instance" xsi:noNamespaceSchemaLocation="http://www.dls.ucar.edu/people/ostwald/Metadata/webcat/webcat-record.xsd"><recordID>TECH-NOTE-000-000-000-277</recordID><url>http://www.library.ucar.edu/uhtbin/hyperion-image/DR000277</url><title>NCAR/TN-128+STR - Photometry and polarimetry of the solar corona of 30 June 1973.</title><itemType>REPORT</itemType><accessLevel>EXTENDED PUBLIC</accessLevel><accessionNum>DR000277</accessionNum><description>Photometry and polarimetry of the solar corona of 30 June 1973.PDF</description><fullTitle>Photometry and polarimetry of the solar corona of 30 June 1973.</fullTitle><creator>Lilliequist, Carl</creator><subject>Polarization (Light)</subject><subject>Solar corona</subject><publisher>National Center for Atmospheric Research (U.S.).</publisher><scientificDivision>High Altitude Observatory</scientificDivision><dateOfOriginal>1977</dateOfOriginal><dateItemDigitized>2003</dateItemDigitized><source>ML Report 02945, PDF5BkMk</source><format>PDF File,  4288 KB</format><language>English</language><copyright>All uses of library resources, including the digitized collections, should be consistent with U.S. Copyright Law.</copyright></record>