<?xml version="1.0" ?>
<record xmlns:xsi="http://www.w3.org/2001/XMLSchema-instance" xsi:noNamespaceSchemaLocation="http://www.dls.ucar.edu/people/ostwald/Metadata/webcat/webcat-record.xsd"><recordID>TECH-NOTE-000-000-000-386</recordID><url>http://www.library.ucar.edu/uhtbin/hyperion-image/DR000386</url><title>NCAR/TN-443 - A five-year plan for research related to the assimilation of meteorological data.</title><itemType>REPORT</itemType><accessLevel>EXTENDED PUBLIC</accessLevel><accessionNum>DR000386</accessionNum><description>A five-year plan for research related to the assimilation of meteorological data.PDF</description><fullTitle>A five-year plan for research related to the assimilation of meteorological data.</fullTitle><creator>Schlatter, Thomas W.</creator><contributor>Carr, Frederick H.</contributor><contributor>Langland, Rolf H.</contributor><contributor>Carbone, Richard E.</contributor><contributor>Crook, N. Andrew</contributor><contributor>Daley, Roger W.</contributor><contributor>Derber, John C.</contributor><contributor>Mullen, Steven L.</contributor><subject>Numerical weather prediction</subject><subject>Meteorological data assimilation</subject><publisher>National Center for Atmospheric Research (U.S.).</publisher><dateOfOriginal>1999</dateOfOriginal><dateItemDigitized>2003</dateItemDigitized><source>PDF 15  BkMk</source><format>PDF File, 3362 KB</format><language>English</language><copyright>All uses of library resources, including the digitized collections, should be consistent with U.S. Copyright Law.</copyright></record>