<?xml version="1.0" ?>
<record xmlns:xsi="http://www.w3.org/2001/XMLSchema-instance" xsi:noNamespaceSchemaLocation="http://www.dls.ucar.edu/people/ostwald/Metadata/webcat/webcat-record.xsd"><recordID>TECH-NOTE-000-000-000-266</recordID><url>http://www.library.ucar.edu/uhtbin/hyperion-image/DR000266</url><title>NCAR/TN-111+IA - Data sets for meteorological research.</title><itemType>REPORT</itemType><accessLevel>EXTENDED PUBLIC</accessLevel><accessionNum>DR000266</accessionNum><description>Data sets for meteorological research.PDF</description><fullTitle>Data sets for meteorological research.</fullTitle><creator>Jenne, Roy L.</creator><subject>Oceanography -- Electronic data processing</subject><subject>Meteorology  -- Observations -- Catalogs</subject><publisher>National Center for Atmospheric Research (U.S.).</publisher><scientificDivision>Atmospheric Technology Division</scientificDivision><dateOfOriginal>1975</dateOfOriginal><dateItemDigitized>2003</dateItemDigitized><source>ML Report 02848, PDF5BkMk</source><format>PDF File,  9818 KB</format><language>English</language><copyright>All uses of library resources, including the digitized collections, should be consistent with U.S. Copyright Law.</copyright></record>