<?xml version="1.0" ?>
<record xmlns:xsi="http://www.w3.org/2001/XMLSchema-instance" xsi:noNamespaceSchemaLocation="http://www.dls.ucar.edu/people/ostwald/Metadata/webcat/webcat-record.xsd"><recordID>TECH-NOTE-000-000-000-224</recordID><url>http://www.library.ucar.edu/uhtbin/hyperion-image/DR000224</url><title>NCAR/TN-410+IA - Mesoscale adjoint modeling system: Version 1.</title><itemType>REPORT</itemType><accessLevel>EXTENDED PUBLIC</accessLevel><accessionNum>DR000224</accessionNum><description>Mesoscale adjoint modeling system: Version 1.PDF</description><fullTitle>Mesoscale adjoint modeling system: Version 1.</fullTitle><creator>Errico, Ronald M.</creator><contributor>Raeder, Kevin</contributor><contributor>Vukicevic, Tomislava</contributor><subject>MAMS</subject><subject>Forecast model</subject><publisher>National Center for Atmospheric Research (U.S.).</publisher><scientificDivision>Climate and Global Dynamics Division</scientificDivision><source>PDF 14 BkMk</source><format>PDF File, 11,168</format><language>English</language><copyright>All uses of library resources, including the digitized collections, should be consistent with U.S. Copyright Law.</copyright></record>