<?xml version="1.0" ?>
<record xmlns:xsi="http://www.w3.org/2001/XMLSchema-instance" xsi:noNamespaceSchemaLocation="http://www.dls.ucar.edu/people/ostwald/Metadata/webcat/webcat-record.xsd"><recordID>TECH-NOTE-000-000-000-549</recordID><url>http://www.library.ucar.edu/uhtbin/hyperion-image/DR000549</url><title>NCAR/TN-305+STR - Taiwan area mesoscale experiment: daily operations summary. Part 5.</title><itemType>REPORT</itemType><accessLevel>EXTENDED PUBLIC</accessLevel><accessionNum>DR000549</accessionNum><description>Taiwan area mesoscale experiment: daily operations summary. Part 5.PDF</description><fullTitle>Taiwan area mesoscale experiment: daily operations summary. Part 5.</fullTitle><creator>Cunning, John B.</creator><subject>Atmospheric science -- Taiwan</subject><subject>Mesoscale experiment</subject><publisher>National Center for Atmospheric Research (U.S.).</publisher><publisher>National Oceanic And Atmospheric Administration (U.S.). Weather Research Program. Environmental Research Laboratories.</publisher><scientificDivision>Mesoscale and Microscale Meteorology Division</scientificDivision><dateOfOriginal>1988</dateOfOriginal><dateItemDigitized>2003</dateItemDigitized><source>PDF 11 BkMk</source><format>PDF File, 6650 KB</format><language>English</language><copyright>All uses of library resources, including the digitized collections, should be consistent with U.S. Copyright Law.</copyright></record>