<?xml version="1.0" ?>
<record xmlns:xsi="http://www.w3.org/2001/XMLSchema-instance" xsi:noNamespaceSchemaLocation="http://www.dls.ucar.edu/people/ostwald/Metadata/webcat/webcat-record.xsd"><recordID>TECH-NOTE-000-000-000-326</recordID><url>http://www.library.ucar.edu/uhtbin/hyperion-image/DR000326</url><title>NCAR/TN-172+IA - Getting set up.</title><itemType>REPORT</itemType><accessLevel>EXTENDED PUBLIC</accessLevel><accessionNum>DR000326</accessionNum><description>Getting set up.PDF</description><fullTitle>Getting set up.</fullTitle><creator>Besen, Linda</creator><contributor>Joseph, Dennis</contributor><contributor>Ridley, Cicely</contributor><subject>Version 1.0, May 1981</subject><subject>Computer resources</subject><publisher>National Center for Atmospheric Research (U.S.)</publisher><scientificDivision>Scientific Computing Division.</scientificDivision><dateOfOriginal>1981</dateOfOriginal><dateItemDigitized>2003</dateItemDigitized><source>PDF6BkMk</source><format>PDF File, 889 KB</format><language>English</language><copyright>All uses of library resources, including the digitized collections, should be consistent with U.S. Copyright Law.</copyright></record>