<?xml version="1.0" ?>
<record xmlns:xsi="http://www.w3.org/2001/XMLSchema-instance" xsi:noNamespaceSchemaLocation="http://www.dls.ucar.edu/people/ostwald/Metadata/webcat/webcat-record.xsd"><recordID>TECH-NOTE-000-000-000-210</recordID><url>http://www.library.ucar.edu/uhtbin/hyperion-image/DR000210</url><title>NCAR/TN-95+STR - Model atmospheres for cool stars.</title><itemType>REPORT</itemType><accessLevel>EXTENDED PUBLIC</accessLevel><accessionNum>DR000210</accessionNum><description>Model atmospheres for cool stars.PDF</description><fullTitle>Model atmospheres for cool stars.</fullTitle><creator>Johnson, Hollis R.</creator><subject>Atmosphere models</subject><subject>Atmosphere analysis</subject><publisher>National Center for Atmospheric Research (U.S.)</publisher><scientificDivision>High Altitude Observatory</scientificDivision><dateOfOriginal>1974</dateOfOriginal><dateItemDigitized>2003</dateItemDigitized><source>ML Report 02747, PDF 4 BkMk</source><format>PDF File, 6148 KB</format><language>English</language><copyright>All uses of library resources, including the digitized collections, should be consistent with U.S. Copyright Law.</copyright></record>