<?xml version="1.0" ?>
<record xmlns:xsi="http://www.w3.org/2001/XMLSchema-instance" xsi:noNamespaceSchemaLocation="http://www.dls.ucar.edu/people/ostwald/Metadata/webcat/webcat-record.xsd"><recordID>TECH-NOTE-000-000-000-292</recordID><url>http://www.library.ucar.edu/uhtbin/hyperion-image/DR000292</url><title>NCAR/TN-142+STR - Eddyless channel flows and their stability.</title><itemType>REPORT</itemType><accessLevel>EXTENDED PUBLIC</accessLevel><accessionNum>DR000292</accessionNum><description>Eddyless channel flows and their stability.PDF</description><fullTitle>Eddyless channel flows and their stability.</fullTitle><creator>Jackson, Stephen</creator><contributor>McWilliams, James C.</contributor><subject>Eddyless channel flow</subject><publisher>National Center for Atmospheric Research (U.S.)</publisher><scientificDivision>Atmospheric Analysis and Prediction Division</scientificDivision><dateOfOriginal>1979</dateOfOriginal><dateItemDigitized>2003</dateItemDigitized><source>ML Report 02982, PDF6BkMk</source><format>PDF File, 1522 KB</format><language>English</language><copyright>All uses of library resources, including the digitized collections, should be consistent with U.S. Copyright Law.</copyright></record>