<?xml version="1.0" ?>
<record xmlns:xsi="http://www.w3.org/2001/XMLSchema-instance" xsi:noNamespaceSchemaLocation="http://www.dls.ucar.edu/people/ostwald/Metadata/webcat/webcat-record.xsd"><recordID>TECH-NOTE-000-000-000-056</recordID><url>http://www.library.ucar.edu/uhtbin/hyperion-image/DR000056</url><title>NCAR/TN-66+IA - Astronaut operations requirements document for the white light coronagraph experiment S-052 ...</title><itemType>REPORT</itemType><accessLevel>EXTENDED PUBLIC</accessLevel><accessionNum>DR000056</accessionNum><description>Astronaut operations requirements document for the white light coronagraph experiment S-052.PDF</description><fullTitle>Astronaut operations requirements document for the white light coronagraph experiment S-052 for the apollo telescope mount.</fullTitle><creator>Ross, C. L.</creator><subject>White light coronagraph</subject><subject>Apollo telescope mount</subject><subject>Coronagraphs</subject><publisher>National Center for Atmospheric Research (U.S.)</publisher><scientificDivision>High Altitude Observatory</scientificDivision><dateOfOriginal>1971</dateOfOriginal><dateItemDigitized>2003</dateItemDigitized><source>ML Report 02046, 50583010045163, PDF3-BkMk</source><format>PDF File, 7609 KB</format><language>English</language><copyright>All uses of library resources, including the digitized collections, should be consistent with U.S. Copyright Law.</copyright></record>