<?xml version="1.0" ?>
<record xmlns:xsi="http://www.w3.org/2001/XMLSchema-instance" xsi:noNamespaceSchemaLocation="http://www.dls.ucar.edu/people/ostwald/Metadata/webcat/webcat-record.xsd"><recordID>TECH-NOTE-000-000-000-012</recordID><url>http://www.library.ucar.edu/uhtbin/hyperion-image/DR000012</url><title>NCAR/TN-16+EDD - Boundary layer profile measurement system</title><itemType>REPORT</itemType><accessLevel>EXTENDED PUBLIC</accessLevel><accessionNum>DR000012</accessionNum><description>Boundary layer profile measurement system.PDF</description><fullTitle>Boundary layer profile measurement system.</fullTitle><creator>Edwards, C. P.</creator><subject>Balloons, sounding</subject><subject>Boundary layer meteorology</subject><publisher>National Center for Atmospheric Research (U.S.)</publisher><scientificDivision>Field Observing Facility</scientificDivision><dateOfOriginal>1966</dateOfOriginal><dateItemDigitized>2003</dateItemDigitized><source>ML Report 02025, 50583010045031, PDF1-BkMk</source><format>PDF file, 2286 KB</format><language>English</language><copyright>All uses of library resources, including the digitized collections, should be consistent with U.S. Copyright Law.</copyright></record>