<?xml version="1.0" ?>
<record xmlns:xsi="http://www.w3.org/2001/XMLSchema-instance" xsi:noNamespaceSchemaLocation="http://www.dls.ucar.edu/people/ostwald/Metadata/webcat/webcat-record.xsd"><recordID>TECH-NOTE-000-000-000-602</recordID><url>http://www.library.ucar.edu/uhtbin/hyperion-image/DR000602</url><title>NCAR/TN-286+IA - Users' guide to NCAR CCM1.</title><itemType>REPORT</itemType><accessLevel>EXTENDED PUBLIC</accessLevel><accessionNum>DR000602</accessionNum><description>Users' guide to NCAR CCM1.PDF</description><fullTitle>Users' guide to NCAR CCM1.</fullTitle><creator>Bath, Linda M.</creator><contributor>Dias, Michael A.</contributor><contributor>Williamson, David L.</contributor><contributor>Williamson, Gloria S.</contributor><contributor>Wolski, Richard J.</contributor><subject>Atmospheric Science</subject><subject>Community Climate Model</subject><subject>Climate modeling</subject><publisher>National Center for Atmospheric Research (U.S.).</publisher><scientificDivision>Climate and Global Dynamics Division.</scientificDivision><dateOfOriginal>1987</dateOfOriginal><dateItemDigitized>2004</dateItemDigitized><source>PDF 11 BkMk</source><format>PDF File</format><language>English</language><copyright>All uses of library resources, including the digitized collections, should be consistent with U.S. Copyright Law.</copyright></record>