<?xml version="1.0" ?>
<record xmlns:xsi="http://www.w3.org/2001/XMLSchema-instance" xsi:noNamespaceSchemaLocation="http://www.dls.ucar.edu/people/ostwald/Metadata/webcat/webcat-record.xsd"><recordID>TECH-NOTE-000-000-000-589</recordID><url>http://www.library.ucar.edu/uhtbin/hyperion-image/DR000589</url><title>NCAR/TN-321+IA - The UserDoc Collection : Version 2.2. Updates to Primer.</title><itemType>REPORT</itemType><accessLevel>EXTENDED PUBLIC</accessLevel><accessionNum>DR000589</accessionNum><description>The UserDoc Collection : Version 2.2. Updates to Primer.PDF</description><fullTitle>The UserDoc Collection : Version 2.2. Updates to Primer.</fullTitle><creator>Horner-Miller, Barbara.</creator><subject>Mathematics, Computer science</subject><subject>Computing</subject><publisher>National Center for Atmospheric Research (U.S).</publisher><scientificDivision>Scientific Computing Division.</scientificDivision><dateOfOriginal>1988</dateOfOriginal><dateItemDigitized>2004</dateItemDigitized><format>PDF File, 81 KB</format><language>English</language><copyright>All uses of library resources, including the digitized collections, should be consistent with U.S. Copyright Law.</copyright></record>