<?xml version="1.0" ?>
<record xmlns:xsi="http://www.w3.org/2001/XMLSchema-instance" xsi:noNamespaceSchemaLocation="http://www.dls.ucar.edu/people/ostwald/Metadata/webcat/webcat-record.xsd"><recordID>TECH-NOTE-000-000-000-186</recordID><url>http://www.library.ucar.edu/uhtbin/hyperion-image/DR000186</url><title>NCAR/TN-375+IA - Analysis of 1988-89 meas. of stellar spectra w/ Lowell Observ./HAO solar-stellar spectrograph.</title><itemType>REPORT</itemType><accessLevel>EXTENDED PUBLIC</accessLevel><accessionNum>DR000186</accessionNum><description>Analysis of 1988-89 meas. of stellar spectra w/ Lowell Observ./HAO solar-stellar spectrograph.PDF</description><fullTitle>Analysis of 1988 and 1989 measurements of stellar spectra with the Lowell Observatory/High Altitude Observatory solar-stellar spectrograph.</fullTitle><creator>Athay, R. G.</creator><contributor>White, O.R.</contributor><subject>Solar-stellar spectrograph</subject><subject>Stellar spectra measurement</subject><publisher>National Center for Atmospheric Research (U.S.).</publisher><scientificDivision>High Altitude Observatory</scientificDivision><dateOfOriginal>1992</dateOfOriginal><dateItemDigitized>2003</dateItemDigitized><language>English</language><copyright>All uses of library resources, including the digitized collections, should be consistent with U.S. Copyright Law.</copyright></record>