<?xml version="1.0" ?>
<record xmlns:xsi="http://www.w3.org/2001/XMLSchema-instance" xsi:noNamespaceSchemaLocation="http://www.dls.ucar.edu/people/ostwald/Metadata/webcat/webcat-record.xsd"><recordID>TECH-NOTE-000-000-000-182</recordID><url>http://www.library.ucar.edu/uhtbin/hyperion-image/DR000182</url><title>NCAR/TN-371+STR - Monthly mean global satellite data sets available in CCM history tape format.</title><itemType>REPORT</itemType><accessLevel>EXTENDED PUBLIC</accessLevel><accessionNum>DR000182</accessionNum><description>Monthly mean global satellite data sets available in CCM history tape format.PDF</description><fullTitle>Monthly mean global satellite data sets available in CCM history tape format.</fullTitle><creator>Hurrell, James W.</creator><contributor>Campbell, G. Garrett</contributor><subject>Satellite</subject><subject>Community climate model - CCM</subject><subject>CCM tape format</subject><publisher>National Center for Atmospheric Research (U.S.).</publisher><scientificDivision>Climate and Global Dynamics Division</scientificDivision><dateOfOriginal>1992</dateOfOriginal><dateItemDigitized>2003</dateItemDigitized><language>English</language><copyright>All uses of library resources, including the digitized collections, should be consistent with U.S. Copyright Law.</copyright></record>