<?xml version="1.0" ?>
<record xmlns:xsi="http://www.w3.org/2001/XMLSchema-instance" xsi:noNamespaceSchemaLocation="http://www.dls.ucar.edu/people/ostwald/Metadata/webcat/webcat-record.xsd"><recordID>TECH-NOTE-000-000-000-041</recordID><url>http://www.library.ucar.edu/uhtbin/hyperion-image/DR000041</url><title>NCAR/TN-53+EDD - Sky brightness photometer</title><itemType>REPORT</itemType><accessLevel>EXTENDED PUBLIC</accessLevel><accessionNum>DR000041</accessionNum><description>Sky brightness photometer.PDF</description><fullTitle>Sky brightness photometer</fullTitle><creator>Bilhorn, T. W.</creator><contributor>Brandauer, C. M.</contributor><contributor>Gray, G. R.</contributor><subject>Photometer</subject><publisher>National Center for Atmospheric Research (U.S.)</publisher><scientificDivision>Atmospheric Technology Divison</scientificDivision><dateOfOriginal>1970</dateOfOriginal><dateItemDigitized>2003</dateItemDigitized><source>ML Report 02080, 50583010046286, PDF2BkMk</source><format>PDF file, 11441 KB</format><language>English</language><copyright>All uses of library resources, including the digitized collections, should be consistent with U.S. Copyright Law.</copyright></record>