<?xml version="1.0" ?>
<record xmlns:xsi="http://www.w3.org/2001/XMLSchema-instance" xsi:noNamespaceSchemaLocation="http://www.dls.ucar.edu/people/ostwald/Metadata/webcat/webcat-record.xsd"><recordID>TECH-NOTE-000-000-000-328</recordID><url>http://www.library.ucar.edu/uhtbin/hyperion-image/DR000328</url><title>NCAR/TN-176+STR - A method for the calculation of invariant manifolds in hydrodynamics stability problems.</title><itemType>REPORT</itemType><accessLevel>EXTENDED PUBLIC</accessLevel><accessionNum>DR000328</accessionNum><description>A method for the calculation of invariant manifolds in hydrodynamics stability problems.PDF</description><fullTitle>A method for the calculation of invariant manifolds in hydrodynamics stability problems.</fullTitle><creator>Richtmyer, Robert D.</creator><subject>Numerical calculations</subject><subject>Computer programs</subject><publisher>National Center for Atmospheric Research (U.S.).</publisher><scientificDivision>Atmospheric Analysis and Prediction Division</scientificDivision><dateOfOriginal>1981</dateOfOriginal><dateItemDigitized>2003</dateItemDigitized><source>PDF 7 BkMk</source><format>PDF File</format><language>English</language><copyright>All uses of library resources, including the digitized collections, should be consistent with U.S. Copyright Law.</copyright></record>