<?xml version="1.0" ?>
<record xmlns:xsi="http://www.w3.org/2001/XMLSchema-instance" xsi:noNamespaceSchemaLocation="http://www.dls.ucar.edu/people/ostwald/Metadata/webcat/webcat-record.xsd"><recordID>TECH-NOTE-000-000-000-499</recordID><url>http://www.library.ucar.edu/uhtbin/hyperion-image/DR000499</url><title>NCAR/TN-246+STR - White light solar corona: an atlas of 1984 K-coronameter synoptic charts Dec. 1983-Jan. 1985.</title><itemType>REPORT</itemType><accessLevel>EXTENDED PUBLIC</accessLevel><accessionNum>DR000499</accessionNum><description>White light solar corona: an atlas of 1984 K-coronameter synoptic charts Dec. 1983-Jan. 1985.PDF</description><fullTitle>The white light solar corona an atlas of 1984 K-coronameter synoptic charts December 1983-January 1985.</fullTitle><creator>Fisher, R.</creator><contributor>Garcia, C.</contributor><contributor>Lundin, E.</contributor><contributor>Seagraves, P.</contributor><contributor>Sime, D.</contributor><contributor>Rock, K.</contributor><subject>White light solar corona</subject><subject>Synoptic data</subject><publisher>National Center for Atmospheric Research.</publisher><scientificDivision>High Altitude Observatory</scientificDivision><dateOfOriginal>1985</dateOfOriginal><dateItemDigitized>2003</dateItemDigitized><source>PDF 10 BkMk</source><format>PDF File, 4538 KB</format><language>English</language><copyright>All uses of library resources, including the digitized collections, should be consistent with U.S. Copyright Law.</copyright></record>