<?xml version="1.0" ?>
<record xmlns:xsi="http://www.w3.org/2001/XMLSchema-instance" xsi:noNamespaceSchemaLocation="http://www.dls.ucar.edu/people/ostwald/Metadata/webcat/webcat-record.xsd"><recordID>TECH-NOTE-000-000-000-030</recordID><url>http://www.library.ucar.edu/uhtbin/hyperion-image/DR000030</url><title>NCAR/TN-41+EDD - Effects of thermal cycling on biaxially stressed balloon films</title><itemType>REPORT</itemType><accessLevel>EXTENDED PUBLIC</accessLevel><accessionNum>DR000030</accessionNum><description>Effects of thermal cycling on biaxially stressed balloon films.PDF</description><fullTitle>Effects of thermal cycling on biaxially stressed balloon films</fullTitle><subject>Balloon films</subject><subject>Flight performance</subject><publisher>Hauser Research and Engineering Company</publisher><publisher>National Center for Atmospheric Research (U.S.)</publisher><scientificDivision>Scientific Balloon Facility</scientificDivision><dateOfOriginal>1969</dateOfOriginal><dateItemDigitized>2003</dateItemDigitized><source>ML Report 02888, 50583010065989, PDF2BkMk</source><format>PDF file, 2967 KB</format><language>English</language><copyright>All uses of library resources, including the digitized collections, should be consistent with U.S. Copyright Law.</copyright></record>