<?xml version="1.0" ?>
<record xmlns:xsi="http://www.w3.org/2001/XMLSchema-instance" xsi:noNamespaceSchemaLocation="http://www.dls.ucar.edu/people/ostwald/Metadata/webcat/webcat-record.xsd"><recordID>TECH-NOTE-000-000-000-308</recordID><url>http://www.library.ucar.edu/uhtbin/hyperion-image/DR000308</url><title>NCAR/TN-151+STR - Case studies on convective storms / study 6, 25 July 1976</title><itemType>REPORT</itemType><accessLevel>EXTENDED PUBLIC</accessLevel><accessionNum>DR000308</accessionNum><description>Case studies on convective storms / study 6, 25 July 1976.PDF</description><fullTitle>Case studies on convective storms / case study 6, 25 July 1976: dynamical-microphysical evolution of a convective storm.</fullTitle><creator>Dye, James E.</creator><contributor>Miller, L. Jay</contributor><contributor>Martner, Brooks E.</contributor><contributor>Levin, Zev</contributor><subject>Convective storm</subject><subject>Aircraft data</subject><publisher>National Center for Atmospheric Research (U.S.).</publisher><scientificDivision>Convective Storms Division</scientificDivision><dateOfOriginal>1980</dateOfOriginal><dateItemDigitized>2003</dateItemDigitized><source>PDF6BkMk</source><format>PDF File, 11,003 KB</format><language>English</language><copyright>All uses of library resources, including the digitized collections, should be consistent with U.S. Copyright Law.</copyright></record>