<?xml version="1.0" ?>
<record xmlns:xsi="http://www.w3.org/2001/XMLSchema-instance" xsi:noNamespaceSchemaLocation="http://www.dls.ucar.edu/people/ostwald/Metadata/webcat/webcat-record.xsd"><recordID>TECH-NOTE-000-000-000-414</recordID><url>http://www.library.ucar.edu/uhtbin/hyperion-image/DR000414</url><title>NCAR/TN-213+STR - Second joint solar dynamics project data summary</title><itemType>REPORT</itemType><accessLevel>EXTENDED PUBLIC</accessLevel><accessionNum>DR000414</accessionNum><description>Second joint solar dynamics project data summary.PDF</description><fullTitle>The second joint solar dynamics project data summary : solar magneticfield, chromospheric and coronal observations near the time of the 11 June 1983 solar eclipse.</fullTitle><creator>Sime, D. G.</creator><contributor>Fisher, R. R.</contributor><contributor>Garcia, C. J.</contributor><contributor>Najita, J. R.</contributor><contributor>Rock, K. A.</contributor><contributor>Seagraves, P. H.</contributor><contributor>Yasukawa, E. A.</contributor><contributor>McCabe, M. K.</contributor><contributor>Mickey, D. L.</contributor><subject>Solar magnetic field</subject><subject>Astronomy-- Astrophysics</subject><subject>Corona evolution</subject><publisher>National Center for Atmospheric Research (U.S.).</publisher><scientificDivision>High Altitude Observatory</scientificDivision><dateOfOriginal>1983</dateOfOriginal><dateItemDigitized>2003</dateItemDigitized><source>PDF 8 BkMk</source><format>PDF File, 10,410 KB</format><language>English</language><copyright>All uses of library resources, including the digitized collections, should be consistent with U.S. Copyright Law.</copyright></record>