<?xml version="1.0" ?>
<record xmlns:xsi="http://www.w3.org/2001/XMLSchema-instance" xsi:noNamespaceSchemaLocation="http://www.dls.ucar.edu/people/ostwald/Metadata/webcat/webcat-record.xsd"><recordID>TECH-NOTE-000-000-000-537</recordID><url>http://www.library.ucar.edu/uhtbin/hyperion-image/DR000537</url><title>NCAR/TN-461+STR - Technical description of the Community Land Model (CLM).</title><itemType>REPORT</itemType><accessLevel>EXTENDED PUBLIC</accessLevel><accessionNum>DR000537</accessionNum><description>Technical description of the Community Land Model (CLM).PDF</description><fullTitle>Technical description of the Community Land Model (CLM).</fullTitle><creator>Oleson, Keith W.</creator><contributor>Dai, Yongjiu</contributor><contributor>Bonan, Gordon</contributor><contributor>Bosilovichm, Mike</contributor><contributor>Dickinson, Robert</contributor><contributor>Dirmeyer, Paul</contributor><contributor>Hoffman, Forrest</contributor><contributor>Houser, Paul</contributor><contributor>Levis, Samuel</contributor><contributor>Niu, Guo-Yue</contributor><contributor>Thornton, Peter</contributor><contributor>Vertenstein, Mariana</contributor><contributor>Yang, Zong-Liang</contributor><contributor>Zeng, Xubin</contributor><subject>CLM 3.0</subject><subject>Atmospheric modelling.</subject><subject>Land modelling.</subject><publisher>National Center for Atmospheric Research (U.S.).</publisher><scientificDivision>Climate and Global Dynamics Division</scientificDivision><dateOfOriginal>2004</dateOfOriginal><dateItemDigitized>2004</dateItemDigitized><format>PDF File, 2439 KB</format><language>English</language><copyright>All uses of library resources, including the digitized collections, should be consistent with U.S. Copyright Law.</copyright></record>