<?xml version="1.0" ?>
<record xmlns:xsi="http://www.w3.org/2001/XMLSchema-instance" xsi:noNamespaceSchemaLocation="http://www.dls.ucar.edu/people/ostwald/Metadata/webcat/webcat-record.xsd"><recordID>TECH-NOTE-000-000-000-025</recordID><url>http://www.library.ucar.edu/uhtbin/hyperion-image/DR000025</url><title>NCAR/TN-33+PPR - Project Clambake surface wind analysis at Palestine, Texas</title><itemType>REPORT</itemType><accessLevel>EXTENDED PUBLIC</accessLevel><accessionNum>DR000025</accessionNum><description>Project Clambake surface wind analysis at Palestine, Texas.PDF</description><fullTitle>Project Clambake surface wind analysis at Palestine, Texas</fullTitle><creator>Baynton, Harold Wilbert</creator><subject>Balloons, sounding</subject><subject>Aeronautics in meteorology</subject><publisher>National Center for Atmospheric Research (U.S.)</publisher><scientificDivision>Scientific Balloon Facility</scientificDivision><dateOfOriginal>1967</dateOfOriginal><dateItemDigitized>2003</dateItemDigitized><source>ML Report 02038. 50583010045239, PDF2BkMk</source><format>PDF file, 2523 KB</format><language>English</language><copyright>All uses of library resources, including the digitized collections, should be consistent with U.S. Copyright Law.</copyright></record>