<?xml version="1.0" ?>
<record xmlns:xsi="http://www.w3.org/2001/XMLSchema-instance" xsi:noNamespaceSchemaLocation="http://www.dls.ucar.edu/people/ostwald/Metadata/webcat/webcat-record.xsd"><recordID>TECH-NOTE-000-000-000-500</recordID><url>http://www.library.ucar.edu/uhtbin/hyperion-image/DR000500</url><title>NCAR/TN-247+IA - A user's guide for the MK-III K-coronameter data system.</title><itemType>REPORT</itemType><accessLevel>EXTENDED PUBLIC</accessLevel><accessionNum>DR000500</accessionNum><description>A user's guide for the MK-III K-coronameter data system.PDF</description><fullTitle>A user's guide for the MK-III K-coronameter data system.</fullTitle><creator>Chalmers, J. W.</creator><subject>MK-III K-coronameter</subject><subject>Data processing system</subject><publisher>National Center for Atmospheric Research (U.S.).</publisher><scientificDivision>High Altitude Observatory</scientificDivision><dateOfOriginal>1985</dateOfOriginal><dateItemDigitized>2003</dateItemDigitized><source>PDF 10 BkMk</source><format>PDF File, 825 KB</format><language>English</language><copyright>All uses of library resources, including the digitized collections, should be consistent with U.S. Copyright Law.</copyright></record>