<?xml version="1.0" ?>
<record xmlns:xsi="http://www.w3.org/2001/XMLSchema-instance" xsi:noNamespaceSchemaLocation="http://www.dls.ucar.edu/people/ostwald/Metadata/webcat/webcat-record.xsd"><recordID>TECH-NOTE-000-000-000-295</recordID><url>http://www.library.ucar.edu/uhtbin/hyperion-image/DR000295</url><title>NCAR/TN-145+PPR - A program prospectus for a cooperative high plains experiment on convective precipitation.</title><itemType>REPORT</itemType><accessLevel>EXTENDED PUBLIC</accessLevel><accessionNum>DR000295</accessionNum><description>A program prospectus for a cooperative high plains experiment on convective precipitation.PDF</description><fullTitle>A program prospectus for a cooperative high plains experiment on convective precipitation / planned by the Bureau of Reclamation and the National Center for Atmospheric Research.</fullTitle><subject>Convective precipitation</subject><publisher>National Center for Atmospheric Research (U.S.)</publisher><publisher>United States.  Bureau of Reclamation</publisher><scientificDivision>Convective Storms Division</scientificDivision><dateOfOriginal>1979</dateOfOriginal><dateItemDigitized>2003</dateItemDigitized><source>ML Report 02987, PDF6BkMk</source><format>PDF File, 1465 KB</format><language>English</language><copyright>All uses of library resources, including the digitized collections, should be consistent with U.S. Copyright Law.</copyright></record>