<?xml version="1.0" ?>
<record xmlns:xsi="http://www.w3.org/2001/XMLSchema-instance" xsi:noNamespaceSchemaLocation="http://www.dls.ucar.edu/people/ostwald/Metadata/webcat/webcat-record.xsd"><recordID>TECH-NOTE-000-000-000-264</recordID><url>http://www.library.ucar.edu/uhtbin/hyperion-image/DR000264</url><title>NCAR/TN-122+STR - A study of synoptic and mesoscale interaction over the GATE ship network: 4-5-6 Sept. 1974. Part 1.</title><itemType>REPORT</itemType><accessLevel>EXTENDED PUBLIC</accessLevel><accessionNum>DR000264</accessionNum><description>A study of synoptic &amp; mesoscale interaction over the GATE ship network: 4-5-6 Sept. 1974. Part 1.PDF</description><fullTitle>A study of synoptic and mesoscale interaction over the GATE ship network: 4-5-6 September 1974. Part 1.</fullTitle><creator>Dean, Gordon</creator><contributor>Smith, Clark</contributor><subject>Wind flow patterns</subject><subject>GATE ship network</subject><publisher>National Center for Atmospheric Research (U.S.).</publisher><scientificDivision>Atmospheric Analysis and Prediction Division</scientificDivision><dateOfOriginal>1977</dateOfOriginal><dateItemDigitized>2003</dateItemDigitized><source>ML Report 02936, PDF5BkMk</source><format>PDF File, 7311 KB</format><language>English</language><copyright>All uses of library resources, including the digitized collections, should be consistent with U.S. Copyright Law.</copyright></record>