<?xml version="1.0" ?>
<record xmlns:xsi="http://www.w3.org/2001/XMLSchema-instance" xsi:noNamespaceSchemaLocation="http://www.dls.ucar.edu/people/ostwald/Metadata/webcat/webcat-record.xsd"><recordID>TECH-NOTE-000-000-000-191</recordID><url>http://www.library.ucar.edu/uhtbin/hyperion-image/DR000191</url><title>NCAR/TN-380+STR - Real-time forecasts for WISP-91 using the Penn State/NCAR mesoscale model.</title><itemType>REPORT</itemType><accessLevel>EXTENDED PUBLIC</accessLevel><accessionNum>DR000191</accessionNum><description>Real-time forecasts for WISP-91 using the Penn State/NCAR mesoscale model.PDF</description><fullTitle>Real-time forecasts for WISP-91 using the Penn State/NCAR mesoscale model.</fullTitle><creator>Haagenson, Philip L.</creator><contributor>Gill, David O.</contributor><contributor>Kuo, Ying-Hwa</contributor><subject>Atmospheric science</subject><subject>Mesoscale phenomena</subject><publisher>National Center for Atmospheric Research (U.S.).</publisher><scientificDivision>Mesoscale and Microscale Meteorology Division</scientificDivision><dateOfOriginal>1992</dateOfOriginal><dateItemDigitized>2003</dateItemDigitized><language>English</language><copyright>All uses of library resources, including the digitized collections, should be consistent with U.S. Copyright Law.</copyright></record>