<?xml version="1.0" ?>
<record xmlns:xsi="http://www.w3.org/2001/XMLSchema-instance" xsi:noNamespaceSchemaLocation="http://www.dls.ucar.edu/people/ostwald/Metadata/webcat/webcat-record.xsd"><recordID>TECH-NOTE-000-000-000-320</recordID><url>http://www.library.ucar.edu/uhtbin/hyperion-image/DR000320</url><title>NCAR/TN-163+STR - Case studies on convective storms / case study 9, 13 June 1974.</title><itemType>REPORT</itemType><accessLevel>EXTENDED PUBLIC</accessLevel><accessionNum>DR000320</accessionNum><description>Case studies on convective storms / case study 9, 13 June 1974.PDF</description><fullTitle>Case studies on convective storms / case study 9, 13 June 1974 : mature storm study a small, isolated, &quot;steady state&quot; convective storm.</fullTitle><creator>Knight, Charles A.</creator><subject>Convective storms</subject><subject>Aircraft data</subject><publisher>National Center for Atmospheric Research (U.S.).</publisher><scientificDivision>Convective Storms Division</scientificDivision><dateOfOriginal>1981</dateOfOriginal><dateItemDigitized>2003</dateItemDigitized><source>PDF 6 BkMk</source><format>PDF File, 4496 KB</format><language>English</language><copyright>All uses of library resources, including the digitized collections, should be consistent with U.S. Copyright Law.</copyright></record>