<?xml version="1.0" ?>
<record xmlns:xsi="http://www.w3.org/2001/XMLSchema-instance" xsi:noNamespaceSchemaLocation="http://www.dls.ucar.edu/people/ostwald/Metadata/webcat/webcat-record.xsd"><recordID>TECH-NOTE-000-000-000-662</recordID><url>http://www.library.ucar.edu/uhtbin/hyperion-image/DR000662</url><title>NCAR/TN-462+STR- Influence of idealized heterogeneity on convective planetary bound. layers coupled to the land surface.</title><itemType>REPORT</itemType><accessLevel>EXTENDED PUBLIC</accessLevel><accessionNum>DR000662</accessionNum><description>Influence of idealized heterogeneity... .PDF</description><fullTitle>The Influence of idealized heterogeneity on convective planetary boundary layers coupled to the land surface.</fullTitle><creator>Patton, Edward G.</creator><contributor>Sullivan, Peter P.</contributor><contributor>Moeng, Chin-Hoh</contributor><publisher>National Center For Atmospheric Research (U.S.).</publisher><dateOfOriginal>2004</dateOfOriginal><dateItemDigitized>2004</dateItemDigitized><format>PDF File.</format><language>English</language><copyright>All uses of library resources, including the digitized collections, should be consistent with U.S. Copyright Law.</copyright></record>