<?xml version="1.0" ?>
<record xmlns:xsi="http://www.w3.org/2001/XMLSchema-instance" xsi:noNamespaceSchemaLocation="http://www.dls.ucar.edu/people/ostwald/Metadata/webcat/webcat-record.xsd"><recordID>TECH-NOTE-000-000-000-225</recordID><url>http://www.library.ucar.edu/uhtbin/hyperion-image/DR000225</url><title>NCAR/TN-411+PROC - Workshop sum. : aircraft mission measurement strategies for the NASA subsonic assessment program.</title><itemType>REPORT</itemType><accessLevel>EXTENDED PUBLIC</accessLevel><accessionNum>DR000225</accessionNum><description>Aircraft mission measurement strategies for the NASA subsonic assessment program.PDF</description><fullTitle>Workshop summary : aircraft mission measurement strategies for the NASA subsonic assessment program.</fullTitle><creator>Baumgardner, Darrel</creator><contributor>Thompson, Anne</contributor><subject>Aircraft impact</subject><subject>Troposphere</subject><publisher>National Center for Atmospheric Research (U.S.).</publisher><scientificDivision>Atmospheric Technology Division</scientificDivision><dateOfOriginal>1994</dateOfOriginal><dateItemDigitized>2003</dateItemDigitized><source>PDF 14 BkMk</source><format>PDF File, 1936 KB</format><language>English</language><copyright>All uses of library resources, including the digitized collections, should be consistent with U.S. Copyright Law.</copyright></record>