<?xml version="1.0" ?>
<record xmlns:xsi="http://www.w3.org/2001/XMLSchema-instance" xsi:noNamespaceSchemaLocation="http://www.dls.ucar.edu/people/ostwald/Metadata/webcat/webcat-record.xsd"><recordID>TECH-NOTE-000-000-000-528</recordID><url>http://www.library.ucar.edu/uhtbin/hyperion-image/DR000528</url><title>NCAR/TN-276+STR - Fe XIV solar corona at 5303 angstroms : an atlas of synoptic charts * May 1973-Dec. 1985.</title><itemType>REPORT</itemType><accessLevel>EXTENDED PUBLIC</accessLevel><accessionNum>DR000528</accessionNum><description>Fe XIV solar corona at 5303 angstroms : an atlas of synoptic charts * May 1973-Dec. 1985.PDF</description><fullTitle>The Fe XIV solar corona at 5303 angstroms : an atlas of synoptic charts from the Sacramento peak coronal photometer May 1973-December 1985.</fullTitle><creator>Altrock, R. C.</creator><contributor>Gilliam, L. B.</contributor><contributor>Sime, D. G.</contributor><contributor>Fisher, R. R.</contributor><subject>Atmospheric Science</subject><subject>Solar corona</subject><publisher>National Center for Atmospheric Research (U.S.).</publisher><scientificDivision>High Altutude Observatory</scientificDivision><dateOfOriginal>1987</dateOfOriginal><dateItemDigitized>2003</dateItemDigitized><source>PDF 10 BkMk</source><format>PDF File, 7255 KB</format><language>English</language><copyright>All uses of library resources, including the digitized collections, should be consistent with U.S. Copyright Law.</copyright></record>