<?xml version="1.0" ?>
<record xmlns:xsi="http://www.w3.org/2001/XMLSchema-instance" xsi:noNamespaceSchemaLocation="http://www.dls.ucar.edu/people/ostwald/Metadata/webcat/webcat-record.xsd"><recordID>TECH-NOTE-000-000-000-073</recordID><url>http://www.library.ucar.edu/uhtbin/hyperion-image/DR000073</url><title>NCAR/TN-79+PPR - Programmer training for young scientists - a case study</title><itemType>REPORT</itemType><accessLevel>EXTENDED PUBLIC</accessLevel><accessionNum>DR000073</accessionNum><description>Programmer training for young scientists - a case study.PDF</description><fullTitle>Programmer training for young scientists - a case study.</fullTitle><creator>Adams, Jeanne C.</creator><subject>Young scientist</subject><subject>Computer programming -- study and teaching</subject><publisher>National Center for Atmospheric Research (U.S.)</publisher><scientificDivision>Facilities Laboratory</scientificDivision><dateOfOriginal>1972</dateOfOriginal><dateItemDigitized>2003</dateItemDigitized><source>ML Report 02664, 50583010060543, PDF3-BkMk</source><format>PDF File, 605 KB</format><language>English</language><copyright>All uses of library resources, including the digitized collections, should be consistent with U.S. Copyright Law.</copyright></record>