<?xml version="1.0" ?>
<record xmlns:xsi="http://www.w3.org/2001/XMLSchema-instance" xsi:noNamespaceSchemaLocation="http://www.dls.ucar.edu/people/ostwald/Metadata/webcat/webcat-record.xsd"><recordID>TECH-NOTE-000-000-000-527</recordID><url>http://www.library.ucar.edu/uhtbin/hyperion-image/DR000527</url><title>NCAR/TN-275-+STR - Biosphere-atmosphere transfer scheme (BATS) for the NCAR community climate model.</title><itemType>REPORT</itemType><accessLevel>EXTENDED PUBLIC</accessLevel><accessionNum>DR000527</accessionNum><description>Biosphere-atmosphere transfer scheme (BATS) for the NCAR community climate model.PDF</description><fullTitle>Biosphere-atmosphere transfer scheme (BATS) for the NCAR community climate model.</fullTitle><creator>Dickinson, R. E.</creator><contributor>Henderson-Sellers, A.</contributor><contributor>Kennedy, P. J.</contributor><contributor>Wilson, M. F.</contributor><subject>Atmospheric science</subject><subject>Biosphere</subject><publisher>National Center for Atmospheric Research (U.S.).</publisher><scientificDivision>Atmospheric Analysis and Prediction Division.</scientificDivision><dateOfOriginal>1986</dateOfOriginal><dateItemDigitized>2003</dateItemDigitized><source>PDF 10 BkMk</source><format>PDF File, 3613 KB</format><language>English</language><copyright>All uses of library resources, including the digitized collections, should be consistent with U.S. Copyright Law.</copyright></record>