<?xml version="1.0" ?>
<record xmlns:xsi="http://www.w3.org/2001/XMLSchema-instance" xsi:noNamespaceSchemaLocation="http://www.dls.ucar.edu/people/ostwald/Metadata/webcat/webcat-record.xsd"><recordID>TECH-NOTE-000-000-000-356</recordID><url>http://www.library.ucar.edu/uhtbin/hyperion-image/DR000356</url><title>NCAR/TN-202+STR - Joint solar dynamics project data summary 1982 / v. I:  Chromospheric &amp; coronal observs. Pt.1.</title><itemType>REPORT</itemType><accessLevel>EXTENDED PUBLIC</accessLevel><accessionNum>DR000356</accessionNum><description>Joint solar dynamics project data summary 1982 / v. I:  Chromospheric &amp; coronal observs. Pt.1.PDF</description><fullTitle>Joint solar dynamics project data summary 14 June - 13 August 1982 / volume I:  Chromospheric and coronal observations. Part 1.</fullTitle><creator>Fisher, R. R.</creator><contributor>Garcia, C.J.</contributor><contributor>Rock, K. A.</contributor><contributor>Seagraves, P. H.</contributor><contributor>Yasukawa, E. A.</contributor><contributor>McCabe, M. K.</contributor><contributor>Mickey, D. A.</contributor><contributor>Najita, J. R.</contributor><contributor>Lieberman, J. R.</contributor><contributor>Hardy, M. G.</contributor><subject>Chromospheric observations</subject><subject>Coronal observations</subject><publisher>National Center for Atmospheric Research (U.S.).</publisher><scientificDivision>High Altitude Observatory</scientificDivision><dateOfOriginal>1982</dateOfOriginal><dateItemDigitized>2003</dateItemDigitized><source>PDF 7 BkMk</source><format>PDF File, 840 KB</format><language>English</language><copyright>All uses of library resources, including the digitized collections, should be consistent with U.S. Copyright Law.</copyright></record>