<?xml version="1.0" ?>
<record xmlns:xsi="http://www.w3.org/2001/XMLSchema-instance" xsi:noNamespaceSchemaLocation="http://www.dls.ucar.edu/people/ostwald/Metadata/webcat/webcat-record.xsd"><recordID>TECH-NOTE-000-000-000-649</recordID><url>http://www.library.ucar.edu/uhtbin/hyperion-image/DR000649</url><title>NCAR/TN-40+EDD - Design of the Stonehenge launch system.</title><itemType>REPORT</itemType><accessLevel>EXTENDED PUBLIC</accessLevel><accessionNum>DR000649</accessionNum><description>Design of the Stonehenge launch system.PDF</description><fullTitle>Design of the Stonehenge launch system.</fullTitle><creator>Angevine, Jack M.</creator><contributor>Sparkman, John W.</contributor><contributor>Fulker, David W.</contributor><subject>Balloons.</subject><subject>Payloads.</subject><subject>Aerodynamic loading.</subject><publisher>National Center for Atmospheric Research (U.S.).</publisher><dateOfOriginal>1969</dateOfOriginal><dateItemDigitized>2003</dateItemDigitized><format>PDF File, 4399 KB</format><language>English</language><copyright>All uses of library resources, including the digitized collections, should be consistent with U.S. Copyright Law.</copyright></record>