<?xml version="1.0" ?>
<record xmlns:xsi="http://www.w3.org/2001/XMLSchema-instance" xsi:noNamespaceSchemaLocation="http://www.dls.ucar.edu/people/ostwald/Metadata/webcat/webcat-record.xsd"><recordID>TECH-NOTE-000-000-000-572</recordID><url>http://www.library.ucar.edu/uhtbin/hyperion-image/DR000572</url><title>NCAR/TN-299+STR - Evaluation of  NMC global analyses: 1979-1987.</title><itemType>REPORT</itemType><accessLevel>EXTENDED PUBLIC</accessLevel><accessionNum>DR000572</accessionNum><description>Evaluation of  NMC global analyses: 1979-1987.PDF</description><fullTitle>Evaluation of  NMC global analyses: 1979-1987.</fullTitle><creator>Trenberth, Kevin E.</creator><contributor>Olson, Jerry G.</contributor><subject>Atmospheric science</subject><subject>U.S. National Meteorological Center</subject><subject>Global analyses</subject><publisher>National Center for Atmospheric Research (U.S.).</publisher><scientificDivision>Climate and Global Dynamics Division</scientificDivision><dateOfOriginal>1988</dateOfOriginal><dateItemDigitized>2003</dateItemDigitized><source>PDF 11 BkMk</source><format>PDF File, 3412 KB</format><language>English</language><copyright>All uses of library resources, including the digitized collections, should be consistent with U.S. Copyright Law.</copyright></record>