<?xml version="1.0" ?>
<record xmlns:xsi="http://www.w3.org/2001/XMLSchema-instance" xsi:noNamespaceSchemaLocation="http://www.dls.ucar.edu/people/ostwald/Metadata/webcat/webcat-record.xsd"><recordID>TECH-NOTE-000-000-000-019</recordID><url>http://www.library.ucar.edu/uhtbin/hyperion-image/DR000019</url><title>NCAR/TN-26+STR - A Composite, high-resolution solar spectrum from 2080 to 3600 A</title><itemType>REPORT</itemType><accessLevel>EXTENDED PUBLIC</accessLevel><accessionNum>DR000019</accessionNum><description>A Composite, high-resolution solar spectrum from 2080 to 3600 A.PDF</description><fullTitle>A Composite, high-resolution solar spectrum from 2080 to 3600 A.</fullTitle><creator>Furukawa, Paul M.</creator><contributor>Haagenson, Philip L.</contributor><contributor>Haagenson, Philip L.</contributor><subject>Atmospheric zone</subject><subject>Geophysical studies</subject><publisher>National Center for Atmospheric Research (U.S.)</publisher><scientificDivision>Atmospheric Technology Division</scientificDivision><dateOfOriginal>1967</dateOfOriginal><dateItemDigitized>2003</dateItemDigitized><source>ML Report 02060, 50583010045890, PDF1-BkMk</source><format>PDF file, 3858 KB</format><language>English</language><copyright>All uses of library resources, including the digitized collections, should be consistent with U.S. Copyright Law.</copyright></record>