<?xml version="1.0" ?>
<record xmlns:xsi="http://www.w3.org/2001/XMLSchema-instance" xsi:noNamespaceSchemaLocation="http://www.dls.ucar.edu/people/ostwald/Metadata/webcat/webcat-record.xsd"><recordID>TECH-NOTE-000-000-000-790</recordID><url>http://www.library.ucar.edu/uhtbin/hyperion-image/DR000790</url><title>NCAR/TN-469+STR - A Baroclinic Wave Test Case for Dynamical Cores of General Circulation Models: Model Intercomparisons.</title><itemType>REPORT</itemType><accessLevel>EXTENDED PUBLIC</accessLevel><accessionNum>DR000790</accessionNum><description>Baroclinic Wave Test Case for Dynamical Cores of General Circulation Models.pdf</description><fullTitle>A Baroclinic Wave Test Case for Dynamical Cores of General Circulation Models: Model Intercomparisons.</fullTitle><creator>Jablonowski, Christiane</creator><contributor>Williamson, David L.</contributor><subject>General circulation models</subject><subject>Dynamical core assessments</subject><publisher>National Center for Atmospheric Research (U.S.).</publisher><scientificDivision>Climate And Global Dynamics Division.</scientificDivision><dateOfOriginal>2006</dateOfOriginal><dateItemDigitized>2006</dateItemDigitized><language>English</language><copyright>All uses of library resources, including the digitized collections, should be consistent with U.S. Copyright Law.</copyright></record>