<?xml version="1.0" ?>
<record xmlns:xsi="http://www.w3.org/2001/XMLSchema-instance" xsi:noNamespaceSchemaLocation="http://www.dls.ucar.edu/people/ostwald/Metadata/webcat/webcat-record.xsd"><recordID>TECH-NOTE-000-000-000-036</recordID><url>http://www.library.ucar.edu/uhtbin/hyperion-image/DR000036</url><title>NCAR/TN-48+STR - Superpressure balloon flights from Christchurch, New Zealand July 1968-December 1969</title><itemType>REPORT</itemType><accessLevel>EXTENDED PUBLIC</accessLevel><accessionNum>DR000036</accessionNum><description>Superpressure balloon flights from Christchurch, New Zealand July 1968-December 1969.PDF</description><fullTitle>Superpressure balloon flights from Christchurch, New Zealand July 1968-December 1969</fullTitle><contributor>Rickel, A. Brewster</contributor><contributor>Verstraete, Marcel A.</contributor><subject>Superpressure balloons</subject><subject>New Zealand</subject><publisher>National Center for Atmospheric Research (U.S.)</publisher><scientificDivision>Scientific Balloon Division</scientificDivision><dateOfOriginal>1970</dateOfOriginal><dateItemDigitized>2003</dateItemDigitized><source>ML Report 02068, 50583010046088, PDF2BkMk</source><format>PDF file, 3491 KB</format><language>English</language><copyright>All uses of library resources, including the digitized collections, should be consistent with U.S. Copyright Law.</copyright></record>