<?xml version="1.0" ?>
<record xmlns:xsi="http://www.w3.org/2001/XMLSchema-instance" xsi:noNamespaceSchemaLocation="http://www.dls.ucar.edu/people/ostwald/Metadata/webcat/webcat-record.xsd"><recordID>TECH-NOTE-000-000-000-530</recordID><url>http://www.library.ucar.edu/uhtbin/hyperion-image/DR000530</url><title>NCAR/TN-278+STR - Procedures for reduction of Fe XII 10747 A coronal emission-line polarization observations.</title><itemType>REPORT</itemType><accessLevel>EXTENDED PUBLIC</accessLevel><accessionNum>DR000530</accessionNum><description>Procedures for reduction of Fe XII 10747 A coronal emission-line polarization observations.PDF</description><fullTitle>Procedures for reduction of Fe XII 10747 A coronal emission-line polarization observations.</fullTitle><creator>Arnaud, J.</creator><contributor>Newkirk, Jr., G.</contributor><subject>Physics</subject><subject>Solarspectra</subject><publisher>National Center for Atmospheric Research (U.S.).</publisher><scientificDivision>High Altitude Observatory</scientificDivision><dateOfOriginal>1987</dateOfOriginal><dateItemDigitized>2003</dateItemDigitized><source>PDF 10 BkMk</source><format>PDF File, 647 KB</format><language>English</language><copyright>All uses of library resources, including the digitized collections, should be consistent with U.S. Copyright Law.</copyright></record>