<?xml version="1.0" ?>
<record xmlns:xsi="http://www.w3.org/2001/XMLSchema-instance" xsi:noNamespaceSchemaLocation="http://www.dls.ucar.edu/people/ostwald/Metadata/webcat/webcat-record.xsd"><recordID>TECH-NOTE-000-000-000-787</recordID><url>http://www.library.ucar.edu/uhtbin/hyperion-image/DR000787</url><title>NCAR/TN-468+STR - A Description of the Advanced Research WRF Version 2</title><itemType>REPORT</itemType><accessLevel>EXTENDED PUBLIC</accessLevel><accessionNum>DR000787</accessionNum><description>A Description of the Advanced Research WRF Version 2.PDF</description><fullTitle>A Description of the Advanced Research WRF Version 2.</fullTitle><creator>Skamarock, William C.</creator><contributor>Klemp, Joseph B.</contributor><contributor>Dudhia, Jimy</contributor><contributor>Gill, David O.</contributor><contributor>Barker, Dale M.</contributor><contributor>Wang, Wei</contributor><subject>Weather Research and Forecasting</subject><subject>Mesoscale forecast model</subject><subject>Data assimilation system</subject><publisher>National Center for Atmospheric Research (U.S.).</publisher><scientificDivision>Mesoscale and Microscale Meteorology Division</scientificDivision><dateOfOriginal>2005</dateOfOriginal><dateItemDigitized>2005</dateItemDigitized><language>English</language><copyright>All uses of library resources, including the digitized collections, should be consistent with U.S. Copyright Law.</copyright></record>