<?xml version="1.0" ?>
<record xmlns:xsi="http://www.w3.org/2001/XMLSchema-instance" xsi:noNamespaceSchemaLocation="http://www.dls.ucar.edu/people/ostwald/Metadata/webcat/webcat-record.xsd"><recordID>TECH-NOTE-000-000-000-072</recordID><url>http://www.library.ucar.edu/uhtbin/hyperion-image/DR000072</url><title>NCAR/TN-78+IA - The Bendix datagrid graphic digitizing system operational procedure and available software</title><itemType>REPORT</itemType><accessLevel>EXTENDED PUBLIC</accessLevel><accessionNum>DR000072</accessionNum><description>The Bendix datagrid graphic digitizing system operational procedure and available software.PDF</description><fullTitle>The Bendix datagrid graphic digitizing system operational procedure and available software.</fullTitle><creator>Jenne, Roy L.</creator><contributor>Joseph, Dennis H.</contributor><contributor>Ridley, E. Cicely</contributor><contributor>Fabec, Raymond C.</contributor><subject>Bendix datagrid graphic digitizer</subject><subject>Software</subject><publisher>National Center for Atmospheric Research (U.S.)</publisher><scientificDivision>Facilities Laboratory</scientificDivision><dateOfOriginal>1972</dateOfOriginal><dateItemDigitized>2003</dateItemDigitized><source>PDF3-BkMk</source><format>PDF File, 6823 KB</format><language>English</language><copyright>All uses of library resources, including the digitized collections, should be consistent with U.S. Copyright Law.</copyright></record>