<?xml version="1.0" ?>
<record xmlns:xsi="http://www.w3.org/2001/XMLSchema-instance" xsi:noNamespaceSchemaLocation="http://www.dls.ucar.edu/people/ostwald/Metadata/webcat/webcat-record.xsd"><recordID>TECH-NOTE-000-000-000-789</recordID><url>http://www.library.ucar.edu/uhtbin/hyperion-image/DR000789</url><title>NCAR/TN-465+STR -  An implementation plan for cool season quantitative precipitation forecasting.</title><itemType>REPORT</itemType><accessLevel>EXTENDED PUBLIC</accessLevel><accessionNum>DR000789</accessionNum><description>An implementation plan for cool season quantitative precipitation forecasting.PDF</description><fullTitle>An implementation plan for cool season quantitative precipitation forecasting.</fullTitle><creator>Rauber, Robert M.</creator><contributor>Rasmussen, Roy M.</contributor><contributor>Ralph, F. Martin.</contributor><contributor>Jewett, Brian F.</contributor><contributor>Kingsmill, David E.</contributor><contributor>Pisano, Paul.</contributor><contributor>Pugner, Paul.</contributor><contributor>Reynolds, David W.</contributor><contributor>Schlatter, Thomas W.</contributor><contributor>Stewart, Ronald E.</contributor><contributor>Waldstricher, Jeff S.</contributor><subject>Numerical weather prediction.</subject><publisher>National Center for Atmospheric Research (U.S.).</publisher><scientificDivision>Mesoscale and Microscale Meteorology.</scientificDivision><dateOfOriginal>2004</dateOfOriginal><dateItemDigitized>2004</dateItemDigitized><format>PDF File</format><language>English</language><copyright>All uses of library resources, including the digitized collections, should be consistent with U.S. Copyright Law.</copyright></record>