<?xml version="1.0" ?>
<record xmlns:xsi="http://www.w3.org/2001/XMLSchema-instance" xsi:noNamespaceSchemaLocation="http://www.dls.ucar.edu/people/ostwald/Metadata/webcat/webcat-record.xsd"><recordID>TECH-NOTE-000-000-000-128</recordID><url>http://www.library.ucar.edu/uhtbin/hyperion-image/DR000128</url><title>NCAR/TN-93+IA - Techniques for the processing, storage, and exchange of data.</title><itemType>REPORT</itemType><accessLevel>EXTENDED PUBLIC</accessLevel><accessionNum>DR000128</accessionNum><description>Techniques for the processing, storage, and exchange of data.PDF</description><fullTitle>Techniques for the processing, storage, and exchange of data.</fullTitle><creator>Jenne, Roy L.</creator><contributor>Joseph, Dennis H.</contributor><subject>Computer hardware system</subject><subject>Computer data</subject><publisher>National Center for Atmospheric Research (U.S.)</publisher><scientificDivision>Atmospheric Technology Division</scientificDivision><dateOfOriginal>1974</dateOfOriginal><dateItemDigitized>2003</dateItemDigitized><source>ML Report 02744, 50583010063505, PDF4BkMk</source><format>PDF File, 2282 KB</format><language>English</language><copyright>All uses of library resources, including the digitized collections, should be consistent with U.S. Copyright Law.</copyright></record>