<?xml version="1.0" ?>
<record xmlns:xsi="http://www.w3.org/2001/XMLSchema-instance" xsi:noNamespaceSchemaLocation="http://www.dls.ucar.edu/people/ostwald/Metadata/webcat/webcat-record.xsd"><recordID>TECH-NOTE-000-000-000-382</recordID><url>http://www.library.ucar.edu/uhtbin/hyperion-image/DR000382</url><title>NCAR/TN-439+EDD - Performance of SEAM, a Spectral Element Atmospheric Model, on the HP Exemplar SPP2000.</title><itemType>REPORT</itemType><accessLevel>EXTENDED PUBLIC</accessLevel><accessionNum>DR000382</accessionNum><description>Performance of SEAM, a Spectral Element Atmospheric Model, on the HP Exemplar SPP2000.PDF</description><fullTitle>Performance of SEAM, a Spectral Element Atmospheric Model, on the HP Exemplar SPP2000.</fullTitle><creator>Taylor, Mark</creator><contributor>Loft, Richard</contributor><contributor>Tribbia, Joseph</contributor><subject>SEAM</subject><subject>GCM dynamical core</subject><publisher>National Center for Atmospheric Research (U.S.).</publisher><scientificDivision>Scientific Computing Division</scientificDivision><dateOfOriginal>1998</dateOfOriginal><dateItemDigitized>2003</dateItemDigitized><source>PDF 15 BkMk</source><format>PDF File, 847 KB</format><language>English</language><copyright>All uses of library resources, including the digitized collections, should be consistent with U.S. Copyright Law.</copyright></record>