<?xml version="1.0" ?>
<record xmlns:xsi="http://www.w3.org/2001/XMLSchema-instance" xsi:noNamespaceSchemaLocation="http://www.dls.ucar.edu/people/ostwald/Metadata/webcat/webcat-record.xsd"><recordID>TECH-NOTE-000-000-000-214</recordID><url>http://www.library.ucar.edu/uhtbin/hyperion-image/DR000214</url><title>NCAR/TN-398+STR - A description of the fifth-generation Penn State/NCAR mesoscale model (MM5).</title><itemType>REPORT</itemType><accessLevel>EXTENDED PUBLIC</accessLevel><accessionNum>DR000214</accessionNum><description>A description of the fifth-generation Penn State/NCAR mesoscale model (MM5).PDF</description><fullTitle>A description of the fifth-generation Penn State/NCAR mesoscale model (MM5).</fullTitle><creator>Grell, Georg A.</creator><contributor>Dudhia, Jimy</contributor><contributor>Stauffer, David R.</contributor><subject>MM5</subject><subject>Numerical algorithms</subject><publisher>National Center for Atmospheric Research (U.S.).</publisher><scientificDivision>Mesoscale and Microscale Meteorology Division</scientificDivision><dateOfOriginal>1994</dateOfOriginal><dateItemDigitized>2003</dateItemDigitized><source>PDF 14 BkMk</source><format>PDF File, 5005 KB</format><language>English</language></record>