<?xml version="1.0" ?>
<record xmlns:xsi="http://www.w3.org/2001/XMLSchema-instance" xsi:noNamespaceSchemaLocation="http://www.dls.ucar.edu/people/ostwald/Metadata/webcat/webcat-record.xsd"><recordID>TECH-NOTE-000-000-000-226</recordID><url>http://www.library.ucar.edu/uhtbin/hyperion-image/DR000226</url><title>NCAR/TN-412+STR - Climatology of stratospheric ozone based on SBUV and SBUV/2 data: 1978 - 1994.</title><itemType>REPORT</itemType><accessLevel>EXTENDED PUBLIC</accessLevel><accessionNum>DR000226</accessionNum><description>Climatology of stratospheric ozone based on SBUV and SBUV/2 data: 1978 - 1994.PDF</description><fullTitle>Climatology of stratospheric ozone based on SBUV and SBUV/2 data: 1978 - 1994.</fullTitle><creator>Randel, William J.</creator><contributor>Wu, Fei</contributor><subject>Climatological data</subject><subject>Ozone data</subject><publisher>National Center for Atmospheric Research (U.S.).</publisher><scientificDivision>Atmospheric Chemistry Division</scientificDivision><dateOfOriginal>1995</dateOfOriginal><dateItemDigitized>2003</dateItemDigitized><source>PDF 14 BkMk</source><format>PDF File, 6068 KB</format><language>English</language><copyright>All uses of library resources, including the digitized collections, should be consistent with U.S. Copyright Law.</copyright></record>