<?xml version="1.0" ?>
<record xmlns:xsi="http://www.w3.org/2001/XMLSchema-instance" xsi:noNamespaceSchemaLocation="http://www.dls.ucar.edu/people/ostwald/Metadata/webcat/webcat-record.xsd"><recordID>TECH-NOTE-000-000-000-246</recordID><url>http://www.library.ucar.edu/uhtbin/hyperion-image/DR000246</url><title>NCAR/TN-105+IA - NCAR software support library, volume 2.</title><itemType>REPORT</itemType><accessLevel>EXTENDED PUBLIC</accessLevel><accessionNum>DR000246</accessionNum><description>NCAR software support library, volume 2.PDF</description><fullTitle>NCAR software support library, volume 2.</fullTitle><creator>Adams, Jeanne C., editor</creator><contributor>Cline, Alan K., editor</contributor><contributor>Drake, Margaret A., editor</contributor><contributor>Sweet, Roland A., editor</contributor><subject>Software support</subject><publisher>National Center for Atmospheric Research (U.S.).</publisher><scientificDivision>Atmospheric Technology Research</scientificDivision><dateOfOriginal>1975</dateOfOriginal><dateItemDigitized>2003</dateItemDigitized><source>ML Report 03330, PDF4BkMk</source><format>PDF File, 7831 KB</format><language>English</language><copyright>All uses of library resources, including the digitized collections, should be consistent with U.S. Copyright Law.</copyright></record>