<?xml version="1.0" ?>
<record xmlns:xsi="http://www.w3.org/2001/XMLSchema-instance" xsi:noNamespaceSchemaLocation="http://www.dls.ucar.edu/people/ostwald/Metadata/webcat/webcat-record.xsd"><recordID>TECH-NOTE-000-000-000-271</recordID><url>http://www.library.ucar.edu/uhtbin/hyperion-image/DR000271</url><title>NCAR-TN/119+PROC - Fellowship program in scientific computing : internship program for minority students, summer 1976.</title><itemType>REPORT</itemType><accessLevel>EXTENDED PUBLIC</accessLevel><accessionNum>DR000271</accessionNum><description>Fellowship program in scientific computing : internship prog. for minority students, summer 1976.PDF</description><fullTitle>Fellowship program in scientific computing : internship program for minority students : [workshop conducted by the staff of the] Computing Facility, summer 1976</fullTitle><creator>Adams, Jeanne C., editor.</creator><contributor>Rew, Russell K., editor.</contributor><subject>Minorities -- Scholarships, fellowships, etc.</subject><subject>Electronic data processing -- Study and teaching.</subject><publisher>National Center for Atmospheric Research (U.S.).</publisher><scientificDivision>Computing Facility</scientificDivision><dateOfOriginal>1977</dateOfOriginal><dateItemDigitized>2003</dateItemDigitized><source>PDF5BkMk</source><format>PDF File, 13,038 KB</format><language>English</language><copyright>All uses of library resources, including the digitized collections, should be consistent with U.S. Copyright Law.</copyright></record>