<?xml version="1.0" ?>
<record xmlns:xsi="http://www.w3.org/2001/XMLSchema-instance" xsi:noNamespaceSchemaLocation="http://www.dls.ucar.edu/people/ostwald/Metadata/webcat/webcat-record.xsd"><recordID>TECH-NOTE-000-000-000-244</recordID><url>http://www.library.ucar.edu/uhtbin/hyperion-image/DR000244</url><title>NCAR/TN-104+STR - A non-LTE model stellar atmosphere computer program.</title><itemType>REPORT</itemType><accessLevel>EXTENDED PUBLIC</accessLevel><accessionNum>DR000244</accessionNum><description>A non-LTE model stellar atmosphere computer program.PDF</description><fullTitle>A non-LTE model stellar atmosphere computer program.</fullTitle><creator>Mihalas, Dimitri</creator><contributor>Heasley, J. N.</contributor><contributor>Auer, L. H.</contributor><subject>Stars atmospheres</subject><subject>Non-LTE model</subject><publisher>National Center for Atmospheric Research (U.S.).</publisher><scientificDivision>High Altitude Observatory</scientificDivision><dateOfOriginal>1975</dateOfOriginal><dateItemDigitized>2003</dateItemDigitized><source>PDF4BkMk</source><format>PDF File, 10,460 KB</format><language>English</language><copyright>All uses of library resources, including the digitized collections, should be consistent with U.S. Copyright Law.</copyright></record>