<?xml version="1.0" ?>
<record xmlns:xsi="http://www.w3.org/2001/XMLSchema-instance" xsi:noNamespaceSchemaLocation="http://www.dls.ucar.edu/people/ostwald/Metadata/webcat/webcat-record.xsd"><recordID>TECH-NOTE-000-000-000-835</recordID><url>http://www.library.ucar.edu/uhtbin/hyperion-image/DR000835</url><title>NCAR/TN-474+STR : Climatology of UV-A, UV-B, and Erythemal Radiation at the Earth's Surface, 1979-2000.</title><itemType>REPORT</itemType><accessLevel>EXTENDED PUBLIC</accessLevel><accessionNum>DR000835</accessionNum><description>NCAR TN 474.jpg</description><fullTitle>Climatology of UV-A, UV-B, and Erythemal Radiation at the Earth's Surface, 1979-2000 /  J. Lee-Taylor, S. Madronich.</fullTitle><creator>Lee-Taylor, J.</creator><contributor>Madronich, S.</contributor><publisher>National Center for Atmospheric Research (U.S.).</publisher><scientificDivision>Atmospheric Chemistry Division.</scientificDivision><dateOfOriginal>2007</dateOfOriginal><dateItemDigitized>2007</dateItemDigitized><format>pdf file, 16.2 MB</format><language>English</language><copyright>All uses of library resources, including the digitized collections, should be consistent with U.S. Copyright Law.</copyright></record>