<?xml version="1.0" ?>
<record xmlns:xsi="http://www.w3.org/2001/XMLSchema-instance" xsi:noNamespaceSchemaLocation="http://www.dls.ucar.edu/people/ostwald/Metadata/webcat/webcat-record.xsd"><recordID>TECH-NOTE-000-000-000-197</recordID><url>http://www.library.ucar.edu/uhtbin/hyperion-image/DR000197</url><title>NCAR/TN-386+STR - Measurement uncertainties of the NCAR air motion systems.</title><itemType>REPORT</itemType><accessLevel>EXTENDED PUBLIC</accessLevel><accessionNum>DR000197</accessionNum><description>Measurement uncertainties of the NCAR air motion systems.PDF</description><fullTitle>Measurement uncertainties of the NCAR air motion systems.</fullTitle><creator>Brown, Edward N.</creator><subject>Air motion measurement</subject><subject>Air motion systems</subject><publisher>National Center for Atmospheric Research (U.S.).</publisher><scientificDivision>Atmospheric Technology Division</scientificDivision><dateOfOriginal>1993</dateOfOriginal><dateItemDigitized>2003</dateItemDigitized><language>English</language><copyright>All uses of library resources, including the digitized collections, should be consistent with U.S. Copyright Law.</copyright></record>