<?xml version="1.0" ?>
<record xmlns:xsi="http://www.w3.org/2001/XMLSchema-instance" xsi:noNamespaceSchemaLocation="http://www.dls.ucar.edu/people/ostwald/Metadata/webcat/webcat-record.xsd"><recordID>TECH-NOTE-000-000-000-199</recordID><url>http://www.library.ucar.edu/uhtbin/hyperion-image/DR000199</url><title>NCAR/TN-388+STR - Solutions to the shallow water test set using the spectral transform method.</title><itemType>REPORT</itemType><accessLevel>EXTENDED PUBLIC</accessLevel><accessionNum>DR000199</accessionNum><description>Solutions to the shallow water test set using the spectral transform method.PDF</description><fullTitle>Solutions to the shallow water test set using the spectral transform method.</fullTitle><creator>Jakob, Ruediger</creator><contributor>Hack, James J.</contributor><contributor>Williamson, David L.</contributor><subject>Shallow water equations</subject><subject>Spectral transform method</subject><publisher>National Center for Atmospheric Research (U.S.).</publisher><scientificDivision>Climate and Global Dynamics Division</scientificDivision><scientificDivision>Climate and Global Dynamics Division</scientificDivision><dateOfOriginal>1993</dateOfOriginal><dateItemDigitized>2003</dateItemDigitized><language>English</language><copyright>All uses of library resources, including the digitized collections, should be consistent with U.S. Copyright Law.</copyright></record>