<?xml version="1.0" ?>
<record xmlns:xsi="http://www.w3.org/2001/XMLSchema-instance" xsi:noNamespaceSchemaLocation="http://www.dls.ucar.edu/people/ostwald/Metadata/webcat/webcat-record.xsd"><recordID>TECH-NOTE-000-000-000-660</recordID><url>http://www.library.ucar.edu/uhtbin/hyperion-image/DR000660</url><title>Climate of the upper air : Southern Hemisphere. Vol. 1. Part 8.</title><itemType>REPORT</itemType><accessLevel>EXTENDED PUBLIC</accessLevel><accessionNum>DR000660</accessionNum><description>Volume 1 : Temperature, dew points, and heights at selected pressure levels. Part 8.PDF</description><fullTitle>Climate of the upper air : Southern Hemisphere. Volume 1 : Temperature, dew points, and heights at selected pressure levels. Part 8.</fullTitle></record>