<?xml version="1.0" ?>
<record xmlns:xsi="http://www.w3.org/2001/XMLSchema-instance" xsi:noNamespaceSchemaLocation="http://www.dls.ucar.edu/people/ostwald/Metadata/webcat/webcat-record.xsd"><recordID>TECH-NOTE-000-000-000-777</recordID><url>http://www.library.ucar.edu/uhtbin/hyperion-image/DR000777</url><title>NCAR/TN-466+STR - Empirical corrections to instrument artifacts in the MOPITT data stream.</title><itemType>REPORT</itemType><accessLevel>EXTENDED PUBLIC</accessLevel><accessionNum>DR000777</accessionNum><description>Empirical corrections to instrument artifacts in the MOPITT data stream.PDF</description><fullTitle>Empirical corrections to instrument artifacts in the MOPITT data stream.</fullTitle><creator>Ziskin, Daniel.</creator><contributor>Ho, Shu-peng</contributor><contributor>Zou, Jason</contributor><contributor>Mao, Debbie</contributor><contributor>Cavanaugh, Charles</contributor><contributor>Lauren, Thomas</contributor><contributor>Chen, Jarmei</contributor><contributor>Drummond, James</contributor><subject>Measurements Of Pollution In The Troposphere (MOPITT)</subject><subject>Radiances</subject><publisher>National Center For Atmospheric Research (U.S.).</publisher><scientificDivision>Atmospheric Chemistry Division.</scientificDivision><dateOfOriginal>2004</dateOfOriginal><dateItemDigitized>2004</dateItemDigitized><format>PDF File, 1041 KB</format><language>English</language></record>