<?xml version="1.0" ?>
<record xmlns:xsi="http://www.w3.org/2001/XMLSchema-instance" xsi:noNamespaceSchemaLocation="http://www.dls.ucar.edu/people/ostwald/Metadata/webcat/webcat-record.xsd"><recordID>TECH-NOTE-000-000-000-220</recordID><url>http://www.library.ucar.edu/uhtbin/hyperion-image/DR000220</url><title>NCAR/TN-406+STR - Numerical forecasting of winds in the terminal environment.</title><itemType>REPORT</itemType><accessLevel>EXTENDED PUBLIC</accessLevel><accessionNum>DR000220</accessionNum><description>Numerical forecasting of winds in the terminal environment.PDF</description><fullTitle>Numerical forecasting of winds in the terminal environment.</fullTitle><creator>Crook, N. Andrew</creator><contributor>Cole, Rodney E.</contributor><subject>Forecasting terminal winds</subject><subject>Low-level winds</subject><publisher>National Center for Atmospheric Research (U.S.).</publisher><scientificDivision>Mesoscale and Microscale Meteorology Division</scientificDivision><scientificDivision>Research Applications Program</scientificDivision><dateOfOriginal>1994</dateOfOriginal><dateItemDigitized>2003</dateItemDigitized><source>PDF 14 BkMk</source><format>PDF File, 1341 KB</format><language>English</language><copyright>All uses of library resources, including the digitized collections, should be consistent with U.S. Copyright Law.</copyright></record>