<?xml version="1.0" ?>
<record xmlns:xsi="http://www.w3.org/2001/XMLSchema-instance" xsi:noNamespaceSchemaLocation="http://www.dls.ucar.edu/people/ostwald/Metadata/webcat/webcat-record.xsd"><recordID>TECH-NOTE-000-000-000-502</recordID><url>http://www.library.ucar.edu/uhtbin/hyperion-image/DR000502</url><title>NCAR/TN-249+PROC - Workshop on objective analysis / analysis strategies for field-dependent estimation.</title><itemType>REPORT</itemType><accessLevel>EXTENDED PUBLIC</accessLevel><accessionNum>DR000502</accessionNum><description>Workshop on objective analysis / analysis strategies for field-dependent estimation.</description><fullTitle>Workshop on objective analysis / analysis strategies for field-dependent estimation.</fullTitle><contributor>Pedder, M. A.</contributor><contributor>Thiebaux, H. J.</contributor><contributor>Julian, P. R., editor.</contributor><subject>Field-dependent estimation</subject><publisher>National Center for Atmospheric Research (U.S.).</publisher><scientificDivision>Atmospheric Analysis and Prediction Division</scientificDivision><dateOfOriginal>1985</dateOfOriginal><dateItemDigitized>2003</dateItemDigitized><source>PDF 10 BkMk</source><format>PDF File, 3015 KB</format><language>English</language><copyright>All uses of library resources, including the digitized collections, should be consistent with U.S. Copyright Law.</copyright></record>