<?xml version="1.0" ?>
<record xmlns:xsi="http://www.w3.org/2001/XMLSchema-instance" xsi:noNamespaceSchemaLocation="http://www.dls.ucar.edu/people/ostwald/Metadata/webcat/webcat-record.xsd"><recordID>TECH-NOTE-000-000-000-404</recordID><url>http://www.library.ucar.edu/uhtbin/hyperion-image/DR000404</url><title>NCAR/TN-214+STR - Regional acid deposition:  models and physical processes. Part 1.</title><itemType>REPORT</itemType><accessLevel>EXTENDED PUBLIC</accessLevel><accessionNum>DR000404</accessionNum><description>Regional acid deposition:  models and physical processes. Part 1.PDF</description><fullTitle>Regional acid deposition:  models and physical processes. Part 1.</fullTitle><subject>Acid precipitation</subject><subject>Chemical processes</subject><publisher>National Center for Atmospheric Research (U.S.).</publisher><scientificDivision>Acid Deposition Modeling Project</scientificDivision><dateOfOriginal>1983</dateOfOriginal><dateItemDigitized>2003</dateItemDigitized><source>PDF 8 BkMk</source><format>PDF File, 13,898 KB</format><language>English</language><copyright>All uses of library resources, including the digitized collections, should be consistent with U.S. Copyright Law.</copyright></record>