<?xml version="1.0" ?>
<record xmlns:xsi="http://www.w3.org/2001/XMLSchema-instance" xsi:noNamespaceSchemaLocation="http://www.dls.ucar.edu/people/ostwald/Metadata/webcat/webcat-record.xsd"><recordID>TECH-NOTE-000-000-000-323</recordID><url>http://www.library.ucar.edu/uhtbin/hyperion-image/DR000323</url><title>NCAR/TN-169+PROC - Planning for the 1980's / proceedings of the first annual computer users conference.</title><itemType>REPORT</itemType><accessLevel>EXTENDED PUBLIC</accessLevel><accessionNum>DR000323</accessionNum><description>Planning for the 1980's / proceedings of the first annual computer users conference.PDF</description><fullTitle>Planning for the 1980's / proceedings of the first annual computer users conference.</fullTitle><creator>Besen, Linda</creator><subject>Computers</subject><subject>SCD</subject><publisher>National Center for Atmospheric Research (U.S.).</publisher><scientificDivision>Scientific Computing Division</scientificDivision><dateOfOriginal>1981</dateOfOriginal><dateItemDigitized>2003</dateItemDigitized><source>ML Report 03037, PDF6BkMk</source><format>PDF File, 6099 KB</format><language>English</language><copyright>All uses of library resources, including the digitized collections, should be consistent with U.S. Copyright Law.</copyright></record>