<?xml version="1.0" ?>
<record xmlns:xsi="http://www.w3.org/2001/XMLSchema-instance" xsi:noNamespaceSchemaLocation="http://www.dls.ucar.edu/people/ostwald/Metadata/webcat/webcat-record.xsd"><recordID>TECH-NOTE-000-000-000-007</recordID><url>http://www.library.ucar.edu/uhtbin/hyperion-image/DR000007</url><title>NCAR/TN-9+EDD - Material strength properties of Startex SL 1883 film</title><itemType>REPORT</itemType><accessLevel>EXTENDED PUBLIC</accessLevel><accessionNum>DR000007</accessionNum><description>Material strength properties of Startex SL 1883 film.PDF</description><fullTitle>Material strength properties of Startex SL 1883 film.</fullTitle><subject>Balloon materials</subject><subject>Plastic films testing</subject><publisher>National Center for Atmospheric Research (U.S.)</publisher><publisher>Hauser Research and Engineering Company</publisher><scientificDivision>Scientific Balloon Facility</scientificDivision><dateOfOriginal>1965</dateOfOriginal><dateItemDigitized>2003</dateItemDigitized><source>ML Report 02632, 50583010060345, PDF1-BkMk</source><format>PDF file, 290 KB</format><language>English</language><copyright>All uses of library resources, including the digitized collections, should be consistent with U.S. Copyright Law.</copyright></record>