<?xml version="1.0" ?>
<record xmlns:xsi="http://www.w3.org/2001/XMLSchema-instance" xsi:noNamespaceSchemaLocation="http://www.dls.ucar.edu/people/ostwald/Metadata/webcat/webcat-record.xsd"><recordID>TECH-NOTE-000-000-000-343</recordID><url>http://www.library.ucar.edu/uhtbin/hyperion-image/DR000343</url><title>NCAR/TN-190+EDD - Path-length sensitivity of the Lyman-alpha humidiometer.</title><itemType>REPORT</itemType><accessLevel>EXTENDED PUBLIC</accessLevel><accessionNum>DR000343</accessionNum><description>Path-length sensitivity of the Lyman-alpha humidiometer.PDF</description><fullTitle>Path-length sensitivity of the Lyman-alpha humidiometer.</fullTitle><creator>Friehe, Carl A.</creator><subject>Lyman-alpha humidiometer</subject><subject>Humidity</subject><publisher>National Center for Atmospheric Research (U.S.).</publisher><scientificDivision>Atmospheric Technology Division</scientificDivision><dateOfOriginal>1982</dateOfOriginal><dateItemDigitized>2003</dateItemDigitized><source>PDF 7 BkMk</source><format>PDF File, 205 KB</format><language>English</language><copyright>All uses of library resources, including the digitized collections, should be consistent with U.S. Copyright Law.</copyright></record>