<?xml version="1.0" ?>
<record xmlns:xsi="http://www.w3.org/2001/XMLSchema-instance" xsi:noNamespaceSchemaLocation="http://www.dls.ucar.edu/people/ostwald/Metadata/webcat/webcat-record.xsd"><recordID>TECH-NOTE-000-000-000-230</recordID><url>http://www.library.ucar.edu/uhtbin/hyperion-image/DR000230</url><title>NCAR/TN-418+IA - A user's guide to PIKAIA 1.0.</title><itemType>REPORT</itemType><accessLevel>EXTENDED PUBLIC</accessLevel><accessionNum>DR000230</accessionNum><description>A user's guide to PIKAIA 1.0.PDF</description><fullTitle>A user's guide to PIKAIA 1.0.</fullTitle><creator>Charbonneau, Paul</creator><contributor>Knapp, Barry</contributor><subject>Computer software</subject><subject>Genetic algorithm-based optimization subroutine</subject><publisher>National Center for Atmospheric Research (U.S.).</publisher><scientificDivision>High Altitude Observatory</scientificDivision><dateOfOriginal>1995</dateOfOriginal><dateItemDigitized>2003</dateItemDigitized><source>PDF 14 BkMk</source><format>PDF File, 5283 KB</format><language>English</language><copyright>All uses of library resources, including the digitized collections, should be consistent with U.S. Copyright Law.</copyright></record>