<?xml version="1.0" ?>
<record xmlns:xsi="http://www.w3.org/2001/XMLSchema-instance" xsi:noNamespaceSchemaLocation="http://www.dls.ucar.edu/people/ostwald/Metadata/webcat/webcat-record.xsd"><recordID>TECH-NOTE-000-000-000-068</recordID><url>http://www.library.ucar.edu/uhtbin/hyperion-image/DR000068</url><title>NCAR/TN-76+STR - Non-LTE model atmospheres for B and O stars</title><itemType>REPORT</itemType><accessLevel>EXTENDED PUBLIC</accessLevel><accessionNum>DR000068</accessionNum><description>Non-LTE model atmospheres for B and O stars.PDF</description><fullTitle>Non-LTE model atmospheres for B and O stars.</fullTitle><creator>Mihalas, Dimitri</creator><subject>Stars -- atmospheres</subject><publisher>National Center for Atmospheric Research (U.S.)</publisher><scientificDivision>Atmospheric Technology Division</scientificDivision><dateOfOriginal>1972</dateOfOriginal><dateItemDigitized>2003</dateItemDigitized><source>ML Report 02648, 50583010060410, PDF3-BkMk</source><format>PDF File, 10,984 KB</format><language>English</language><copyright>All uses of library resources, including the digitized collections, should be consistent with U.S. Copyright Law.</copyright></record>