<?xml version="1.0" ?>
<record xmlns:xsi="http://www.w3.org/2001/XMLSchema-instance" xsi:noNamespaceSchemaLocation="http://www.dls.ucar.edu/people/ostwald/Metadata/webcat/webcat-record.xsd"><recordID>TECH-NOTE-000-000-000-290</recordID><url>http://www.library.ucar.edu/uhtbin/hyperion-image/DR000290</url><title>NCAR/TN-140+STR - Mie Scattering Calculations: Advances In Technique And Fast, Vector-speed Computer Codes.</title><itemType>REPORT</itemType><accessLevel>EXTENDED PUBLIC</accessLevel><accessionNum>DR000290</accessionNum><description>Mie Scattering Calculations: Advances In Technique And Fast, Vector-speed Computer Codes.PDF</description><fullTitle>Mie Scattering Calculations: Advances In Technique And Fast, Vector-speed Computer Codes.</fullTitle><creator>Wiscombe, Warren J.</creator><subject>Mathematics</subject><subject>Computer Science</subject><subject>Computer codes</subject><publisher>National Center for Atmospheric Research (U.S.)</publisher><scientificDivision>Atmospheric Analysis And Prediction Division</scientificDivision><dateOfOriginal>1979</dateOfOriginal><dateItemDigitized>2003</dateItemDigitized><source>ML Report 03207, PDF5BkMk</source><format>PDF File, 3278 KB</format><language>English</language><copyright>All uses of library resources, including the digitized collections, should be consistent with U.S. Copyright Law.</copyright></record>