<?xml version="1.0" ?>
<record xmlns:xsi="http://www.w3.org/2001/XMLSchema-instance" xsi:noNamespaceSchemaLocation="http://www.dls.ucar.edu/people/ostwald/Metadata/webcat/webcat-record.xsd"><recordID>TECH-NOTE-000-000-000-727</recordID><url>http://www.library.ucar.edu/uhtbin/hyperion-image/DR000727</url><title>NCAR/TN-35+STR-Catalogue of Meteorological Data Obtained During the Line Islands Experiment February-April 1967. Pt 4.</title><itemType>REPORT</itemType><accessLevel>EXTENDED PUBLIC</accessLevel><accessionNum>DR000727</accessionNum><description>Cat. Meteorological Data Obtained During the Line Islands Experiment February-April 1967. Pt 4.PDF</description><fullTitle>A Catalogue of Meteorological Data Obtained During the Line Islands Experiment February-April 1967. Part 4.</fullTitle><creator>Zipser, Edward J.</creator><contributor>Taylor, Ronald C.</contributor><subject>Meteorological data</subject><subject>Line Islands experiment</subject><publisher>National Center for Atmospheric Research (U.S.).</publisher><publisher>Hawaii Institue of Geophysics.</publisher><dateOfOriginal>1967</dateOfOriginal><dateItemDigitized>2004</dateItemDigitized><format>PDF File, 9644 KB</format><language>English</language><copyright>All uses of library resources, including the digitized collections, should be consistent with U.S. Copyright Law.</copyright></record>