<?xml version="1.0" ?>
<record xmlns:xsi="http://www.w3.org/2001/XMLSchema-instance" xsi:noNamespaceSchemaLocation="http://www.dls.ucar.edu/people/ostwald/Metadata/webcat/webcat-record.xsd"><recordID>TECH-NOTE-000-000-000-126</recordID><url>http://www.library.ucar.edu/uhtbin/hyperion-image/DR000126</url><title>NCAR/TN-77+STR - Volume III, Part 2: Tables, collection effeciency as a function of aerosol particle radius.</title><itemType>REPORT</itemType><accessLevel>EXTENDED PUBLIC</accessLevel><accessionNum>DR000126</accessionNum><description>NCAR/TN-77+STR - Volume III, Part 2: Tbls, coll. effeciency as a fctn of aerosol particle radius.PDF</description><fullTitle>NCAR/TN-77+STR - Volume III, Part 2: Tables, collection effeciency as a function of aerosol particle radius.</fullTitle><creator>Spurny, K. R.</creator><contributor>Lodge, Jr., J. P.</contributor><subject>Aerosols</subject><subject>Hydrosols</subject><publisher>National Center for Atmospheric Research (U.S.)</publisher><scientificDivision>Laboratory of Atmospheric Science</scientificDivision><dateOfOriginal>1972</dateOfOriginal><dateItemDigitized>2003</dateItemDigitized><source>ML Report 02658, 50583010060592, PDF3BkMk</source><format>PDF File, 13,311 KB</format><language>English</language><copyright>All uses of library resources, including the digitized collections, should be consistent with U.S. Copyright Law.</copyright></record>