<?xml version="1.0" ?>
<record xmlns:xsi="http://www.w3.org/2001/XMLSchema-instance" xsi:noNamespaceSchemaLocation="http://www.dls.ucar.edu/people/ostwald/Metadata/webcat/webcat-record.xsd"><recordID>TECH-NOTE-000-000-000-053</recordID><url>http://www.library.ucar.edu/uhtbin/hyperion-image/DR000053</url><title>NCAR/TN-64-1+PPR - An Aviation research facility for the atmospheric sciences</title><itemType>REPORT</itemType><accessLevel>EXTENDED PUBLIC</accessLevel><accessionNum>DR000053</accessionNum><description>An Aviation research facility for the atmospheric sciences.PDF</description><fullTitle>An Aviation research facility for the atmospheric sciences.</fullTitle><creator>Ragotzkie, Robert A.</creator><contributor>Bates, Fred C.</contributor><contributor>Bellamy, John C.</contributor><contributor>Braham, Roscoe R.</contributor><contributor>Cunningham, Robert M.</contributor><contributor>Edinger, James G.</contributor><contributor>Hinkelman, Jr., John W.</contributor><contributor>Kline, Dwight B.</contributor><contributor>Palmer, Jr., Charles A.</contributor><subject>Aviation research facility</subject><subject>Atmospheric Sciences</subject><subject>Aeronautics in meteorology</subject><publisher>National Center for Atmospheric Research (U.S.)</publisher><scientificDivision>Atmospheric Technology Division</scientificDivision><dateOfOriginal>1963</dateOfOriginal><dateItemDigitized>2003</dateItemDigitized><source>ML Report 02120, 50583010048134, PDF3-BkMk</source><format>PDF File, 2403 KB</format><language>English</language><copyright>All uses of library resources, including the digitized collections, should be consistent with U.S. Copyright Law.</copyright></record>