<?xml version="1.0" ?>
<record xmlns:xsi="http://www.w3.org/2001/XMLSchema-instance" xsi:noNamespaceSchemaLocation="http://www.dls.ucar.edu/people/ostwald/Metadata/webcat/webcat-record.xsd"><recordID>TECH-NOTE-000-000-000-058</recordID><url>http://www.library.ucar.edu/uhtbin/hyperion-image/DR000058</url><title>NCAR/TN-69+IA - Aerostatic lift of helium and hydrogen in the atmosphere</title><itemType>REPORT</itemType><accessLevel>EXTENDED PUBLIC</accessLevel><accessionNum>DR000058</accessionNum><description>Aerostatic lift of helium and hydrogen in the atmosphere.PDF</description><fullTitle>Aerostatic lift of helium and hydrogen in the atmosphere.</fullTitle><creator>Warren, J. C.</creator><contributor>Smalley, J. H.</contributor><contributor>Morris, A. L.</contributor><subject>Aerostatic lift</subject><subject>Helium</subject><publisher>National Center for Atmospheric Research (U.S.)</publisher><scientificDivision>Scientific Balloon Facility</scientificDivision><dateOfOriginal>1971</dateOfOriginal><dateItemDigitized>2003</dateItemDigitized><source>ML Report 02608, 50583010060329, PDF3-BkMk</source><format>PDF File, 3993 KB</format><language>English</language><copyright>All uses of library resources, including the digitized collections, should be consistent with U.S. Copyright Law.</copyright></record>