<?xml version="1.0" ?>
<record xmlns:xsi="http://www.w3.org/2001/XMLSchema-instance" xsi:noNamespaceSchemaLocation="http://www.dls.ucar.edu/people/ostwald/Metadata/webcat/webcat-record.xsd"><recordID>TECH-NOTE-000-000-000-468</recordID><url>http://www.library.ucar.edu/uhtbin/hyperion-image/DR000468</url><title>NCAR/TN-317+STR - Global distribution of total cloud cover and cloud type amounts over the ocean. Part 2.</title><itemType>REPORT</itemType><accessLevel>EXTENDED PUBLIC</accessLevel><accessionNum>DR000468</accessionNum><description>Global distribution of total cloud cover and cloud type amounts over the ocean. Part 2.PDF</description><fullTitle>Global distribution of total cloud cover and cloud type amounts over the ocean. Part 2.</fullTitle><creator>Warren, Stephen G.</creator><contributor>Hahn, Carol H.</contributor><contributor>London, Julius</contributor><contributor>Chervin, Robert M.</contributor><contributor>Jenne, Roy L.</contributor><publisher>National Center for Atmospheric Research (U.S.)</publisher><dateOfOriginal>1988</dateOfOriginal><dateItemDigitized>2003</dateItemDigitized><source>PDF 16 BkMk</source><source>Clouds -- Atlases.</source><format>PDF File, 10,466 KB</format><language>English</language><copyright>All uses of library resources, including the digitized collections, should be consistent with U.S. Copyright Law.</copyright></record>