<?xml version="1.0" ?>
<record xmlns:xsi="http://www.w3.org/2001/XMLSchema-instance" xsi:noNamespaceSchemaLocation="http://www.dls.ucar.edu/people/ostwald/Metadata/webcat/webcat-record.xsd"><recordID>TECH-NOTE-000-000-000-387</recordID><url>http://www.library.ucar.edu/uhtbin/hyperion-image/DR000387</url><title>NCAR/TN-446+STR - Coronal Magnetometry: a feasibility study.</title><itemType>REPORT</itemType><accessLevel>EXTENDED PUBLIC</accessLevel><accessionNum>DR000387</accessionNum><description>Coronal Magnetometry: a feasibility study..PDF</description><fullTitle>Coronal Magnetometry: a feasibility study.</fullTitle><creator>Judge, P. G.</creator><contributor>Casini, T.</contributor><contributor>Tomczyk, S.</contributor><contributor>Edwards, D. P.</contributor><contributor>Francis, E.</contributor><subject>High Altitude Observatory</subject><subject>Magnetic field</subject><publisher>National Center for Atmospheric Research (U.S.).</publisher><scientificDivision>High Altitude Observatory</scientificDivision><dateOfOriginal>2001</dateOfOriginal><dateItemDigitized>2003</dateItemDigitized><source>PDF 15 BkMk</source><format>PDF File, 5412 KB</format><language>English</language><copyright>All uses of library resources, including the digitized collections, should be consistent with U.S. Copyright Law.</copyright></record>