<?xml version="1.0" ?>
<record xmlns:xsi="http://www.w3.org/2001/XMLSchema-instance" xsi:noNamespaceSchemaLocation="http://www.dls.ucar.edu/people/ostwald/Metadata/webcat/webcat-record.xsd"><recordID>TECH-NOTE-000-000-000-238</recordID><url>http://www.library.ucar.edu/uhtbin/hyperion-image/DR000238</url><title>NCAR/TN-427+PPR - CEDAR database committee report.</title><itemType>REPORT</itemType><accessLevel>EXTENDED PUBLIC</accessLevel><accessionNum>DR000238</accessionNum><description>CEDAR database committee report.PDF</description><fullTitle>CEDAR database committee report.</fullTitle><creator>Holt, J. M.</creator><contributor>Emery, B. A.</contributor><subject>Upper Atmosphere</subject><subject>Aeronomy</subject><publisher>National Center for Atmospheric Research (U.S.).</publisher><scientificDivision>High Altitude Observatory.</scientificDivision><dateOfOriginal>1996</dateOfOriginal><dateItemDigitized>2003</dateItemDigitized><source>PDF 14 BkMk</source><format>PDF File, 3156 KB</format><language>English</language><copyright>All uses of library resources, including the digitized collections, should be consistent with U.S. Copyright Law.</copyright></record>