<?xml version="1.0" ?>
<record xmlns:xsi="http://www.w3.org/2001/XMLSchema-instance" xsi:noNamespaceSchemaLocation="http://www.dls.ucar.edu/people/ostwald/Metadata/webcat/webcat-record.xsd"><recordID>TECH-NOTE-000-000-000-234</recordID><url>http://www.library.ucar.edu/uhtbin/hyperion-image/DR000234</url><title>NCAR/TN-423+STR - The NCAR CSM ocean model.</title><itemType>REPORT</itemType><accessLevel>EXTENDED PUBLIC</accessLevel><accessionNum>DR000234</accessionNum><description>The NCAR CSM ocean model.PDF</description><fullTitle>The NCAR CSM ocean model.</fullTitle><fullTitle>English</fullTitle><subject>Sea ice model</subject><subject>Climate model system</subject><publisher>National Center for Atmospheric Research (U.S.).</publisher><scientificDivision>Climate and Global Dynamics Division</scientificDivision><dateOfOriginal>1996</dateOfOriginal><dateItemDigitized>2003</dateItemDigitized><source>PDF 14 BkMk</source><format>PDF File, 3668 KB</format><copyright>All uses of library resources, including the digitized collections, should be consistent with U.S. Copyright Law.</copyright></record>