<?xml version="1.0" ?>
<record xmlns:xsi="http://www.w3.org/2001/XMLSchema-instance" xsi:noNamespaceSchemaLocation="http://www.dls.ucar.edu/people/ostwald/Metadata/webcat/webcat-record.xsd"><recordID>TECH-NOTE-000-000-000-133</recordID><url>http://www.library.ucar.edu/uhtbin/hyperion-image/DR000133</url><title>NCAR/TN-110+STR - Actinides in the environment and their uptake by man.</title><itemType>REPORT</itemType><accessLevel>EXTENDED PUBLIC</accessLevel><accessionNum>DR000133</accessionNum><description>Actinides in the environment and their uptake by man.PDF</description><fullTitle>Actinides in the environment and their uptake by man.</fullTitle><creator>Martell, Edward A.</creator><subject>Plutonium</subject><subject>Health hazards</subject><publisher>National Center for Atmospheric Research (U.S.)</publisher><scientificDivision>Atmospheric Quality and Modification Division</scientificDivision><dateOfOriginal>1975</dateOfOriginal><dateItemDigitized>2003</dateItemDigitized><source>ML Report 02820, 50583010065708, PDF4BkMk</source><format>PDF File, 2616 KB</format><language>English</language><copyright>All uses of library resources, including the digitized collections, should be consistent with U.S. Copyright Law.</copyright></record>