<?xml version="1.0" ?>
<record xmlns:xsi="http://www.w3.org/2001/XMLSchema-instance" xsi:noNamespaceSchemaLocation="http://www.dls.ucar.edu/people/ostwald/Metadata/webcat/webcat-record.xsd"><recordID>TECH-NOTE-000-000-000-144</recordID><url>http://www.library.ucar.edu/uhtbin/hyperion-image/DR000144</url><title>NCAR/TN-333+STR - The NCAR master mechanism of the gas phase chemistry - Version 2.0. Part 1.</title><itemType>REPORT</itemType><accessLevel>EXTENDED PUBLIC</accessLevel><accessionNum>DR000144</accessionNum><description>The NCAR master mechanism of the gas phase chemistry - Version 2.0. Part 1.PDF</description><fullTitle>The NCAR master mechanism of the gas phase chemistry - Version 2.0. Part 1.</fullTitle><creator>Madronich, Sasha</creator><contributor>Calvert, Jack G.</contributor><subject>Chemistry</subject><subject>Gas phase chemistry</subject><scientificDivision>Atmospheric Chemistry Division</scientificDivision><dateOfOriginal>1989</dateOfOriginal><dateItemDigitized>2003</dateItemDigitized><source>PDF 12 BkMk</source><format>PDF File, 5576 KB</format><language>English</language><copyright>All uses of library resources, including the digitized collections, should be consistent with U.S. Copyright Law.</copyright></record>