<?xml version="1.0" ?>
<record xmlns:xsi="http://www.w3.org/2001/XMLSchema-instance" xsi:noNamespaceSchemaLocation="http://www.dls.ucar.edu/people/ostwald/Metadata/webcat/webcat-record.xsd"><recordID>TECH-NOTE-000-000-000-522</recordID><url>http://www.library.ucar.edu/uhtbin/hyperion-image/DR000522</url><title>NCAR/TN-268+IA - An Overview of the scientific computing division.</title><itemType>REPORT</itemType><accessLevel>EXTENDED PUBLIC</accessLevel><accessionNum>DR000522</accessionNum><description>An Overview of the scientific computing division.PDF</description><fullTitle>An Overview of the scientific computing division.</fullTitle><creator>McClellan, Alan</creator><contributor>An Overview of the scientific computing division.</contributor><subject>National Center for Atmospheric Research (U.S.).</subject><publisher>National Center for Atmospheric Research (U.S.).</publisher><scientificDivision>Scientific Computing Division</scientificDivision><dateOfOriginal>1986</dateOfOriginal><dateItemDigitized>2003</dateItemDigitized><source>PDF 10 BkMk</source><format>PDF File, 2861 KB</format><language>English</language><copyright>All uses of library resources, including the digitized collections, should be consistent with U.S. Copyright Law.</copyright></record>