<?xml version="1.0" ?>
<record xmlns:xsi="http://www.w3.org/2001/XMLSchema-instance" xsi:noNamespaceSchemaLocation="http://www.dls.ucar.edu/people/ostwald/Metadata/webcat/webcat-record.xsd"><recordID>TECH-NOTE-000-000-000-318</recordID><url>http://www.library.ucar.edu/uhtbin/hyperion-image/DR000318</url><title>NCAR/TN-161+IA - An introduction to the SCD graphics system.</title><itemType>REPORT</itemType><accessLevel>EXTENDED PUBLIC</accessLevel><accessionNum>DR000318</accessionNum><description>An introduction to the SCD graphics system.PDF</description><fullTitle>An introduction to the SCD graphics system.</fullTitle><creator>McArthur, Gregory R.</creator><contributor>Henderson, Lofton R.</contributor><subject>SCD Graphics System</subject><subject>Mathematics</subject><subject>Computer Science</subject><publisher>Scientific Computing Division</publisher><scientificDivision>Scientific Computing Division</scientificDivision><dateOfOriginal>1981</dateOfOriginal><dateItemDigitized>2003</dateItemDigitized><source>ML Report 03040, PDF6BkMk</source><format>PDF File, 1169 KB</format><language>English</language><copyright>All uses of library resources, including the digitized collections, should be consistent with U.S. Copyright Law.</copyright></record>