<?xml version="1.0" ?>
<record xmlns:xsi="http://www.w3.org/2001/XMLSchema-instance" xsi:noNamespaceSchemaLocation="http://www.dls.ucar.edu/people/ostwald/Metadata/webcat/webcat-record.xsd"><recordID>TECH-NOTE-000-000-000-145</recordID><url>http://www.library.ucar.edu/uhtbin/hyperion-image/DR000145</url><title>NCAR/TN-334+IA - NetCDF user's guide: an interface for data access Version 1.11</title><itemType>REPORT</itemType><accessLevel>EXTENDED PUBLIC</accessLevel><accessionNum>DR000145</accessionNum><description>NetCDF user's guide: an interface for data access Version 1.11.PDF</description><fullTitle>NetCDF user's guide: an interface for data access Version 1.11</fullTitle><subject>Mathematics</subject><subject>NetCDF interface</subject><subject>Computer science</subject><publisher>National Center for Atmospheric Research (U.S.).</publisher><scientificDivision>Unidata Program Center</scientificDivision><dateOfOriginal>1991</dateOfOriginal><dateItemDigitized>2003</dateItemDigitized><source>PDF 12 BkMk</source><format>PDF File 6025 KB</format><language>English</language><copyright>All uses of library resources, including the digitized collections, should be consistent with U.S. Copyright Law.</copyright></record>