<?xml version="1.0" ?>
<record xmlns:xsi="http://www.w3.org/2001/XMLSchema-instance" xsi:noNamespaceSchemaLocation="http://www.dls.ucar.edu/people/ostwald/Metadata/webcat/webcat-record.xsd"><recordID>TECH-NOTE-000-000-000-129</recordID><url>http://www.library.ucar.edu/uhtbin/hyperion-image/DR000129</url><title>NCAR/TN-96+IA - Marine aerosols: a selective bibliography.</title><itemType>REPORT</itemType><accessLevel>EXTENDED PUBLIC</accessLevel><accessionNum>DR000129</accessionNum><description>Marine aerosols: a selective bibliography.PDF</description><fullTitle>Marine aerosols: a selective bibliography.</fullTitle><creator>Haymes, Mary F., compiler.</creator><subject>Marine aerosols</subject><subject>Bibliography</subject><publisher>National Center for Atmospheric Research (U.S.)</publisher><scientificDivision>Communications Services Dept.</scientificDivision><dateOfOriginal>1974</dateOfOriginal><dateItemDigitized>2003</dateItemDigitized><source>ML Report 02714, 50583010061681, PDF4BkMk</source><format>PDF File, 5367 KB</format><language>English</language><copyright>All uses of library resources, including the digitized collections, should be consistent with U.S. Copyright Law.</copyright></record>