<?xml version="1.0" ?>
<record xmlns:xsi="http://www.w3.org/2001/XMLSchema-instance" xsi:noNamespaceSchemaLocation="http://www.dls.ucar.edu/people/ostwald/Metadata/webcat/webcat-record.xsd"><recordID>TECH-NOTE-000-000-000-061</recordID><url>http://www.library.ucar.edu/uhtbin/hyperion-image/DR000061</url><title>NCAR/TN-72/1 - The National Hail Research Experiment summer 1971 summary report</title><itemType>REPORT</itemType><accessLevel>EXTENDED PUBLIC</accessLevel><accessionNum>DR000061</accessionNum><description>The National Hail Research Experiment summer 1971 summary report.JPG</description><fullTitle>The National Hail Research Experiment summer 1971 summary report.</fullTitle><subject>Hail -- research</subject><subject>Hail control -- research</subject><publisher>National Center for Atmospheric Research (U.S.)</publisher><scientificDivision>Laboratory of Atmospheric Sciences</scientificDivision><dateOfOriginal>1972</dateOfOriginal><dateItemDigitized>2003</dateItemDigitized><source>ML Report 02646, 50583010060436, PDF3-BkMk</source><format>PDF File, 8245 KB</format><language>English</language><copyright>All uses of library resources, including the digitized collections, should be consistent with U.S. Copyright Law.</copyright></record>