<?xml version="1.0" ?>
<record xmlns:xsi="http://www.w3.org/2001/XMLSchema-instance" xsi:noNamespaceSchemaLocation="http://www.dls.ucar.edu/people/ostwald/Metadata/webcat/webcat-record.xsd"><recordID>TECH-NOTE-000-000-000-429</recordID><url>http://www.library.ucar.edu/uhtbin/hyperion-image/DR000429</url><title>NCAR/TN-231+STR - Monthly mean determination of solar semidiurnal surface pressure oscillation, Batavia,1866-1944.</title><itemType>REPORT</itemType><accessLevel>EXTENDED PUBLIC</accessLevel><accessionNum>DR000429</accessionNum><description>Monthly mean determination of solar semidiurnal surface pressure oscillation, Batavia,1866-1944.PDF</description><fullTitle>Monthly mean determination of the solar semidiurnal surface pressure oscillation at Batavia from 1866 through 1944.</fullTitle><creator>Garcia, Rolando R.</creator><contributor>Hamilton, Kevin</contributor><subject>Solar tides -- Batavia</subject><publisher>National Center for Atmospheric Research (U.S.).</publisher><scientificDivision>Atmospheric Chemistry and Aeronomy Division</scientificDivision><dateOfOriginal>1984</dateOfOriginal><dateItemDigitized>2003</dateItemDigitized><source>PDF 8 BkMk</source><format>PDF File, 615 KB</format><language>English</language><copyright>All uses of library resources, including the digitized collections, should be consistent with U.S. Copyright Law.</copyright></record>