<?xml version="1.0" ?>
<record xmlns:xsi="http://www.w3.org/2001/XMLSchema-instance" xsi:noNamespaceSchemaLocation="http://www.dls.ucar.edu/people/ostwald/Metadata/webcat/webcat-record.xsd"><recordID>TECH-NOTE-000-000-000-139</recordID><url>http://www.library.ucar.edu/uhtbin/hyperion-image/DR000139</url><title>NCAR/TN-97+STR - Carrier balloon test flights from Oakey, Australia, January 1973</title><itemType>REPORT</itemType><accessLevel>EXTENDED PUBLIC</accessLevel><accessionNum>DR000139</accessionNum><description>Carrier balloon test flights from Oakey, Australia, January 1973.PDF</description><fullTitle>Carrier balloon test flights from Oakey, Australia, January 1973.</fullTitle><creator>Frykman, Robert W.</creator><contributor>Johnson, Paul H.</contributor><contributor>Lally, Vincent E.</contributor><contributor>Schumann, Aubrey P.</contributor><contributor>Stenlund, Sigvard J.</contributor><subject>Balloons</subject><subject>Balloon materials testing</subject><publisher>National Center for Atmospheric Research (U.S.)</publisher><scientificDivision>Atmospheric Technology Division</scientificDivision><dateOfOriginal>1974</dateOfOriginal><dateItemDigitized>2003</dateItemDigitized><source>ML Report 02803, 50583010064339, PDF4BkMk</source><format>PDF File, 5557 KB</format><language>English</language><copyright>All uses of library resources, including the digitized collections, should be consistent with U.S. Copyright Law.</copyright></record>