<?xml version="1.0" ?>
<record xmlns:xsi="http://www.w3.org/2001/XMLSchema-instance" xsi:noNamespaceSchemaLocation="http://www.dls.ucar.edu/people/ostwald/Metadata/webcat/webcat-record.xsd"><recordID>TECH-NOTE-000-000-000-256</recordID><url>http://www.library.ucar.edu/uhtbin/hyperion-image/DR000256</url><title>NCAR/TN-123+STR - Jan. &amp; July simulation exps with the 2.5 latitude-longitude ver. of the NCAR GCM. V.2.</title><itemType>REPORT</itemType><accessLevel>EXTENDED PUBLIC</accessLevel><accessionNum>DR000256</accessionNum><description>Jan. &amp; July simulation exps with the 2.5 latitude-longitude ver. of the NCAR GCM. V. 2 - figures.PDF</description><fullTitle>January and July simulation experiments with the 2.5 latitude-longitude version of the NCAR general circulation model. Vol. 2 -- figures.</fullTitle><creator>Washington, Warren M.</creator><contributor>Otto-Bliesner, Bette</contributor><contributor>Williamson, Gloria</contributor><subject>GCM model</subject><subject>Meteorological research</subject><publisher>National Center for Atmospheric Research (U.S.)</publisher><scientificDivision>Atmospheric Analysis and Prediction Division</scientificDivision><dateOfOriginal>1977</dateOfOriginal><dateItemDigitized>2003</dateItemDigitized><source>ML Report 02929, PDF5BkMk</source><format>PDF File, 3466 KB</format><language>English</language><copyright>All uses of library resources, including the digitized collections, should be consistent with U.S. Copyright Law.</copyright></record>