<?xml version="1.0" ?>
<record xmlns:xsi="http://www.w3.org/2001/XMLSchema-instance" xsi:noNamespaceSchemaLocation="http://www.dls.ucar.edu/people/ostwald/Metadata/webcat/webcat-record.xsd"><recordID>TECH-NOTE-000-000-000-533</recordID><url>http://www.library.ucar.edu/uhtbin/hyperion-image/DR000533</url><title>NCAR/TN-281+IA - Verify - The MM4 verification processor.</title><itemType>REPORT</itemType><accessLevel>EXTENDED PUBLIC</accessLevel><accessionNum>DR000533</accessionNum><description>Verify - The MM4 verification processor.PDF</description><fullTitle>Verify - The MM4 verification processor.</fullTitle><creator>Bettge, Thomas W.</creator><contributor>Anthes, Richard A.</contributor><subject>Atmospheric Science</subject><subject>Verification processor</subject><publisher>National Center for Atmospheric Research (U.S.).</publisher><scientificDivision>Acid Deposition Modeling Project</scientificDivision><dateOfOriginal>1987</dateOfOriginal><dateItemDigitized>2003</dateItemDigitized><source>PDF 10 BkMk</source><format>PDF File, 3015 KB</format><language>English</language><copyright>All uses of library resources, including the digitized collections, should be consistent with U.S. Copyright Law.</copyright></record>