<?xml version="1.0" ?>
<record xmlns:xsi="http://www.w3.org/2001/XMLSchema-instance" xsi:noNamespaceSchemaLocation="http://www.dls.ucar.edu/people/ostwald/Metadata/webcat/webcat-record.xsd"><recordID>TECH-NOTE-000-000-000-426</recordID><url>http://www.library.ucar.edu/uhtbin/hyperion-image/DR000426</url><title>NCAR/TN-228+IA - The NCAR local network</title><itemType>REPORT</itemType><accessLevel>EXTENDED PUBLIC</accessLevel><accessionNum>DR000426</accessionNum><description>The NCAR local network.PDF</description><fullTitle>The NCAR local network.</fullTitle><contributor>Thanhardt, Erich, technical editor.</contributor><contributor>Cowley, Ann D., technical editor.</contributor><contributor>Besen, Linda C., editor.</contributor><subject>Local area network (Computer network)</subject><subject>Mathematics--Computer Science</subject><publisher>National Center For Atmospheric Research (U.S.).</publisher><scientificDivision>Scientific Computing Division</scientificDivision><dateOfOriginal>1984</dateOfOriginal><dateItemDigitized>2003</dateItemDigitized><source>PDF 8 BkMk</source><format>PDF File, 7331 KB</format><language>English</language><copyright>All uses of library resources, including the digitized collections, should be consistent with U.S. Copyright Law.</copyright></record>