<?xml version="1.0" ?>
<record xmlns:xsi="http://www.w3.org/2001/XMLSchema-instance" xsi:noNamespaceSchemaLocation="http://www.dls.ucar.edu/people/ostwald/Metadata/webcat/webcat-record.xsd"><recordID>TECH-NOTE-000-000-000-600</recordID><url>http://www.library.ucar.edu/uhtbin/hyperion-image/DR000600</url><title>NCAR/TN-458+PROC - Research and development to improve quantitative precipitation forecasts in the warm season.</title><itemType>REPORT</itemType><accessLevel>EXTENDED PUBLIC</accessLevel><accessionNum>DR000600</accessionNum><description>Research and development to improve quantitative precipitation forecasts in the warm season.PDF</description><fullTitle>Research and development to improve quantitative precipitation forecasts in the warm season :: a synopsis of the March 2002 USWRP workshop and statement of priority recommendations.</fullTitle><creator>Fritsch, J. Michael</creator><contributor>Carbone, R. E.</contributor><subject>Forecasts systems.</subject><subject>U. S. Weather Research Program.</subject><publisher>National Center for Atmospheric Research (U.S.).</publisher><scientificDivision>Mesoscale and Microscale Meteorology Division</scientificDivision><dateOfOriginal>2003</dateOfOriginal><dateItemDigitized>2004</dateItemDigitized><format>PDF File</format><language>English</language><copyright>All uses of library resources, including the digitized collections, should be consistent with U.S. Copyright Law.</copyright></record>