<?xml version="1.0" ?>
<record xmlns:xsi="http://www.w3.org/2001/XMLSchema-instance" xsi:noNamespaceSchemaLocation="http://www.dls.ucar.edu/people/ostwald/Metadata/webcat/webcat-record.xsd"><recordID>TECH-NOTE-000-000-000-623</recordID><url>http://www.library.ucar.edu/uhtbin/hyperion-image/DR000623</url><title>NCAR/TN-72+STR - Data catalog for the 1970 Colorado lee wave observational program. Part 3.</title><itemType>REPORT</itemType><accessLevel>EXTENDED PUBLIC</accessLevel><accessionNum>DR000623</accessionNum><description>Data catalog for the 1970 Colorado lee wave observational program. Part 3.PDF</description><fullTitle>Data catalog for the 1970 Colorado lee wave observational program. Part 3.</fullTitle><creator>Lilly, D.</creator><contributor>Pann, Y.</contributor><contributor>Kennedy, P.</contributor><contributor>Toutenhoofd, W.</contributor><subject>Meteorological observations</subject><subject>Lee waves</subject><publisher>National Center for Atmospheric Research (U.S.)</publisher><dateOfOriginal>1971</dateOfOriginal><dateItemDigitized>2003</dateItemDigitized><format>PDF File, 6550 KB</format><language>English</language><copyright>All uses of library resources, including the digitized collections, should be consistent with U.S. Copyright Law.</copyright></record>