<?xml version="1.0" ?>
<record xmlns:xsi="http://www.w3.org/2001/XMLSchema-instance" xsi:noNamespaceSchemaLocation="http://www.dls.ucar.edu/people/ostwald/Metadata/webcat/webcat-record.xsd"><recordID>TECH-NOTE-000-000-000-831</recordID><url>http://www.library.ucar.edu/uhtbin/hyperion-image/DR000831</url><title>NCAR/TN-467+PROC - UCAR/NCAR Junior Faculty Forum on Future Scientific Directions / 18-20 June 2003.</title><itemType>REPORT</itemType><accessLevel>EXTENDED PUBLIC</accessLevel><accessionNum>DR000831</accessionNum><description>UCAR/NCAR Junior Faculty Forum on Future Scientific Directions / 18-20 June 2003.pdf</description><fullTitle>UCAR/NCAR Junior Faculty Forum on Future Scientific Directions / 18-20 June 2003.</fullTitle><subject>Land ecosystems</subject><subject>Atmospheric hydrologic cycle</subject><subject>Predictability</subject><subject>Water cycle</subject><publisher>National Center for Atmospheric Research (U.S.).</publisher><scientificDivision>Advanced Study Program.</scientificDivision><dateOfOriginal>2006</dateOfOriginal><dateItemDigitized>2006</dateItemDigitized><date>June 18-20, 2003</date><format>PDF File, 733 B</format><language>English</language><copyright>All uses of library resources, including the digitized collections, should be consistent with U.S. Copyright Law.</copyright></record>