<?xml version="1.0" ?>
<record xmlns:xsi="http://www.w3.org/2001/XMLSchema-instance" xsi:noNamespaceSchemaLocation="http://www.dls.ucar.edu/people/ostwald/Metadata/webcat/webcat-record.xsd"><recordID>TECH-NOTE-000-000-000-016</recordID><url>http://www.library.ucar.edu/uhtbin/hyperion-image/DR000016</url><title>NCAR/TN-20+PPR - Ballooning support for cosmic-ray experiments</title><itemType>REPORT</itemType><accessLevel>EXTENDED PUBLIC</accessLevel><accessionNum>DR000016</accessionNum><description>Ballooning support for cosmic-ray experiments.PDF</description><fullTitle>Ballooning support for cosmic-ray experiments: joint United States - India international quiet sun year equatorial expedition 6 March - 9 April 1965.</fullTitle><creator>Kubara, Robert S.</creator><contributor>Stiller, Bertram</contributor><subject>Cosmic-rays</subject><subject>International years of the quiet sun, 1964-1965</subject><subject>Balloons, sounding</subject><publisher>National Center for Atmospheric Research (U.S.)</publisher><scientificDivision>Atmospheric Technology Divsion</scientificDivision><dateOfOriginal>1966</dateOfOriginal><dateItemDigitized>2003</dateItemDigitized><source>ML Report 02031, 50583010045072, PDF1-BkMk</source><format>PDF file, 4356 KB</format><language>English</language><copyright>All uses of library resources, including the digitized collections, should be consistent with U.S. Copyright Law.</copyright></record>