<?xml version="1.0" ?>
<record xmlns:xsi="http://www.w3.org/2001/XMLSchema-instance" xsi:noNamespaceSchemaLocation="http://www.dls.ucar.edu/people/ostwald/Metadata/webcat/webcat-record.xsd"><recordID>TECH-NOTE-000-000-000-168</recordID><url>http://www.library.ucar.edu/uhtbin/hyperion-image/DR000168</url><title>NCAR/TN-358+STR - Temp. depend. infrared cross sec.: CFC-11, CFC-12, CFC-13, CFC-14, CFC-22, CFC-113, CFC-114, &amp; CFC-115</title><itemType>REPORT</itemType><accessLevel>EXTENDED PUBLIC</accessLevel><accessionNum>DR000168</accessionNum><description></description><fullTitle>Temperature dependent infrared cross sections for CFC-11, CFC-12, CFC-13, CFC-14, CFC-22, CFC-113, CFC-114, and CFC-115.</fullTitle><creator>Massie, S.T.</creator><contributor>Goldman, A.</contributor><contributor>McDaniel A. H.</contributor><contributor>Cantrell, C. A.</contributor><contributor>Davidson, J. A.</contributor><contributor>Shetter, R. E.</contributor><contributor>Calvert, J. G.</contributor><subject>Chemistry</subject><subject>Temperature</subject><subject>Chlorofluorocarbon</subject><publisher>National Center for Atmospheric Research (U.S.).</publisher><scientificDivision>Atmospheric Chemistry Division</scientificDivision><dateOfOriginal>1991</dateOfOriginal><dateItemDigitized>2003</dateItemDigitized><source>PDF 12 BkMk</source><format>PDF File, 1797 KB</format><language>English</language><copyright>All uses of library resources, including the digitized collections, should be consistent with U.S. Copyright Law.</copyright></record>