<?xml version="1.0" ?>
<record xmlns:xsi="http://www.w3.org/2001/XMLSchema-instance" xsi:noNamespaceSchemaLocation="http://www.dls.ucar.edu/people/ostwald/Metadata/webcat/webcat-record.xsd"><recordID>TECH-NOTE-000-000-000-718</recordID><url>http://www.library.ucar.edu/uhtbin/hyperion-image/DR000718</url><title>NCAR/TN-416+STR - The global distribution of freshwater wetlands.</title><itemType>REPORT</itemType><accessLevel>EXTENDED PUBLIC</accessLevel><accessionNum>DR000718</accessionNum><description>The global distribution of freshwater wetlands.PDF</description><fullTitle>The global distribution of freshwater wetlands.</fullTitle><creator>Stillwell-Soller, L. M.</creator><contributor>Klinger, L. F.</contributor><contributor>Pollard, D.</contributor><contributor>Thompson, S. L.</contributor><subject>Wetland ecology.</subject><publisher>National Center for Atmospheric Research (U.S.).</publisher><scientificDivision>Climate and Global Dynamics Division</scientificDivision><dateOfOriginal>1995</dateOfOriginal><dateItemDigitized>2004</dateItemDigitized><format>PDF File, 3142 KB</format><language>English</language><copyright>All uses of library resources, including the digitized collections, should be consistent with U.S. Copyright Law.</copyright></record>