<?xml version="1.0" ?>
<record xmlns:xsi="http://www.w3.org/2001/XMLSchema-instance" xsi:noNamespaceSchemaLocation="http://www.dls.ucar.edu/people/ostwald/Metadata/webcat/webcat-record.xsd"><recordID>TECH-NOTE-000-000-000-578</recordID><url>http://www.library.ucar.edu/uhtbin/hyperion-image/DR000578</url><title>NCAR/TN-309+STR - White light solar corona: atlas of 1987 K-coronameter synoptic charts Dec 1986 * Jan 1988.</title><itemType>REPORT</itemType><accessLevel>EXTENDED PUBLIC</accessLevel><accessionNum>DR000578</accessionNum><description>White light solar corona: atlas of 1987 K-coronameter synoptic charts Dec 1986 * Jan 1988.PDF</description><fullTitle>The White light solar corona: an atlas of 1987 K-coronameter synoptic charts December 1986 - January 1988.</fullTitle><creator>Sime, D. G.</creator><contributor>White light solar corona: atlas of 1987 K-coronameter synoptic charts Dec 1986 * Jan 1988.</contributor><contributor>Yasukawa, E.</contributor><contributor>Lundin, E.</contributor><contributor>Hoffman, F.</contributor><contributor>Reppert, P.</contributor><subject>Astronomy -- Astrophysics</subject><subject>Synoptic data</subject><publisher>National Center for Atmospheric Research (U.S.).</publisher><scientificDivision>High Altitude Observatory</scientificDivision><dateOfOriginal>1988</dateOfOriginal><dateItemDigitized>2003</dateItemDigitized><source>PDF 11 BkMk</source><format>PDF File, 4909 KB</format><language>English</language><copyright>All uses of library resources, including the digitized collections, should be consistent with U.S. Copyright Law.</copyright></record>