<?xml version="1.0" ?>
<record xmlns:xsi="http://www.w3.org/2001/XMLSchema-instance" xsi:noNamespaceSchemaLocation="http://www.dls.ucar.edu/people/ostwald/Metadata/webcat/webcat-record.xsd"><recordID>TECH-NOTE-000-000-000-040</recordID><url>http://www.library.ucar.edu/uhtbin/hyperion-image/DR000040</url><title>NCAR/TN-52+PROC - The microphysics and dynamics of convective clouds--a colloquium</title><itemType>REPORT</itemType><accessLevel>EXTENDED PUBLIC</accessLevel><accessionNum>DR000040</accessionNum><description>The microphysics and dynamics of convective clouds--a colloquium.PDF</description><fullTitle>The microphysics and dynamics of convective clouds--a colloquium. A colloquium sponsored by the NCAR Advanced Study Program, 6 July to 18 August 1970</fullTitle><subject>Cloud physics</subject><publisher>National Center for Atmospheric Research (U.S.)</publisher><scientificDivision>Advanced Study Program</scientificDivision><dateOfOriginal>1970</dateOfOriginal><dateItemDigitized>2003</dateItemDigitized><source>QC921.48 .N3 1970, 50583000082887, PDF2BkMk</source><format>PDF file, 9253 KB</format><language>English</language><copyright>All uses of library resources, including the digitized collections, should be consistent with U.S. Copyright Law.</copyright></record>