<?xml version="1.0" ?>
<record xmlns:xsi="http://www.w3.org/2001/XMLSchema-instance" xsi:noNamespaceSchemaLocation="http://www.dls.ucar.edu/people/ostwald/Metadata/webcat/webcat-record.xsd"><recordID>TECH-NOTE-000-000-000-267</recordID><url>http://www.library.ucar.edu/uhtbin/hyperion-image/DR000267</url><title>NCAR/TN-114+PROC - Fellowship program in scientific computing:  internship program for minority students.</title><itemType>REPORT</itemType><accessLevel>EXTENDED PUBLIC</accessLevel><accessionNum>DR000267</accessionNum><description>Fellowship program in scientific computing:  internship program for minority students.PDF</description><fullTitle>Fellowship program in scientific computing:  internship program for minority students.</fullTitle><creator>Adams, Jeanne C., editor.</creator><contributor>Rew, Russell K., editor.</contributor><subject>Scientific computing</subject><subject>Fellowship program</subject><publisher>National Center for Atmospheric Research (U.S.).</publisher><scientificDivision>Atmospheric Technology Division</scientificDivision><dateOfOriginal>1976</dateOfOriginal><dateItemDigitized>2003</dateItemDigitized><source>ML Report 02854, PDF5BkMk</source><format>PDF File, 8255 KB</format><language>English</language><copyright>All uses of library resources, including the digitized collections, should be consistent with U.S. Copyright Law.</copyright></record>