<?xml version="1.0" ?>
<record xmlns:xsi="http://www.w3.org/2001/XMLSchema-instance" xsi:noNamespaceSchemaLocation="http://www.dls.ucar.edu/people/ostwald/Metadata/webcat/webcat-record.xsd"><recordID>TECH-NOTE-000-000-000-105</recordID><url>http://www.library.ucar.edu/uhtbin/hyperion-image/DR000105</url><title>NCAR/TN-29+PROC - Proc. of the atmospheric research aircraft instrumentation wkshp &amp; symp. Nov. 17-18, 1966 - PART 2.</title><itemType>REPORT</itemType><accessLevel>EXTENDED PUBLIC</accessLevel><accessionNum>DR000105</accessionNum><description>Proc. of the atmospheric research aircraft instrumentation wkshp &amp; symp. Nov. 17-18, 1966 - PART 2.</description><fullTitle>Proceedings of the atmospheric research aircraft instrumentation workshop and symposium November 17-18, 1966 Oklahoma City, Oklahoma.</fullTitle><subject>Aircraft research</subject><subject>Aircraft instrumentation</subject><publisher>National Center for Atmospheric Research (U.S.)</publisher><scientificDivision>Atmospheric Technology Division</scientificDivision><dateOfOriginal>1967</dateOfOriginal><dateItemDigitized>2003</dateItemDigitized><source>ML Report 02035, 50583010045114, PDF1-BkMk</source><format>PDF File, 5693 KB</format><language>English</language><copyright>All uses of library resources, including the digitized collections, should be consistent with U.S. Copyright Law.</copyright></record>