<?xml version="1.0" ?>
<record xmlns:xsi="http://www.w3.org/2001/XMLSchema-instance" xsi:noNamespaceSchemaLocation="http://www.dls.ucar.edu/people/ostwald/Metadata/webcat/webcat-record.xsd"><recordID>TECH-NOTE-000-000-000-143</recordID><url>http://www.library.ucar.edu/uhtbin/hyperion-image/DR000143</url><title>NCAR/TN-332+PROC - Meeting review the second NCAR research aircraft fleet workshop.</title><itemType>REPORT</itemType><accessLevel>EXTENDED PUBLIC</accessLevel><accessionNum>DR000143</accessionNum><description>Meeting review the second NCAR research aircraft fleet workshop.PDF</description><fullTitle>Meeting review the second NCAR research aircraft fleet workshop.</fullTitle><creator>Johnson, Warren B.</creator><contributor>Cooper, William  A.</contributor><subject>Engineering</subject><subject>Technology</subject><subject>Aircraft</subject><publisher>National Center for Atmospheric Research (U.S.).</publisher><scientificDivision>Atmospheric Technology Division</scientificDivision><dateOfOriginal>1989</dateOfOriginal><dateItemDigitized>2003</dateItemDigitized><source>PDF 12 BkMk</source><format>PDF File, 5191 KB</format><language>English</language><copyright>All uses of library resources, including the digitized collections, should be consistent with U.S. Copyright Law.</copyright></record>