<?xml version="1.0" ?>
<record xmlns:xsi="http://www.w3.org/2001/XMLSchema-instance" xsi:noNamespaceSchemaLocation="http://www.dls.ucar.edu/people/ostwald/Metadata/webcat/webcat-record.xsd"><recordID>TECH-NOTE-000-000-000-213</recordID><url>http://www.library.ucar.edu/uhtbin/hyperion-image/DR000213</url><title>NCAR/TN-397+IA - Terrain &amp; land use for the 5th-generation Penn State/NCAR mesoscale modeling syst. (MM5): prog. TERRAIN</title><itemType>REPORT</itemType><accessLevel>EXTENDED PUBLIC</accessLevel><accessionNum>DR000213</accessionNum><description>Terrain &amp; land use for the 5th-gen. Penn St./NCAR mesoscale modeling syst. (MM5): prog. TERRAIN.PDF</description><fullTitle>Terrain and land use for the fifth-generation Penn State/NCAR mesoscale modeling system (MM5): program TERRAIN.</fullTitle><creator>Guo, Yong-Run</creator><contributor>Chen, Sue</contributor><subject>MM5</subject><subject>Forecast modeling</subject><publisher>National Center for Atmospheric Research (U.S.).</publisher><scientificDivision>Mesoscale and Microscale Meteorology Division.</scientificDivision><dateOfOriginal>1994</dateOfOriginal><dateItemDigitized>2003</dateItemDigitized><source>PDF 14 BkMk</source><format>PDF File, 4651 KB</format><language>English</language><copyright>All uses of library resources, including the digitized collections, should be consistent with U.S. Copyright Law.</copyright></record>