<?xml version="1.0" ?>
<record xmlns:xsi="http://www.w3.org/2001/XMLSchema-instance" xsi:noNamespaceSchemaLocation="http://www.dls.ucar.edu/people/ostwald/Metadata/webcat/webcat-record.xsd"><recordID>TECH-NOTE-000-000-000-417</recordID><url>http://www.library.ucar.edu/uhtbin/hyperion-image/DR000417</url><title>NCAR/TN-217+IA - Guide to transform software for nonlinear normal-mode initial. of NCAR community forecast model.</title><itemType>REPORT</itemType><accessLevel>EXTENDED PUBLIC</accessLevel><accessionNum>DR000417</accessionNum><description>Guide to transform software for nonlinear normal-mode initial. of NCAR community forecast model.PDF</description><fullTitle>A guide to transform software for nonlinear normal-mode initialization of the NCAR community forecast model.</fullTitle><creator>Errico, Ronald</creator><subject>Atmospheric data</subject><subject>Community Forecast Model</subject><publisher>National Center for Atmospheric Research (U.S.).</publisher><scientificDivision>Atmospheric Analysis and Prediction Division</scientificDivision><dateOfOriginal>1983</dateOfOriginal><dateItemDigitized>2003</dateItemDigitized><source>PDF 8 BkMk</source><format>PDF File, 3033 KB</format><language>English</language><copyright>All uses of library resources, including the digitized collections, should be consistent with U.S. Copyright Law.</copyright></record>