<?xml version="1.0" ?>
<record xmlns:xsi="http://www.w3.org/2001/XMLSchema-instance" xsi:noNamespaceSchemaLocation="http://www.dls.ucar.edu/people/ostwald/Metadata/webcat/webcat-record.xsd"><recordID>TECH-NOTE-000-000-000-344</recordID><url>http://www.library.ucar.edu/uhtbin/hyperion-image/DR000344</url><title>NCAR/TN-191+STR - Stratospheric circulation statistics.</title><itemType>REPORT</itemType><accessLevel>EXTENDED PUBLIC</accessLevel><accessionNum>DR000344</accessionNum><description>Stratospheric circulation statistics.PDF</description><fullTitle>Stratospheric circulation statistics.</fullTitle><creator>Hamilton, Kevin</creator><subject>Stratospheric circulation</subject><subject>Northern Hemisphere</subject><publisher>National Center for Atmospheric Research (U.S.).</publisher><scientificDivision>Advanced Study Program</scientificDivision><dateOfOriginal>1982</dateOfOriginal><dateItemDigitized>2003</dateItemDigitized><source>PDF 7 BkMk</source><format>PDF File, 4035 KB</format><language>English</language><copyright>All uses of library resources, including the digitized collections, should be consistent with U.S. Copyright Law.</copyright></record>