<?xml version="1.0" ?>
<record xmlns:xsi="http://www.w3.org/2001/XMLSchema-instance" xsi:noNamespaceSchemaLocation="http://www.dls.ucar.edu/people/ostwald/Metadata/webcat/webcat-record.xsd"><recordID>TECH-NOTE-000-000-000-057</recordID><url>http://www.library.ucar.edu/uhtbin/hyperion-image/DR000057</url><title>NCAR/TN-67+IA - Library routines manual</title><itemType>REPORT</itemType><accessLevel>EXTENDED PUBLIC</accessLevel><accessionNum>DR000057</accessionNum><description>Library routines manual.PDF</description><fullTitle>Library routines manual.</fullTitle><creator>Adams, J. C.</creator><contributor>Rotar, P. A.</contributor><subject>Operating systems - computers</subject><subject>Computer programs - handbooks, manuals</subject><publisher>National Center for Atmospheric Research (U.S.)</publisher><scientificDivision>Atmospheric Technology Division</scientificDivision><dateOfOriginal>1971</dateOfOriginal><dateItemDigitized>2003</dateItemDigitized><source>PDF3-BkMk</source><format>PDF File, 9477 KB</format><language>English</language><copyright>All uses of library resources, including the digitized collections, should be consistent with U.S. Copyright Law.</copyright></record>