<?xml version="1.0" ?>
<record xmlns:xsi="http://www.w3.org/2001/XMLSchema-instance" xsi:noNamespaceSchemaLocation="http://www.dls.ucar.edu/people/ostwald/Metadata/webcat/webcat-record.xsd"><recordID>TECH-NOTE-000-000-000-086</recordID><url>http://www.library.ucar.edu/uhtbin/hyperion-image/DR000086</url><title>NCAR/TN-10+STR - Two years of regular ozone soundings over Boulder, Colorado - PART 1</title><itemType>REPORT</itemType><accessLevel>EXTENDED PUBLIC</accessLevel><accessionNum>DR000086</accessionNum><description>Two years of regular ozone soundings over Boulder, Colorado - PART 1.PDF</description><fullTitle>Two years of regular ozone soundings over Boulder, Colorado - PART 1</fullTitle><creator>Dutsch, Hans Ulrich</creator><subject>Atmospheric ozone -- observations</subject><subject>Atmosphere, upper -- radiosonde observations</subject><publisher>National Center for Atmospheric Research (U.S.)</publisher><scientificDivision>High Altitude Observatory</scientificDivision><dateOfOriginal>1966</dateOfOriginal><dateItemDigitized>2003</dateItemDigitized><source>ML Report 02033, 50583010045098, PDF1BkMk</source><format>PDF File, 8084 KB</format><language>English</language><copyright>All uses of library resources, including the digitized collections, should be consistent with U.S. Copyright Law.</copyright></record>