<?xml version="1.0" ?>
<record xmlns:xsi="http://www.w3.org/2001/XMLSchema-instance" xsi:noNamespaceSchemaLocation="http://www.dls.ucar.edu/people/ostwald/Metadata/webcat/webcat-record.xsd"><recordID>TECH-NOTE-000-000-000-342</recordID><url>http://www.library.ucar.edu/uhtbin/hyperion-image/DR000342</url><title>NCAR/TN-188+STR - The white light solar corona an atlas of K-coronameter synoptic charts August 1980 - September 1981.</title><itemType>REPORT</itemType><accessLevel>EXTENDED PUBLIC</accessLevel><accessionNum>DR000342</accessionNum><description>White light solar corona an atlas of K-coronameter synoptic charts August 1980 - September 1981.PDF</description><fullTitle>The white light solar corona an atlas of K-coronameter synoptic charts August 1980 - September 1981.</fullTitle><creator>Fisher, R.</creator><contributor>Garcia, C.</contributor><contributor>Rock, K.</contributor><contributor>Seagraves, P.</contributor><contributor>Yasukawa, E.</contributor><subject>Synoptic data</subject><subject>White light solar corona</subject><publisher>National Center for Atmospheric Research (U.S.).</publisher><scientificDivision>High Altutude Observatory</scientificDivision><dateOfOriginal>1982</dateOfOriginal><dateItemDigitized>2003</dateItemDigitized><source>PDF 7 BkMk</source><format>PDF File, 7086 KB</format><language>English</language><copyright>All uses of library resources, including the digitized collections, should be consistent with U.S. Copyright Law.</copyright></record>