<?xml version="1.0" ?>
<record xmlns:xsi="http://www.w3.org/2001/XMLSchema-instance" xsi:noNamespaceSchemaLocation="http://www.dls.ucar.edu/people/ostwald/Metadata/webcat/webcat-record.xsd"><recordID>TECH-NOTE-000-000-000-071</recordID><url>http://www.library.ucar.edu/uhtbin/hyperion-image/DR000071</url><title>NCAR-7100-76/4 - Relationships between crop damage and hailfall parameters on the high plains</title><itemType>REPORT</itemType><accessLevel>EXTENDED PUBLIC</accessLevel><accessionNum>DR000071</accessionNum><description>Relationships between crop damage and hailfall parameters on the high plains.PDF</description><fullTitle>Relationships between crop damage and hailfall parameters on the high plains.</fullTitle><creator>Garcia, Rolando R.</creator><contributor>Weiss, Barry E.</contributor><contributor>Murphy, Allan H.</contributor><subject>Crop damage</subject><subject>Hailfall</subject><publisher>National Center for Atmospheric Research (U.S.)</publisher><scientificDivision>Laboratory of Atmospheric Sciences</scientificDivision><dateOfOriginal>1976</dateOfOriginal><dateItemDigitized>2003</dateItemDigitized><source>ML Report 03000, 50583010069148, PDF3-BkMk</source><format>PDF File, 1290 KB</format><language>English</language><copyright>All uses of library resources, including the digitized collections, should be consistent with U.S. Copyright Law.</copyright></record>