<?xml version="1.0" ?>
<record xmlns:xsi="http://www.w3.org/2001/XMLSchema-instance" xsi:noNamespaceSchemaLocation="http://www.dls.ucar.edu/people/ostwald/Metadata/webcat/webcat-record.xsd"><recordID>TECH-NOTE-000-000-000-534</recordID><url>http://www.library.ucar.edu/uhtbin/hyperion-image/DR000534</url><title>NCAR/TN-282+STR - Description of the Penn State/NCAR mesoscale model: Version 4 (MM4).</title><itemType>REPORT</itemType><accessLevel>EXTENDED PUBLIC</accessLevel><accessionNum>DR000534</accessionNum><description>Description of the Penn State/NCAR mesoscale model: Version 4 (MM4).PDF</description><fullTitle>Description of the Penn State/NCAR mesoscale model: Version 4 (MM4).</fullTitle><creator>Anthes, Richard A.</creator><contributor>Hsie, Eirh-Yu</contributor><contributor>Kuo, Ying-Hwa</contributor><subject>Mesoscale model</subject><subject>Atmospheric Science</subject><publisher>National Center for Atmospheric Research (U.S.).</publisher><publisher>National Oceanic and Atmospheric Administration (U.S.). Aeronomy Laboratory</publisher><publisher>National Oceanic and Atmospheric Administration (U.S.). Environmental Research Laboratories</publisher><scientificDivision>Atmospheric Analysis and Prediction Division</scientificDivision><scientificDivision>Acid Deposition Modeling Project</scientificDivision><dateOfOriginal>1987</dateOfOriginal><dateItemDigitized>2003</dateItemDigitized><source>PDF 10 BkMk</source><format>PDF File, 2916 KB</format><language>English</language><copyright>All uses of library resources, including the digitized collections, should be consistent with U.S. Copyright Law.</copyright></record>