<?xml version="1.0" ?>
<record xmlns:xsi="http://www.w3.org/2001/XMLSchema-instance" xsi:noNamespaceSchemaLocation="http://www.dls.ucar.edu/people/ostwald/Metadata/webcat/webcat-record.xsd"><recordID>TECH-NOTE-000-000-000-717</recordID><url>http://www.library.ucar.edu/uhtbin/hyperion-image/DR000717</url><title>NCAR/TN-414+IA - EZPLOT, for publication-quality plots.</title><itemType>REPORT</itemType><accessLevel>EXTENDED PUBLIC</accessLevel><accessionNum>DR000717</accessionNum><description>EZPLOT, for publication-quality plots.PDF</description><fullTitle>EZPLOT, for publication-quality plots.</fullTitle><creator>Guillemot, Christian J.</creator><subject>EZPLOTS.</subject><subject>Plot formats.</subject><publisher>National Center for Atmospheric Research (U.S.).</publisher><scientificDivision>Climate and Global Dynamics Division.</scientificDivision><dateOfOriginal>1995</dateOfOriginal><dateItemDigitized>2004</dateItemDigitized><format>PDF File, 9115 KB</format><language>English</language><copyright>All uses of library resources, including the digitized collections, should be consistent with U.S. Copyright Law.</copyright></record>