<?xml version="1.0" ?>
<record xmlns:xsi="http://www.w3.org/2001/XMLSchema-instance" xsi:noNamespaceSchemaLocation="http://www.dls.ucar.edu/people/ostwald/Metadata/webcat/webcat-record.xsd"><recordID>TECH-NOTE-000-000-000-431</recordID><url>http://www.library.ucar.edu/uhtbin/hyperion-image/DR000431</url><title>NCAR/TN-234+IA - NCAR IBM 4341 Gateway Computers.</title><itemType>REPORT</itemType><accessLevel>EXTENDED PUBLIC</accessLevel><accessionNum>DR000431</accessionNum><description>NCAR IBM 4341 Gateway Computers.PDF</description><fullTitle>NCAR IBM 4341 Gateway Computers.</fullTitle><subject>Scientific computing</subject><publisher>National Center For Atmospheric Research (U.S.).</publisher><scientificDivision>Scientific Computing Division</scientificDivision><dateOfOriginal>1986</dateOfOriginal><dateItemDigitized>2003</dateItemDigitized><source>PDF 8 BkMk</source><format>PDF File, 12,836 KB</format><language>English</language><copyright>All uses of library resources, including the digitized collections, should be consistent with U.S. Copyright Law.</copyright></record>