<?xml version="1.0" ?>
<record xmlns:xsi="http://www.w3.org/2001/XMLSchema-instance" xsi:noNamespaceSchemaLocation="http://www.dls.ucar.edu/people/ostwald/Metadata/webcat/webcat-record.xsd"><recordID>TECH-NOTE-000-000-000-776</recordID><url>http://www.library.ucar.edu/uhtbin/hyperion-image/DR000776</url><title>NCAR/TN-464+STR - Description of the NCAR Community Atmosphere Model (CAM 3.0).</title><itemType>REPORT</itemType><accessLevel>EXTENDED PUBLIC</accessLevel><accessionNum>DR000776</accessionNum><description>Description of the NCAR Community Atmosphere Model (CAM 3.0).PDF</description><fullTitle>Description of the NCAR Community Atmosphere Model (CAM 3.0).</fullTitle><creator>Collins, William D.</creator><contributor>Rasch, Philip J.</contributor><contributor>Boville, Byron A.</contributor><contributor>McCaa, James R.</contributor><contributor>Williamson, David L.</contributor><contributor>Kiehl, Jeffrey T.</contributor><contributor>Briegleb, Bruce</contributor><contributor>Bitz, Cecilia</contributor><contributor>Lin, Shian-Jiann</contributor><contributor>Zhang, Minghua</contributor><contributor>Dai, Youngjiu</contributor><subject>Atmospheric general circulation model</subject><publisher>National Center For Atmospheric Research (U.S.).</publisher><scientificDivision>Climate and Global Dynamics Division.</scientificDivision><dateOfOriginal>2004</dateOfOriginal><dateItemDigitized>2004</dateItemDigitized><format>PDF File, 12,072 KB</format><language>English</language><copyright>All uses of library resources, including the digitized collections, should be consistent with U.S. Copyright Law.</copyright></record>