<?xml version="1.0" ?>
<record xmlns:xsi="http://www.w3.org/2001/XMLSchema-instance" xsi:noNamespaceSchemaLocation="http://www.dls.ucar.edu/people/ostwald/Metadata/webcat/webcat-record.xsd"><recordID>TECH-NOTE-000-000-000-204</recordID><url>http://www.library.ucar.edu/uhtbin/hyperion-image/DR000204</url><title>NCAR/TN-394+STR - Diagnosis and sensitivity of the 200 hPa circulation in NCAR community climate models.</title><itemType>REPORT</itemType><accessLevel>EXTENDED PUBLIC</accessLevel><accessionNum>DR000204</accessionNum><description>Diagnosis and sensitivity of the 200 hPa circulation in NCAR community climate models.PDF</description><fullTitle>Diagnosis and sensitivity of the 200 hPa circulation in NCAR community climate models.</fullTitle><creator>Hoerling, Martin P.</creator><contributor>DeHaan, Laurel L.</contributor><contributor>Hurrell, James W.</contributor><subject>Community climate model</subject><subject>Atmospheric science</subject><publisher>National Center for Atmospheric Research (U.S.).</publisher><scientificDivision>Climate and Global Dynamics Division</scientificDivision><dateOfOriginal>1993</dateOfOriginal><dateItemDigitized>2003</dateItemDigitized><language>English</language><copyright>All uses of library resources, including the digitized collections, should be consistent with U.S. Copyright Law.</copyright></record>