<?xml version="1.0" ?>
<record xmlns:xsi="http://www.w3.org/2001/XMLSchema-instance" xsi:noNamespaceSchemaLocation="http://www.dls.ucar.edu/people/ostwald/Metadata/webcat/webcat-record.xsd"><recordID>TECH-NOTE-000-000-000-291</recordID><url>http://www.library.ucar.edu/uhtbin/hyperion-image/DR000291</url><title>NCAR/TN-141+STR - Daily high-latitude 150 mb pressure maps: TWERLE &amp; rawinsondes/Pt.1:  16 Nov. 1975-31 Jan. 1976</title><itemType>REPORT</itemType><accessLevel>EXTENDED PUBLIC</accessLevel><accessionNum>DR000291</accessionNum><description>Daily high-latitude 150 mb pressure maps: TWERLE &amp; rawinsondes/Pt.1:  16 Nov. 1975-31 Jan. 1976.PDF</description><fullTitle>Daily high-latitude 150 mb pressure maps from TWERLE and rawinsondes / Part 1:  16 November 1975 - 31 January 1976.</fullTitle><creator>Levanon, Nadav</creator><contributor>Yona, Eyal</contributor><contributor>Julian, Paul R.</contributor><contributor>Shea, Dennis</contributor><contributor>Massman, William</contributor><subject>Tropical Wind, Reference Level, and Energy Conversion Experiment -- TWERLE</subject><subject>Balloon platforms</subject><publisher>National Center for Atmospheric Research (U.S.)</publisher><scientificDivision>Atmospheric Analysis and Prediction Division</scientificDivision><dateOfOriginal>1979</dateOfOriginal><dateItemDigitized>2003</dateItemDigitized><source>ML Report 02976, PDF5BkMk</source><format>PDF File, 3842 KB</format><language>English</language><copyright>All uses of library resources, including the digitized collections, should be consistent with U.S. Copyright Law.</copyright></record>