<?xml version="1.0" ?>
<record xmlns:xsi="http://www.w3.org/2001/XMLSchema-instance" xsi:noNamespaceSchemaLocation="http://www.dls.ucar.edu/people/ostwald/Metadata/webcat/webcat-record.xsd"><recordID>TECH-NOTE-000-000-000-097</recordID><url>http://www.library.ucar.edu/uhtbin/hyperion-image/DR000097</url><title>NCAR/TN-22+PROC - On atmospheric simulation: a colloquium - PART 1.</title><itemType>REPORT</itemType><accessLevel>EXTENDED PUBLIC</accessLevel><accessionNum>DR000097</accessionNum><description>NCAR/TN-22+PROC - On atmospheric simulation: a colloquium - PART 1.PDF</description><fullTitle>On atmospheric simulation: a colloquium - PART 1.</fullTitle><creator>Hidy, George M., chairman.</creator><subject>Atmospheric simulation</subject><subject>Atmospheric research</subject><publisher>National Center for Atmospheric Research (U.S.)</publisher><scientificDivision>Advanced Study Program</scientificDivision><dateOfOriginal>1966</dateOfOriginal><dateItemDigitized>2003</dateItemDigitized><source>ML Report 02607, 50583010059487,  PDF1-BkMk</source><format>PDF File, 6210 KB</format><language>English</language><copyright>All uses of library resources, including the digitized collections, should be consistent with U.S. Copyright Law.</copyright></record>