<?xml version="1.0" ?>
<record xmlns:xsi="http://www.w3.org/2001/XMLSchema-instance" xsi:noNamespaceSchemaLocation="http://www.dls.ucar.edu/people/ostwald/Metadata/webcat/webcat-record.xsd"><recordID>TECH-NOTE-000-000-000-156</recordID><url>http://www.library.ucar.edu/uhtbin/hyperion-image/DR000156</url><title>NCAR/TN-345+STR - A Global monthly sea surface temperature climatology. Part 1.</title><itemType>REPORT</itemType><accessLevel>EXTENDED PUBLIC</accessLevel><accessionNum>DR000156</accessionNum><description>A Global monthly sea surface temperature climatology. Part 1.PDF</description><fullTitle>A Global monthly sea surface temperature climatology. Part 1.</fullTitle><creator>Shea, Dennis J.</creator><contributor>Trenberth, Kevin E.</contributor><contributor>Reynolds, Richard W.</contributor><subject>Atmospheric science</subject><subject>Sea surface temperature</subject><subject>Ocean-atmosphere</subject><scientificDivision>Climate And Global Dynamics Division</scientificDivision><dateOfOriginal>1990</dateOfOriginal><dateItemDigitized>2003</dateItemDigitized><source>PDF 12 BkMk</source><language>English</language><copyright>All uses of library resources, including the digitized collections, should be consistent with U.S. Copyright Law.</copyright></record>