<?xml version="1.0" ?>
<record xmlns:xsi="http://www.w3.org/2001/XMLSchema-instance" xsi:noNamespaceSchemaLocation="http://www.dls.ucar.edu/people/ostwald/Metadata/webcat/webcat-record.xsd"><recordID>TECH-NOTE-000-000-000-515</recordID><url>http://www.library.ucar.edu/uhtbin/hyperion-image/DR000515</url><title>NCAR/TN-262+IA - Introduction to the CCM modular processor (version PROCO1).</title><itemType>REPORT</itemType><accessLevel>EXTENDED PUBLIC</accessLevel><accessionNum>DR000515</accessionNum><description>Introduction to the CCM modular processor (version PROCO1).PDF</description><fullTitle>Introduction to the CCM modular processor (version PROCO1).</fullTitle><creator>Dias, Michael A.</creator><subject>CCM modular processor</subject><publisher>National Center for Atmospheric Research (U.S.).</publisher><scientificDivision>Atmospheric Analysis and Prediction Division</scientificDivision><dateOfOriginal>1986</dateOfOriginal><dateItemDigitized>2003</dateItemDigitized><source>PDF 10 BkMk</source><format>PDF File, 2157 KB</format><language>English</language><copyright>All uses of library resources, including the digitized collections, should be consistent with U.S. Copyright Law.</copyright></record>