<?xml version="1.0" ?>
<record xmlns:xsi="http://www.w3.org/2001/XMLSchema-instance" xsi:noNamespaceSchemaLocation="http://www.dls.ucar.edu/people/ostwald/Metadata/webcat/webcat-record.xsd"><recordID>TECH-NOTE-000-000-000-236</recordID><url>http://www.library.ucar.edu/uhtbin/hyperion-image/DR000236</url><title>NCAR/TN-425+STR - The NCAR CSM sea ice model.</title><itemType>REPORT</itemType><accessLevel>EXTENDED PUBLIC</accessLevel><accessionNum>DR000236</accessionNum><description>The NCAR CSM sea ice model.PDF</description><fullTitle>The NCAR CSM sea ice model.</fullTitle><creator>Bettge, Thomas W.</creator><contributor>Weatherly, John W.</contributor><contributor>Washington, Warren M.</contributor><contributor>Pollard, David</contributor><contributor>Briegleb, Bruce P.</contributor><contributor>Strand, Jr., Warren G.</contributor><subject>Sea ice model</subject><subject>Climate model system</subject><publisher>National Center for Atmospheric Research (U.S.).</publisher><scientificDivision>Climate and Global Dynamics Division</scientificDivision><dateOfOriginal>1996</dateOfOriginal><dateItemDigitized>2003</dateItemDigitized><source>ML Report</source><source>PDF 14 BkMk</source><format>PDF File, 1132 KB</format><language>English</language><copyright>All uses of library resources, including the digitized collections, should be consistent with U.S. Copyright Law.</copyright></record>