<?xml version="1.0" ?>
<record xmlns:xsi="http://www.w3.org/2001/XMLSchema-instance" xsi:noNamespaceSchemaLocation="http://www.dls.ucar.edu/people/ostwald/Metadata/webcat/webcat-record.xsd"><recordID>TECH-NOTE-000-000-000-173</recordID><url>http://www.library.ucar.edu/uhtbin/hyperion-image/DR000173</url><title>NCAR/TN-86+STR Chemical (Atmospheric) and Biological Measurements in Panama. Vol. 1: General: Part 2.</title><itemType>REPORT</itemType><accessLevel>EXTENDED PUBLIC</accessLevel><accessionNum>DR000173</accessionNum><description>Chemical (Atmospheric) and Biological Measurements in Panama. Vol. 1: General: part 2.PDF</description><fullTitle>Chemical (Atmospheric) and Biological Measurements in Panama. Vol. 1: General: part 2.</fullTitle><creator>Pate, John B.</creator><contributor>Hutton, Robert S.</contributor><contributor>Lodge, Jr., James P.</contributor><contributor>Sheesley, David C.</contributor><contributor>Wartburg, Arthur F.</contributor><subject>Panama</subject><subject>Chemical measurements</subject><publisher>National Center for Atmospheric Research (U.S.).</publisher><scientificDivision>Atmospheric Quality and Modification Division</scientificDivision><dateOfOriginal>1973</dateOfOriginal><dateItemDigitized>2003</dateItemDigitized><source>ML Report 02890, 50583010065740, PDF4BkMk</source><format>PDF File, 12,636 KB</format><language>English</language><copyright>All uses of library resources, including the digitized collections, should be consistent with U.S. Copyright Law.</copyright></record>