<?xml version="1.0" ?>
<record xmlns:xsi="http://www.w3.org/2001/XMLSchema-instance" xsi:noNamespaceSchemaLocation="http://www.dls.ucar.edu/people/ostwald/Metadata/webcat/webcat-record.xsd"><recordID>TECH-NOTE-000-000-000-560</recordID><url>http://www.library.ucar.edu/uhtbin/hyperion-image/DR000560</url><title>NCAR/TN-285+STR - Description of the NCAR community climate model (CCM1).</title><itemType>REPORT</itemType><accessLevel>EXTENDED PUBLIC</accessLevel><accessionNum>DR000560</accessionNum><description>Description of the NCAR community climate model (CCM1).PDF</description><fullTitle>Description of the NCAR community climate model (CCM1).</fullTitle><creator>Williamson, David L.</creator><contributor>Kiehl, Jeffrey T.</contributor><contributor>Ramanathan, Veerabhadran</contributor><contributor>Dickinson, Robert E.</contributor><contributor>Hack, James J.</contributor><subject>Atmospheric science</subject><subject>Climate modeling</subject><publisher>National Center for Atmospheric Research (U.S.).</publisher><scientificDivision>Climate and Global Dynamics Division</scientificDivision><dateOfOriginal>1987</dateOfOriginal><dateItemDigitized>2003</dateItemDigitized><source>PDF 11 BkMk</source><format>PDF File, 4572 KB</format><language>English</language><copyright>All uses of library resources, including the digitized collections, should be consistent with U.S. Copyright Law.</copyright></record>