<?xml version="1.0" ?>
<record xmlns:xsi="http://www.w3.org/2001/XMLSchema-instance" xsi:noNamespaceSchemaLocation="http://www.dls.ucar.edu/people/ostwald/Metadata/webcat/webcat-record.xsd"><recordID>TECH-NOTE-000-000-000-201</recordID><url>http://www.library.ucar.edu/uhtbin/hyperion-image/DR000201</url><title>NCAR/TN-391+STR - CCM2 Datasets and Circulation Statistics.</title><itemType>REPORT</itemType><accessLevel>EXTENDED PUBLIC</accessLevel><accessionNum>DR000201</accessionNum><description>CCM2 Datasets and Circulation Statistics.PDF</description><fullTitle>CCM2 Datasets and Circulation Statistics.</fullTitle><creator>Williamson, Gloria S.</creator><subject>Circulation statistics</subject><subject>Community Climate Model</subject><publisher>National Center for Atmospheric Research (U.S.).</publisher><scientificDivision>Climate and Global Dynamics Division</scientificDivision><dateOfOriginal>1993</dateOfOriginal><dateItemDigitized>2003</dateItemDigitized><language>English</language><copyright>All uses of library resources, including the digitized collections, should be consistent with U.S. Copyright Law.</copyright></record>