<?xml version="1.0" ?>
<record xmlns:xsi="http://www.w3.org/2001/XMLSchema-instance" xsi:noNamespaceSchemaLocation="http://www.dls.ucar.edu/people/ostwald/Metadata/webcat/webcat-record.xsd"><recordID>TECH-NOTE-000-000-000-638</recordID><url>http://www.library.ucar.edu/uhtbin/hyperion-image/DR000638</url><title>NCAR/TN-341+STR - NCAR graphics guide to new utilities: Version 3.00. Part 3.</title><itemType>REPORT</itemType><accessLevel>EXTENDED PUBLIC</accessLevel><accessionNum>DR000638</accessionNum><description>NCAR graphics guide to new utilities: Version 3.00. Part 3.PDF</description><fullTitle>NCAR graphics guide to new utilities: Version 3.00. Part 3.</fullTitle><creator>Clare, Fred</creator><contributor>Kennison, Dave</contributor><subject>Mathematics, Computer science</subject><subject>Graphics</subject><publisher>National Center for Atmospheric Research (U.S.).</publisher><scientificDivision>Scientific Computing Division</scientificDivision><dateOfOriginal>1989</dateOfOriginal><dateItemDigitized>2004</dateItemDigitized><format>PDF File, 7007 KB</format><language>English</language><copyright>All uses of library resources, including the digitized collections, should be consistent with U.S. Copyright Law.</copyright></record>