<?xml version="1.0" ?>
<record xmlns:xsi="http://www.w3.org/2001/XMLSchema-instance" xsi:noNamespaceSchemaLocation="http://www.dls.ucar.edu/people/ostwald/Metadata/webcat/webcat-record.xsd"><recordID>TECH-NOTE-000-000-000-362</recordID><url>http://www.library.ucar.edu/uhtbin/hyperion-image/DR000362</url><title>NCAR/TN-205+STR - The white light solar corona an atlas of K-coronameter synoptic charts December 1981 - January 1983.</title><itemType>REPORT</itemType><accessLevel>EXTENDED PUBLIC</accessLevel><accessionNum>DR000362</accessionNum><description>White light solar corona an atlas of K-coronameter synoptic charts December 1981 - January 1983.PDF</description><fullTitle>The white light solar corona an atlas of K-coronameter synoptic charts December 1981 - January 1983.</fullTitle><creator>Rock, K.</creator><contributor>Fisher, R.</contributor><contributor>Garcia, C.</contributor><contributor>Seagraves, P.</contributor><contributor>Yasukawa, E.</contributor><subject>White light corona</subject><subject>Synoptic data</subject><publisher>National Center for Atmospheric Research (U.S.).</publisher><scientificDivision>High Altitude Observatory</scientificDivision><dateOfOriginal>1983</dateOfOriginal><dateItemDigitized>2003</dateItemDigitized><source>PDF 7 BkMk</source><format>PDF File, 2954 KB</format><language>English</language><copyright>All uses of library resources, including the digitized collections, should be consistent with U.S. Copyright Law.</copyright></record>