<?xml version="1.0" ?>
<record xmlns:xsi="http://www.w3.org/2001/XMLSchema-instance" xsi:noNamespaceSchemaLocation="http://www.dls.ucar.edu/people/ostwald/Metadata/webcat/webcat-record.xsd"><recordID>TECH-NOTE-000-000-000-017</recordID><url>http://www.library.ucar.edu/uhtbin/hyperion-image/DR000017</url><title>NCAR/TN-23+EDD - Re-evaluation of tapes for reinforcing and repairing polyethylene balloons</title><itemType>REPORT</itemType><accessLevel>EXTENDED PUBLIC</accessLevel><accessionNum>DR000017</accessionNum><description>Re-evaluation of tapes for reinforcing and repairing polyethylene balloons.PDF</description><fullTitle>Re-evaluation of tapes for reinforcing and repairing polyethylene balloons.</fullTitle><creator>Zwack, Joseph R.</creator><contributor>Brown, Robert C.</contributor><subject>Balloon materials</subject><subject>Pressure-sensitive tapes</subject><publisher>National Center for Atmospheric Research (U.S.)</publisher><scientificDivision>Scientific Balloon Facility</scientificDivision><dateOfOriginal>1966</dateOfOriginal><dateItemDigitized>2003</dateItemDigitized><source>ML  Report 02062, 50583010045916, PDF1-BkMk</source><format>PDF file, 1960 KB</format><language>English</language><copyright>All uses of library resources, including the digitized collections, should be consistent with U.S. Copyright Law.</copyright></record>