<?xml version="1.0" ?>
<record xmlns:xsi="http://www.w3.org/2001/XMLSchema-instance" xsi:noNamespaceSchemaLocation="http://www.dls.ucar.edu/people/ostwald/Metadata/webcat/webcat-record.xsd"><recordID>TECH-NOTE-000-000-000-390</recordID><url>http://www.library.ucar.edu/uhtbin/hyperion-image/DR000390</url><title>NCAR/TN-450+IA - An introduction to genetic algorithms for numerical optimization.</title><itemType>REPORT</itemType><accessLevel>EXTENDED PUBLIC</accessLevel><accessionNum>DR000390</accessionNum><description>An introduction to genetic algorithms for numerical optimization.PDF</description><fullTitle>An introduction to genetic algorithms for numerical optimization.</fullTitle><creator>Charbonneau, Paul</creator><subject>Optimization</subject><subject>Evolution</subject><subject>Binary stars</subject><publisher>National Center for Atmospheric Research (U.S.).</publisher><scientificDivision>High Altitude Observatory</scientificDivision><dateOfOriginal>2002</dateOfOriginal><dateItemDigitized>2003</dateItemDigitized><source>PDF 15 BkMk</source><format>PDF File, 3790 KB</format><language>English</language><copyright>All uses of library resources, including the digitized collections, should be consistent with U.S. Copyright Law.</copyright></record>