<?xml version="1.0" ?>
<record xmlns:xsi="http://www.w3.org/2001/XMLSchema-instance" xsi:noNamespaceSchemaLocation="http://www.dls.ucar.edu/people/ostwald/Metadata/webcat/webcat-record.xsd"><recordID>TECH-NOTE-000-000-000-027</recordID><url>http://www.library.ucar.edu/uhtbin/hyperion-image/DR000027</url><title>NCAR/TN-37+STR - Shock waves from line sources</title><itemType>REPORT</itemType><accessLevel>EXTENDED PUBLIC</accessLevel><accessionNum>DR000027</accessionNum><description>Shock waves from line sources.PDF</description><fullTitle>Shock waves from line sources</fullTitle><creator>Plooster, Myron N.</creator><subject>Shock waves</subject><subject>Line sources</subject><publisher>National Center for Atmospheric Research (U.S.)</publisher><scientificDivision>Atmospheric Technology Division</scientificDivision><dateOfOriginal>1968</dateOfOriginal><dateItemDigitized>2003</dateItemDigitized><source>ML Report 02051, 50583010045759 PDF2BkMk</source><format>PDF file, 2577 KB</format><language>English</language><copyright>All uses of library resources, including the digitized collections, should be consistent with U.S. Copyright Law.</copyright></record>