<?xml version="1.0" ?>
<record xmlns:xsi="http://www.w3.org/2001/XMLSchema-instance" xsi:noNamespaceSchemaLocation="http://www.dls.ucar.edu/people/ostwald/Metadata/webcat/webcat-record.xsd"><recordID>TECH-NOTE-000-000-000-710</recordID><url>http://www.library.ucar.edu/uhtbin/hyperion-image/DR000710</url><title>NCAR/TN-369+STR-Revised&amp;expanded catalogue of mass ejections observed by the Solar Maximum Mission coronagraph.Pt.2.</title><itemType>REPORT</itemType><accessLevel>EXTENDED PUBLIC</accessLevel><accessionNum>DR000710</accessionNum><description>Revised&amp;expanded catalogue of mass ejections observed by SSM coronagraph.Pt.2.PDF</description><fullTitle>A revised and expanded catalogue of mass ejections observed by the Solar Maximum Mission coronagraph. Part 2.</fullTitle><creator>Burkepile, J. T.</creator><contributor>O. C. St. Cyr.</contributor><subject>Astronomy</subject><subject>Astrophysics</subject><subject>Solar Maximum Mission</subject><publisher>National Center for Atmospheric Research (U.S.).</publisher><scientificDivision>High Altitude Observatory.</scientificDivision><dateOfOriginal>1993</dateOfOriginal><dateItemDigitized>2003</dateItemDigitized><format>PDF File, 10,494 KB</format><language>English</language><copyright>All uses of library resources, including the digitized collections, should be consistent with U.S. Copyright Law.</copyright></record>