<?xml version="1.0" ?>
<record xmlns:xsi="http://www.w3.org/2001/XMLSchema-instance" xsi:noNamespaceSchemaLocation="http://www.dls.ucar.edu/people/ostwald/Metadata/webcat/webcat-record.xsd"><recordID>TECH-NOTE-000-000-000-196</recordID><url>http://www.library.ucar.edu/uhtbin/hyperion-image/DR000196</url><title>NCAR/TN-385+STR - Theoretical errors on airborne measurements of: ...</title><itemType>REPORT</itemType><accessLevel>EXTENDED PUBLIC</accessLevel><accessionNum>DR000196</accessionNum><description>Theoretical errors on airborne measurements of: ...PDF</description><fullTitle>Theoretical errors on airborne measurements of:  static pressure, impact temperature,air flow angle, air flow speed.</fullTitle><creator>Nacass, Philippe L.</creator><subject>Air flow</subject><subject>Temperature</subject><subject>Pressure measurement</subject><publisher>National Center for Atmospheric Research (U.S.)</publisher><scientificDivision>Research Aviation Facility</scientificDivision><scientificDivision>Atmospheric Technology Division</scientificDivision><dateOfOriginal>1992</dateOfOriginal><dateItemDigitized>2003</dateItemDigitized><language>English</language><copyright>All uses of library resources, including the digitized collections, should be consistent with U.S. Copyright Law.</copyright></record>