<?xml version="1.0" ?>
<record xmlns:xsi="http://www.w3.org/2001/XMLSchema-instance" xsi:noNamespaceSchemaLocation="http://www.dls.ucar.edu/people/ostwald/Metadata/webcat/webcat-record.xsd"><recordID>TECH-NOTE-000-000-000-454</recordID><url>http://www.library.ucar.edu/uhtbin/hyperion-image/DR000454</url><title>NCAR/TN-419+STR - Research opportunities from emerging atmospheric observing and modeling capabilities.</title><itemType>REPORT</itemType><accessLevel>EXTENDED PUBLIC</accessLevel><accessionNum>DR000454</accessionNum><description>Research opportunities from emerging atmospheric observing and modeling capabilities.PDF</description><fullTitle>Research opportunities from emerging atmospheric observing and modeling capabilities.</fullTitle><contributor>Dabberdt, W. F., co-chair.</contributor><contributor>Schlatter, T. W., co-chair.</contributor><subject>Remote sensing</subject><subject>Forecast modelling</subject><publisher>National Center for Atmospheric Research (U.S.).</publisher><scientificDivision>Mesoscale and Microscale Meteorology Division</scientificDivision><dateOfOriginal>1995</dateOfOriginal><dateItemDigitized>2003</dateItemDigitized><source>PDF 16 BkMk</source><format>PDF File, 2256 KB</format><language>English</language><copyright>All uses of library resources, including the digitized collections, should be consistent with U.S. Copyright Law.</copyright></record>