<?xml version="1.0" ?>
<record xmlns:xsi="http://www.w3.org/2001/XMLSchema-instance" xsi:noNamespaceSchemaLocation="http://www.dls.ucar.edu/people/ostwald/Metadata/webcat/webcat-record.xsd"><recordID>TECH-NOTE-000-000-000-460</recordID><url>http://www.library.ucar.edu/uhtbin/hyperion-image/DR000460</url><title>NCAR/TN-300+STR - ECMWF global analyses 1979-1986: circulation statistics and data evaluation. Part 4.</title><itemType>REPORT</itemType><accessLevel>EXTENDED PUBLIC</accessLevel><accessionNum>DR000460</accessionNum><description>ECMWF global analyses 1979-1986: circulation statistics and data evaluation. Part 4.PDF</description><fullTitle>ECMWF global analyses 1979-1986: circulation statistics and data evaluation. Part 4.</fullTitle><creator>Trenberth, Kevin E.</creator><contributor>Olson, Jerry G.</contributor><subject>Atmospheric science</subject><subject>European Centre for Medium Range Weather Forecasts</subject><subject>Global analyses</subject><publisher>National Center For Atmospheric Research (U.S.).</publisher><scientificDivision>Climate And Global Dynamics Division</scientificDivision><dateOfOriginal>1988</dateOfOriginal><dateItemDigitized>2003</dateItemDigitized><source>PDF 16 BkMk</source><format>PDF File, 10,471 KB</format><language>English</language><copyright>All uses of library resources, including the digitized collections, should be consistent with U.S. Copyright Law.</copyright></record>