<?xml version="1.0" ?>
<record xmlns:xsi="http://www.w3.org/2001/XMLSchema-instance" xsi:noNamespaceSchemaLocation="http://www.dls.ucar.edu/people/ostwald/Metadata/webcat/webcat-record.xsd"><recordID>TECH-NOTE-000-000-000-393</recordID><url>http://www.library.ucar.edu/uhtbin/hyperion-image/DR000393</url><title>NCAR/TN-453+STR - A Three-demiensional variational (3DVAR) data assimilation system for use with MM5.</title><itemType>REPORT</itemType><accessLevel>EXTENDED PUBLIC</accessLevel><accessionNum>DR000393</accessionNum><description>A Three-demiensional variational (3DVAR) data assimilation system for use with MM5.PDF</description><fullTitle>A Three-demiensional variational (3DVAR) data assimilation system for use with MM5.</fullTitle><creator>Barker, Dale</creator><contributor>Huang, Wei</contributor><contributor>Guo, Yong-Run</contributor><contributor>Bourgeois, Al</contributor><subject>Data assimilation</subject><publisher>National Center for Atmospheric Research (U.S.).</publisher><scientificDivision>Mesoscale and Microscale Meteorology.</scientificDivision><dateOfOriginal>2003</dateOfOriginal><dateItemDigitized>2003</dateItemDigitized><source>PDF 15 BkMk</source><format>PDF File, 4895 KB</format><language>English</language><copyright>All uses of library resources, including the digitized collections, should be consistent with U.S. Copyright Law.</copyright></record>