<?xml version="1.0" ?>
<record xmlns:xsi="http://www.w3.org/2001/XMLSchema-instance" xsi:noNamespaceSchemaLocation="http://www.dls.ucar.edu/people/ostwald/Metadata/webcat/webcat-record.xsd"><recordID>TECH-NOTE-000-000-000-306</recordID><url>http://www.library.ucar.edu/uhtbin/hyperion-image/DR000306</url><title>NCAR/TN-149+STR - Isentropic trajectories for derivation of objectively analyzed meteorological parameters.</title><itemType>REPORT</itemType><accessLevel>EXTENDED PUBLIC</accessLevel><accessionNum>DR000306</accessionNum><description>Isentropic trajectories for derivation of objectively analyzed meteorological parameters.PDF</description><fullTitle>Isentropic trajectories for derivation of objectively analyzed meteorological parameters.</fullTitle><creator>Haagenson, Philip</creator><contributor>Shapiro, Melvyn A.</contributor><subject>Atmospheric circulation</subject><publisher>National Center for Atmospheric Research (U.S.).</publisher><scientificDivision>Atmospheric Quality Division</scientificDivision><dateOfOriginal>1979</dateOfOriginal><dateItemDigitized>2003</dateItemDigitized><source>ML Report 02992, PDF6BkMk</source><format>PDF File, 1361</format><language>English</language><copyright>All uses of library resources, including the digitized collections, should be consistent with U.S. Copyright Law.</copyright></record>