<?xml version="1.0" ?>
<record xmlns:xsi="http://www.w3.org/2001/XMLSchema-instance" xsi:noNamespaceSchemaLocation="http://www.dls.ucar.edu/people/ostwald/Metadata/webcat/webcat-record.xsd"><recordID>TECH-NOTE-000-000-000-154</recordID><url>http://www.library.ucar.edu/uhtbin/hyperion-image/DR000154</url><title>NCAR/TN-343+STR - Description of a global shallow water model based on the spectral transform method.</title><itemType>REPORT</itemType><accessLevel>EXTENDED PUBLIC</accessLevel><accessionNum>DR000154</accessionNum><description>Description of a global shallow water model based on the spectral transform method.PDF</description><fullTitle>Description of a global shallow water model based on the spectral transform method.</fullTitle><creator>Hack, James J.</creator><contributor>Jakob, Ruediger</contributor><subject>Shallow water equations</subject><subject>Spectral transform method</subject><publisher>National Center for Atmospheric Research (U.S.).</publisher><scientificDivision>Climate And Global Dynamics Division</scientificDivision><dateOfOriginal>1992</dateOfOriginal><dateItemDigitized>2003</dateItemDigitized><source>PDF 12 BkMk</source><format>PDF File, 1499 KB</format><language>English</language><copyright>All uses of library resources, including the digitized collections, should be consistent with U.S. Copyright Law.</copyright></record>