<?xml version="1.0" ?>
<record xmlns:xsi="http://www.w3.org/2001/XMLSchema-instance" xsi:noNamespaceSchemaLocation="http://www.dls.ucar.edu/people/ostwald/Metadata/webcat/webcat-record.xsd"><recordID>TECH-NOTE-000-000-000-059</recordID><url>http://www.library.ucar.edu/uhtbin/hyperion-image/DR000059</url><title>NCAR/TN-70+IA - FORTRAN reference manual</title><itemType>REPORT</itemType><accessLevel>EXTENDED PUBLIC</accessLevel><accessionNum>DR000059</accessionNum><description>FORTRAN reference manual.PDF</description><fullTitle>FORTRAN reference manual.</fullTitle><creator>Adams, J. C.</creator><contributor>Rotar, P. A.</contributor><contributor>Domenico, B. A.</contributor><subject>FORTRAN (Computer program language)</subject><publisher>National Center for Atmospheric Research (U.S.)</publisher><scientificDivision>Atmospheric Technology Division</scientificDivision><dateOfOriginal>1978</dateOfOriginal><dateItemDigitized>2003</dateItemDigitized><source>PDF3-BkMk</source><format>PDF File, 11,300 KB</format><language>English</language><copyright>All uses of library resources, including the digitized collections, should be consistent with U.S. Copyright Law.</copyright></record>