<?xml version="1.0" ?>
<record xmlns:xsi="http://www.w3.org/2001/XMLSchema-instance" xsi:noNamespaceSchemaLocation="http://www.dls.ucar.edu/people/ostwald/Metadata/webcat/webcat-record.xsd"><recordID>TECH-NOTE-000-000-000-005</recordID><url>http://www.library.ucar.edu/uhtbin/hyperion-image/DR000005</url><title>NCAR/TN-4+EDD - Strength characteristics of DuPont &quot;Surlyn A&quot; film</title><itemType>REPORT</itemType><accessLevel>EXTENDED PUBLIC</accessLevel><accessionNum>DR000005</accessionNum><description>Strength characteristics of DuPont &quot;Surlyn A&quot; film.PDF</description><subject>Balloon materials</subject><subject>Plastic films</subject><subject>Surlyn A</subject><publisher>National Center for Atmospheric Research (U.S.)</publisher><publisher>Hauser Research and Engineering Company</publisher><scientificDivision>Scientific Balloon Facility</scientificDivision><dateOfOriginal>1965</dateOfOriginal><dateItemDigitized>2003</dateItemDigitized><source>ML Report 02098, 50583010372856, PDF1-BkMk</source><format>PDF file, 592 KB</format><language>English</language><copyright>All uses of library resources, including the digitized collections, should be consistent with U.S. Copyright Law.</copyright></record>