<?xml version="1.0" ?>
<record xmlns:xsi="http://www.w3.org/2001/XMLSchema-instance" xsi:noNamespaceSchemaLocation="http://www.dls.ucar.edu/people/ostwald/Metadata/webcat/webcat-record.xsd"><recordID>TECH-NOTE-000-000-000-353</recordID><url>http://www.library.ucar.edu/uhtbin/hyperion-image/DR000353</url><title>NCAR/TN-199+PROC - Cloud particle measurement symposium : summaries and abstracts.</title><itemType>REPORT</itemType><accessLevel>EXTENDED PUBLIC</accessLevel><accessionNum>DR000353</accessionNum><description>Cloud particle measurement symposium : summaries and abstracts.PDF</description><fullTitle>Cloud particle measurement symposium : summaries and abstracts.</fullTitle><contributor>Baumgardner, Darrel, editor</contributor><contributor>Dye, James E., editor</contributor><subject>Cloud particle measurement</subject><publisher>National Center for Atmospheric Research (U.S.).</publisher><scientificDivision>Convective Storms Division</scientificDivision><dateOfOriginal>1982</dateOfOriginal><dateItemDigitized>2003</dateItemDigitized><source>PDF 7 BkMk</source><format>PDF File, 5113 KB</format><language>English</language><copyright>All uses of library resources, including the digitized collections, should be consistent with U.S. Copyright Law.</copyright></record>