<?xml version="1.0" ?>
<record xmlns:xsi="http://www.w3.org/2001/XMLSchema-instance" xsi:noNamespaceSchemaLocation="http://www.dls.ucar.edu/people/ostwald/Metadata/webcat/webcat-record.xsd"><recordID>TECH-NOTE-000-000-000-249</recordID><url>http://www.library.ucar.edu/uhtbin/hyperion-image/DR000249</url><title>NCAR/TN-106+IA - User's guide to NCAR computing facility. Part 2.</title><itemType>REPORT</itemType><accessLevel>EXTENDED PUBLIC</accessLevel><accessionNum>DR000249</accessionNum><description>User's guide to NCAR computing facility. Part 2.PDF</description><fullTitle>User's guide to NCAR computing facility. Part 2.</fullTitle><creator>Adams, Jeanne C., editor.</creator><subject>NCAR computing facility</subject><subject>User's guide</subject><publisher>National Center for Atmospheric Research (U.S.)</publisher><scientificDivision>Atmospheric Technology Division</scientificDivision><dateOfOriginal>1975</dateOfOriginal><dateItemDigitized>2003</dateItemDigitized><source>ML Report 02830, PDF 4BkMk</source><format>PDF File, 12,006 KB</format><language>English</language><copyright>All uses of library resources, including the digitized collections, should be consistent with U.S. Copyright Law.</copyright></record>