<?xml version="1.0" ?>
<record xmlns:xsi="http://www.w3.org/2001/XMLSchema-instance" xsi:noNamespaceSchemaLocation="http://www.dls.ucar.edu/people/ostwald/Metadata/webcat/webcat-record.xsd"><recordID>TECH-NOTE-000-000-000-651</recordID><url>http://www.library.ucar.edu/uhtbin/hyperion-image/DR000651</url><title>NCAR/TN-157+STR - Lower boundary conditions for the NCAR global circulation model...PDF</title><itemType>REPORT</itemType><accessLevel>EXTENDED PUBLIC</accessLevel><accessionNum>DR000651</accessionNum><description>Lower boundary conditions for the NCAR global circulation model...PDF</description><fullTitle>Lower boundary conditions for the NCAR global circulation model : ocean surface temperatures, sea ice, snow cover, continental surface albedos and surface emissivity, subsurface continental temperatures, and mountain heights.</fullTitle><creator>Forderhase, Katherine.</creator><contributor>Washington, Warren M.</contributor><contributor>Chervin, Robert M.</contributor><contributor>Veerabhadran, Ramanathan.</contributor><contributor>Williamson, David L.</contributor><contributor>Knight, David J.</contributor><subject>Global temperature changes.</subject><subject>Atmospheric temperature--Observations.</subject><publisher>National Center for Atmospheric Research (U.S.).</publisher><scientificDivision>Atmospheric Analysis and Prediction Division</scientificDivision><dateOfOriginal>1980</dateOfOriginal><dateItemDigitized>2003</dateItemDigitized><format>PDF File, 5452 KB</format><language>English</language><copyright>All uses of library resources, including the digitized collections, should be consistent with U.S. Copyright Law.</copyright></record>