<?xml version="1.0" ?>
<record xmlns:xsi="http://www.w3.org/2001/XMLSchema-instance" xsi:noNamespaceSchemaLocation="http://www.dls.ucar.edu/people/ostwald/Metadata/webcat/webcat-record.xsd"><recordID>TECH-NOTE-000-000-000-045</recordID><url>http://www.library.ucar.edu/uhtbin/hyperion-image/DR000045</url><title>NCAR/TN-60+IA - The Turbulent dynamo: a translation of a series of papers by F. Krause, K.-H Radler, and M. Steenbeck</title><itemType>REPORT</itemType><accessLevel>EXTENDED PUBLIC</accessLevel><accessionNum>DR000045</accessionNum><description>The Turbulent dynamo: a translation of a series of papers.PDF</description><fullTitle>The Turbulent dynamo: a translation of a series of papers by F. Krause, K.-H Radler, and M. Steenbeck</fullTitle><creator>Roberts, P. H.</creator><contributor>Stix, M.</contributor><subject>Turbulent dynamo</subject><subject>Cosmical electrodynamics</subject><publisher>National Center for Atmospheric Research (U.S.)</publisher><scientificDivision>Advanced Study Program</scientificDivision><dateOfOriginal>1971</dateOfOriginal><dateItemDigitized>2003</dateItemDigitized><source>ML Report 02005, 50583010044638, PDF2BkMk</source><format>PDF file, 11122 KB</format><language>English</language><copyright>All uses of library resources, including the digitized collections, should be consistent with U.S. Copyright Law.</copyright></record>