<?xml version="1.0" ?>
<record xmlns:xsi="http://www.w3.org/2001/XMLSchema-instance" xsi:noNamespaceSchemaLocation="http://www.dls.ucar.edu/people/ostwald/Metadata/webcat/webcat-record.xsd"><recordID>TECH-NOTE-000-000-000-233</recordID><url>http://www.library.ucar.edu/uhtbin/hyperion-image/DR000233</url><title>NCAR/TN-422+PPR - Report on the MkIII calibration and  Quality assurance project.</title><itemType>REPORT</itemType><accessLevel>EXTENDED PUBLIC</accessLevel><accessionNum>DR000233</accessionNum><description>Report on the MkIII calibration and  Quality assurance project.PDF</description><fullTitle>Report on the MkIII calibration and  Quality assurance project.</fullTitle><creator>Elmore, D. F.</creator><contributor>Burkepile, J. T.</contributor><contributor>Lecinski, A. R.</contributor><contributor>Stanger, A. L.</contributor><contributor>Streander, K. V.</contributor><subject>MK-III K-coronameter</subject><subject>Coronal observing system</subject><publisher>National Center for Atmospheric Research (U.S.).</publisher><scientificDivision>High Altitude Observatory</scientificDivision><dateOfOriginal>1996</dateOfOriginal><dateItemDigitized>2003</dateItemDigitized><source>PDF 14 BkMk</source><format>PDF File, 1264 KB</format><language>English</language></record>