<?xml version="1.0" ?>
<record xmlns:xsi="http://www.w3.org/2001/XMLSchema-instance" xsi:noNamespaceSchemaLocation="http://www.dls.ucar.edu/people/ostwald/Metadata/webcat/webcat-record.xsd"><recordID>TECH-NOTE-000-000-000-412</recordID><url>http://www.library.ucar.edu/uhtbin/hyperion-image/DR000412</url><title>NCAR/TN-211+IA - User's guide to NCAR CCMOB.</title><itemType>REPORT</itemType><accessLevel>EXTENDED PUBLIC</accessLevel><accessionNum>DR000412</accessionNum><description>User's guide to NCAR CCMOB.PDF</description><fullTitle>User's guide to NCAR CCMOB.</fullTitle><creator>Sato, Richard K.</creator><contributor>Bath, Linda M.</contributor><contributor>Williamson, David L.</contributor><contributor>Williamson, Gloria S.</contributor><subject>Weather forecasting</subject><subject>CCMOB</subject><publisher>National Center for Atmospheric Research (U.S.).</publisher><scientificDivision>Scientific Computing Division</scientificDivision><scientificDivision>Atmospheric Analysis and Prediction Division</scientificDivision><dateOfOriginal>1983</dateOfOriginal><dateItemDigitized>2003</dateItemDigitized><source>PDF 8 BkMk</source><format>PDF File, 4457 KB</format><language>English</language><copyright>All uses of library resources, including the digitized collections, should be consistent with U.S. Copyright Law.</copyright></record>