<?xml version="1.0" ?>
<record xmlns:xsi="http://www.w3.org/2001/XMLSchema-instance" xsi:noNamespaceSchemaLocation="http://www.dls.ucar.edu/people/ostwald/Metadata/webcat/webcat-record.xsd"><recordID>TECH-NOTE-000-000-000-046</recordID><url>http://www.library.ucar.edu/uhtbin/hyperion-image/DR000046</url><title>NCAR/TN-61+EDD - A Prototype optical flowmeter for the measurement of liquid water content</title><itemType>REPORT</itemType><accessLevel>EXTENDED PUBLIC</accessLevel><accessionNum>DR000046</accessionNum><description>A Prototype optical flowmeter for the measurement of liquid water content.PDF</description><fullTitle>A Prototype optical flowmeter for the measurement of liquid water content</fullTitle><creator>Brown, E. N.</creator><subject>Optical flowmeter</subject><subject>Liquid water content</subject><publisher>National Center for Atmospheric Research (U.S.)</publisher><scientificDivision>Research Aviation Facility</scientificDivision><dateOfOriginal>1971</dateOfOriginal><dateItemDigitized>2003</dateItemDigitized><source>ML Report 02084, 50583010046443, PDF3BkMk</source><format>PDF file, 2293 KB</format><language>English</language><copyright>All uses of library resources, including the digitized collections, should be consistent with U.S. Copyright Law.</copyright></record>