<?xml version="1.0" ?>
<record xmlns:xsi="http://www.w3.org/2001/XMLSchema-instance" xsi:noNamespaceSchemaLocation="http://www.dls.ucar.edu/people/ostwald/Metadata/webcat/webcat-record.xsd"><recordID>TECH-NOTE-000-000-000-424</recordID><url>http://www.library.ucar.edu/uhtbin/hyperion-image/DR000424</url><title>NCAR/TN-224+STR - Distribution of the K-corona over the polar regions of the solar disk : 1965-1983.</title><itemType>REPORT</itemType><accessLevel>EXTENDED PUBLIC</accessLevel><accessionNum>DR000424</accessionNum><description>Distribution of the K-corona over the polar regions of the solar disk : 1965-1983.PDF</description><fullTitle>Distribution of the K-corona over the polar regions of the solar disk : 1965-1983.</fullTitle><creator>Fisher, R.</creator><contributor>Seagraves, P.</contributor><subject>Solar corona</subject><subject>Polar region</subject><publisher>National Center for Atmospheric Research (U.S.)</publisher><scientificDivision>High Altitude Observatory</scientificDivision><dateOfOriginal>1984</dateOfOriginal><dateItemDigitized>2003</dateItemDigitized><source>PDF 8 BkMk</source><format>PDF File, 13,381 KB</format><language>English</language><copyright>All uses of library resources, including the digitized collections, should be consistent with U.S. Copyright Law.</copyright></record>