<?xml version="1.0" ?>
<record xmlns:xsi="http://www.w3.org/2001/XMLSchema-instance" xsi:noNamespaceSchemaLocation="http://www.dls.ucar.edu/people/ostwald/Metadata/webcat/webcat-record.xsd"><recordID>TECH-NOTE-000-000-000-333</recordID><url>http://www.library.ucar.edu/uhtbin/hyperion-image/DR000333</url><title>NCAR/TN-180+IA - Remote job entry through the MODCOMP.</title><itemType>REPORT</itemType><accessLevel>EXTENDED PUBLIC</accessLevel><accessionNum>DR000333</accessionNum><description>Remote job entry through the MODCOMP.PDF</description><fullTitle>Remote job entry through the MODCOMP.</fullTitle><creator>Ballard, Linda</creator><creator>Snyder, John</creator><contributor>Besen, Linda C., editor</contributor><contributor>McArthur, Gregory R., editor</contributor><subject>Scientific computing</subject><subject>Remote job entry</subject><subject>MODCOMP</subject><publisher>National Center for Atmospheric Research (U.S.).</publisher><scientificDivision>Scientific Computing Division</scientificDivision><dateOfOriginal>1981</dateOfOriginal><dateItemDigitized>2003</dateItemDigitized><source>PDF 7 BkMk</source><format>PDF File, 3794 KB</format><language>English</language><copyright>All uses of library resources, including the digitized collections, should be consistent with U.S. Copyright Law.</copyright></record>