<?xml version="1.0" ?>
<record xmlns:xsi="http://www.w3.org/2001/XMLSchema-instance" xsi:noNamespaceSchemaLocation="http://www.dls.ucar.edu/people/ostwald/Metadata/webcat/webcat-record.xsd"><recordID>TECH-NOTE-000-000-000-833</recordID><url>http://www.library.ucar.edu/uhtbin/hyperion-image/DR000833</url><title>NCAR/TN-473+STR :HAO spectral diagnostic package for emitted radiation (HAOS-DIPER) reference guide (version 1.0)</title><itemType>REPORT</itemType><accessLevel>EXTENDED PUBLIC</accessLevel><accessionNum>DR000833</accessionNum><description>NCAR TN 473.jpg</description><fullTitle>NCAR/TN-473+STR : The HAO spectral diagnostic package for emitted radiation (HAOS-DIPER) reference guide (version 1.0) / P. G. Judge</fullTitle><creator>Judge, P. G.</creator><publisher>National Center for Atmospheric Research (U.S.).</publisher><scientificDivision>High Altitude Observatory.</scientificDivision><dateOfOriginal>2007</dateOfOriginal><dateItemDigitized>2007</dateItemDigitized><format>PDF File, 5088 KB</format><identifier>English</identifier><copyright>All uses of library resources, including the digitized collections, should be consistent with U.S. Copyright Law.</copyright></record>