<?xml version="1.0" ?>
<record xmlns:xsi="http://www.w3.org/2001/XMLSchema-instance" xsi:noNamespaceSchemaLocation="http://www.dls.ucar.edu/people/ostwald/Metadata/webcat/webcat-record.xsd"><recordID>TECH-NOTE-000-000-000-392</recordID><url>http://www.library.ucar.edu/uhtbin/hyperion-image/DR000392</url><title>NCAR/TN-452+STR - Modeling global oceanic inter-annual variability (1958-97): sim. design &amp; model-data evaluation.</title><itemType>REPORT</itemType><accessLevel>EXTENDED PUBLIC</accessLevel><accessionNum>DR000392</accessionNum><description>Modeling global oceanic inter-annual variability (1958-97): sim. design &amp; model-data evaluation.PDF</description><fullTitle>Modeling global oceanic inter-annual variability (1958-1997): simulation design and model-data evaluation.</fullTitle><creator>Doney, S. C.</creator><contributor>Yeager, S.</contributor><contributor>Danabasoglu, G.</contributor><contributor>Large, W. G.</contributor><contributor>McWilliams, J. C.</contributor><subject>Ocean general circulation model</subject><subject>NCAR CCSM Ocean Model</subject><publisher>National Center for Atmospheric Research (U.S.).</publisher><scientificDivision>Climate and Global Dynamics Division.</scientificDivision><dateOfOriginal>2003</dateOfOriginal><dateItemDigitized>2003</dateItemDigitized><source>PDF 15 BkMk</source><format>PDF File, 5376</format><language>English</language><copyright>All uses of library resources, including the digitized collections, should be consistent with U.S. Copyright Law.</copyright></record>