<?xml version="1.0" ?>
<record xmlns:xsi="http://www.w3.org/2001/XMLSchema-instance" xsi:noNamespaceSchemaLocation="http://www.dls.ucar.edu/people/ostwald/Metadata/webcat/webcat-record.xsd"><recordID>TECH-NOTE-000-000-000-064</recordID><url>http://www.library.ucar.edu/uhtbin/hyperion-image/DR000064</url><title>NCAR/TN-74+EDD - The Measurement of Air Velocity and Temperature Using the NCAR Buffalo Aircraft Measuring System</title><itemType>REPORT</itemType><accessLevel>EXTENDED PUBLIC</accessLevel><accessionNum>DR000064</accessionNum><description>The Measurement of Air Velocity and Temperature Using the NCAR Buffalo Aircraft Measuring System.PDF</description><fullTitle>The Measurement of Air Velocity and Temperature Using the NCAR Buffalo Aircraft Measuring System.</fullTitle><creator>Lenschow, D H</creator><subject>Air velocity and temperature</subject><subject>Buffalo aircraft</subject><publisher>National Center for Atmospheric Research (U.S.)</publisher><scientificDivision>Laboratory of Atmospheric Sciences</scientificDivision><dateOfOriginal>1972</dateOfOriginal><dateItemDigitized>2003</dateItemDigitized><source>ML Report 02653, 50583010060527, PDF3-BkMk</source><format>PDF File, 2278 KB</format><language>English</language><copyright>All uses of library resources, including the digitized collections, should be consistent with U.S. Copyright Law.</copyright></record>