<?xml version="1.0" ?>
<record xmlns:xsi="http://www.w3.org/2001/XMLSchema-instance" xsi:noNamespaceSchemaLocation="http://www.dls.ucar.edu/people/ostwald/Metadata/webcat/webcat-record.xsd"><recordID>TECH-NOTE-000-000-000-167</recordID><url>http://www.library.ucar.edu/uhtbin/hyperion-image/DR000167</url><title>NCAR/TN-357+STR - MUltigriD software for elliptic partial differential equations : MUDPACK.</title><itemType>REPORT</itemType><accessLevel>EXTENDED PUBLIC</accessLevel><accessionNum>DR000167</accessionNum><description>MUltigriD software for elliptic partial differential equations : MUDPACK.PDF</description><fullTitle>MUltigriD software for elliptic partial differential equations : MUDPACK.</fullTitle><creator>Adams, John C.</creator><subject>Computer science</subject><subject>MUDPACK</subject><subject>MUltigriD software</subject><publisher>National Center for Atmospheric Research (U.S.).</publisher><scientificDivision>Scientific Computing Division</scientificDivision><dateOfOriginal>1991</dateOfOriginal><dateItemDigitized>2003</dateItemDigitized><source>PDF 12 BkMk</source><format>PDF File, 2369 KB</format><language>English</language><copyright>All uses of library resources, including the digitized collections, should be consistent with U.S. Copyright Law.</copyright></record>