<?xml version="1.0" ?>
<record xmlns:xsi="http://www.w3.org/2001/XMLSchema-instance" xsi:noNamespaceSchemaLocation="http://www.dls.ucar.edu/people/ostwald/Metadata/webcat/webcat-record.xsd"><recordID>TECH-NOTE-000-000-000-722</recordID><url>http://www.library.ucar.edu/uhtbin/hyperion-image/DR000722</url><title>Climate of the upper air : Southern Hemisphere. Vol. 4. Part 1.</title><itemType>REPORT</itemType><accessLevel>EXTENDED PUBLIC</accessLevel><accessionNum>DR000722</accessionNum><description>Volume 4 : Selected meridional cross sections of temperature, dew point, and height. Part 1.PDF</description><fullTitle>Climate of the upper air : Southern Hemisphere. Volume 4 : Selected meridional cross sections of temperature, dew point, and height. Part 1.</fullTitle></record>