<?xml version="1.0" ?>
<record xmlns:xsi="http://www.w3.org/2001/XMLSchema-instance" xsi:noNamespaceSchemaLocation="http://www.dls.ucar.edu/people/ostwald/Metadata/webcat/webcat-record.xsd"><recordID>TECH-NOTE-000-000-000-159</recordID><url>http://www.library.ucar.edu/uhtbin/hyperion-image/DR000159</url><title>NCAR/TN-349+IA - Taiwan area mesoscale experiment: conventional data user's guide.</title><itemType>REPORT</itemType><accessLevel>EXTENDED PUBLIC</accessLevel><accessionNum>DR000159</accessionNum><description>Taiwan area mesoscale experiment: conventional data user's guide.PDF</description><fullTitle>Taiwan area mesoscale experiment: conventional data user's guide.</fullTitle><creator>Chen, Sue</creator><contributor>Schumann, Aubrey</contributor><subject>Atmospheric science</subject><subject>Meteorological data</subject><subject>Mesoscale experiment -- Taiwan</subject><publisher>National Center for Atmospheric Research (U.S.).</publisher><scientificDivision>Mesoscale and Microscale Meteorology Division</scientificDivision><dateOfOriginal>1990</dateOfOriginal><dateItemDigitized>2003</dateItemDigitized><source>PDF 12 BkMk</source><format>PDF File, 5204 KB</format><language>English</language><copyright>All uses of library resources, including the digitized collections, should be consistent with U.S. Copyright Law.</copyright></record>