<?xml version="1.0" ?>
<record xmlns:xsi="http://www.w3.org/2001/XMLSchema-instance" xsi:noNamespaceSchemaLocation="http://www.dls.ucar.edu/people/ostwald/Metadata/webcat/webcat-record.xsd"><recordID>TECH-NOTE-000-000-000-553</recordID><url>http://www.library.ucar.edu/uhtbin/hyperion-image/DR000553</url><title>NCAR/TN-307+STR - Spatial coherence retrievals of cloud prop. fire marine stratocumulus IFO, June 29-July 19, 1987. Pt.2</title><itemType>REPORT</itemType><accessLevel>EXTENDED PUBLIC</accessLevel><accessionNum>DR000553</accessionNum><description>Spatial coherence retrievals - cloud prop. / fire marine stratocumulus 1987.Pt.2.PDF</description><fullTitle>Spatial coherence retrievals of cloud properties for the fire marine stratocumulus IFO, June 29-July 19, 1987.</fullTitle><creator>Coakley, Jr., James A.</creator><contributor>Beckner, Matthew H.</contributor><subject>Atmospheric science</subject><subject>Cloud properties</subject><subject>Fire marine stratocumulus</subject><publisher>National Center for Atmospheric Research (U.S.).</publisher><scientificDivision>Climate and Global Dynamics Division.</scientificDivision><dateOfOriginal>1988</dateOfOriginal><dateItemDigitized>2003</dateItemDigitized><source>PDF 11 BkMk</source><format>PDF File, 9614 KB</format><language>English</language><copyright>All uses of library resources, including the digitized collections, should be consistent with U.S. Copyright Law.</copyright></record>