<?xml version="1.0" ?>
<record xmlns:xsi="http://www.w3.org/2001/XMLSchema-instance" xsi:noNamespaceSchemaLocation="http://www.dls.ucar.edu/people/ostwald/Metadata/webcat/webcat-record.xsd"><recordID>TECH-NOTE-000-000-000-181</recordID><url>http://www.library.ucar.edu/uhtbin/hyperion-image/DR000181</url><title>NCAR/TN-370+STR - A Spectral vegetation radiometer for airborne boundary-layer research.</title><itemType>REPORT</itemType><accessLevel>EXTENDED PUBLIC</accessLevel><accessionNum>DR000181</accessionNum><description>A Spectral vegetation radiometer for airborne boundary-layer research.PDF</description><fullTitle>A Spectral vegetation radiometer for airborne boundary-layer research.</fullTitle><creator>Bannehr, Lutz</creator><contributor>Glover, Vince</contributor><subject>Airborne measurements</subject><subject>Vegetation radiometer</subject><publisher>National Center for Atmospheric Research (U.S.).</publisher><scientificDivision>Research Aviation Facility</scientificDivision><scientificDivision>Atmospheric Technology Division</scientificDivision><dateOfOriginal>1992</dateOfOriginal><dateItemDigitized>2003</dateItemDigitized><language>English</language><copyright>All uses of library resources, including the digitized collections, should be consistent with U.S. Copyright Law.</copyright></record>