<?xml version="1.0" ?>
<record xmlns:xsi="http://www.w3.org/2001/XMLSchema-instance" xsi:noNamespaceSchemaLocation="http://www.dls.ucar.edu/people/ostwald/Metadata/webcat/webcat-record.xsd"><recordID>TECH-NOTE-000-000-000-009</recordID><url>http://www.library.ucar.edu/uhtbin/hyperion-image/DR000009</url><title>NCAR/TN-13+EDD - The NCAR dropsonde program</title><itemType>REPORT</itemType><accessLevel>EXTENDED PUBLIC</accessLevel><accessionNum>DR000009</accessionNum><description>The NCAR dropsonde program / Bushnell, Robert H..PDF</description><fullTitle>The NCAR dropsonde program.</fullTitle><creator>Bushnell, Robert H.</creator><subject>Dropsondes</subject><subject>Tracking stations</subject><publisher>National Center for Atmospheric Research (U.S.)</publisher><scientificDivision>Laboratory of Atmospheric Sciences</scientificDivision><dateOfOriginal>1966</dateOfOriginal><dateItemDigitized>2003</dateItemDigitized><source>ML Report 02604, 50583010060154, PDF1-BkMk</source><format>PDF file, 389 KB</format><language>English</language><copyright>All uses of library resources, including the digitized collections, should be consistent with U.S. Copyright Law.</copyright></record>