<?xml version="1.0" ?>
<record xmlns:xsi="http://www.w3.org/2001/XMLSchema-instance" xsi:noNamespaceSchemaLocation="http://www.dls.ucar.edu/people/ostwald/Metadata/webcat/webcat-record.xsd"><recordID>TECH-NOTE-000-000-000-130</recordID><url>http://www.library.ucar.edu/uhtbin/hyperion-image/DR000130</url><title>NCAR/TN-100+STR - Vertical profiles of HTO, HDO, and H2O in the troposphere.</title><itemType>REPORT</itemType><accessLevel>EXTENDED PUBLIC</accessLevel><accessionNum>DR000130</accessionNum><description>Vertical profiles of HTO, HDO, and H2O in the troposphere.PDF</description><fullTitle>Vertical profiles of HTO, HDO, and H2O in the troposphere.</fullTitle><creator>Ehhalt, Dieter H.</creator><subject>Tritium</subject><subject>Deuterium</subject><subject>Water vapors</subject><publisher>National Center for Atmospheric Research (U.S.)</publisher><scientificDivision>Atmospheric Quality and Modification Division</scientificDivision><dateOfOriginal>1974</dateOfOriginal><dateItemDigitized>2003</dateItemDigitized><source>ML Report 02821, 50583010065823, PDF4BkMk</source><format>PDF File, 2781 KB</format><language>English</language><copyright>All uses of library resources, including the digitized collections, should be consistent with U.S. Copyright Law.</copyright></record>