<?xml version="1.0" ?>
<record xmlns:xsi="http://www.w3.org/2001/XMLSchema-instance" xsi:noNamespaceSchemaLocation="http://www.dls.ucar.edu/people/ostwald/Metadata/webcat/webcat-record.xsd"><recordID>TECH-NOTE-000-000-000-205</recordID><url>http://www.library.ucar.edu/uhtbin/hyperion-image/DR000205</url><title>NCAR/TN-87+STR - Force-free magnetic field computation I.</title><itemType>REPORT</itemType><accessLevel>EXTENDED PUBLIC</accessLevel><accessionNum>DR000205</accessionNum><description>Force-free magnetic field computation I.PDF</description><fullTitle>Force-free magnetic field computation I.</fullTitle><creator>Wellck, R. E.</creator><contributor>Nakagawa, Y.</contributor><subject>Force-free magnetic field</subject><publisher>National Center for Atmospheric Research (U.S.)</publisher><scientificDivision>High Altitude Observatory</scientificDivision><dateOfOriginal>1973</dateOfOriginal><dateItemDigitized>2003</dateItemDigitized><source>ML Report 02705</source><format>PDF File, 1288 KB</format><language>English</language><copyright>All uses of library resources, including the digitized collections, should be consistent with U.S. Copyright Law.</copyright></record>