<?xml version="1.0" ?>
<record xmlns:xsi="http://www.w3.org/2001/XMLSchema-instance" xsi:noNamespaceSchemaLocation="http://www.dls.ucar.edu/people/ostwald/Metadata/webcat/webcat-record.xsd"><recordID>TECH-NOTE-000-000-000-494</recordID><url>http://www.library.ucar.edu/uhtbin/hyperion-image/DR000494</url><title>NCAR/TN-238+STR - Rel. acc. ALPEX aircraft data / eval ALPEX intercompar. flt w/ NCAR Electra, NOAA P3, &amp; DFVLR Falcon</title><itemType>REPORT</itemType><accessLevel>EXTENDED PUBLIC</accessLevel><accessionNum>DR000494</accessionNum><description>Rel. acc. ALPEX aircrft data / eval ALPEX compar. flt w/ NCAR Electra, NOAA P3, &amp; DFVLR Falcon.PDF</description><fullTitle>The relative accuracy of ALPEX aircraft data / an evaluation of the ALPEX intercomparison flight with the NCAR Electra, the NOAA P3, and the DFVLR Falcon.</fullTitle><creator>Richner, Hans</creator><subject>Atmospheric science</subject><subject>Aircraft data</subject><publisher>National Center for Atmospheric Research (U.S.).</publisher><scientificDivision>Atmospheric Technology Division</scientificDivision><dateOfOriginal>1985</dateOfOriginal><dateItemDigitized>2003</dateItemDigitized><source>PDF 10 BkMk</source><format>PDF File, 4336 KB</format><language>English</language><copyright>All uses of library resources, including the digitized collections, should be consistent with U.S. Copyright Law.</copyright></record>