<?xml version="1.0" ?>
<record xmlns:xsi="http://www.w3.org/2001/XMLSchema-instance" xsi:noNamespaceSchemaLocation="http://www.dls.ucar.edu/people/ostwald/Metadata/webcat/webcat-record.xsd"><recordID>TECH-NOTE-000-000-000-489</recordID><url>http://www.library.ucar.edu/uhtbin/hyperion-image/DR000489</url><title>NCAR/TN-267+IA - The NCAR GKS-compatible graphics system. Part 3.</title><itemType>REPORT</itemType><accessLevel>EXTENDED PUBLIC</accessLevel><accessionNum>DR000489</accessionNum><description>The NCAR GKS-compatible graphics system. Part 3.PDF</description><fullTitle>The NCAR GKS-compatible graphics system. Part 3.</fullTitle><creator>Clare, Fred</creator><contributor>Henderson, Lofton</contributor><contributor>Henderson, Stu</contributor><contributor>Horner-Miller, Barbara</contributor><contributor>Humbrecht, John</contributor><contributor>Kennison, Dave</contributor><subject>Computer graphics</subject><subject>Graphic kernel system</subject><publisher>National Center for Atmospheric Research (U.S.)</publisher><scientificDivision>Scientific Computing Division.</scientificDivision><dateOfOriginal>1986</dateOfOriginal><dateItemDigitized>2003</dateItemDigitized><source>PDF 10 BkMk</source><format>PDF File, 10,415 KB</format><language>English</language><copyright>All uses of library resources, including the digitized collections, should be consistent with U.S. Copyright Law.</copyright></record>