<?xml version="1.0" ?>
<record xmlns:xsi="http://www.w3.org/2001/XMLSchema-instance" xsi:noNamespaceSchemaLocation="http://www.dls.ucar.edu/people/ostwald/Metadata/webcat/webcat-record.xsd"><recordID>TECH-NOTE-000-000-000-091</recordID><url>http://www.library.ucar.edu/uhtbin/hyperion-image/DR000091</url><title>NCAR/TN-11+PROC - Satellite data in meteorological research - PART 3</title><itemType>REPORT</itemType><accessLevel>EXTENDED PUBLIC</accessLevel><accessionNum>DR000091</accessionNum><description>Satellite data in meteorological research - PART 3.PDF</description><fullTitle>Satellite data in meteorological research - PART 3</fullTitle><creator>Van de Boogaard, Henry M. E.</creator><subject>Meteorological research</subject><subject>Satellite meteorology -- Congresses</subject><publisher>National Center for Atmospheric Research (U.S.)</publisher><scientificDivision>High Altitude Observatory</scientificDivision><dateOfOriginal>1966</dateOfOriginal><dateItemDigitized>2003</dateItemDigitized><source>ML Report 02055, 50583010045866, PDF1BkMk</source><format>PDF File, 8197 KB</format><language>English</language><copyright>All uses of library resources, including the digitized collections, should be consistent with U.S. Copyright Law.</copyright></record>