<?xml version="1.0" ?>
<record xmlns:xsi="http://www.w3.org/2001/XMLSchema-instance" xsi:noNamespaceSchemaLocation="http://www.dls.ucar.edu/people/ostwald/Metadata/webcat/webcat-record.xsd"><recordID>TECH-NOTE-000-000-000-055</recordID><url>http://www.library.ucar.edu/uhtbin/hyperion-image/DR000055</url><title>NCAR/TN-65+STR - Numerical prediction of the performance of high altitude balloons</title><itemType>REPORT</itemType><accessLevel>EXTENDED PUBLIC</accessLevel><accessionNum>DR000055</accessionNum><description>Numerical prediction of the performance of high altitude balloons. PDF</description><fullTitle>Numerical prediction of the performance of high altitude balloons.</fullTitle><creator>Kreith, Frank</creator><contributor>Kreider, Jan F.</contributor><subject>Balloons</subject><subject>Numerical prediction</subject><publisher>National Center for Atmospheric Research (U.S.)</publisher><scientificDivision>High Altitude Observatory</scientificDivision><dateOfOriginal>1974</dateOfOriginal><dateItemDigitized>2003</dateItemDigitized><source>PDF3-BkMk</source><format>PDF File, 6279 KB</format><language>English</language><copyright>All uses of library resources, including the digitized collections, should be consistent with U.S. Copyright Law.</copyright></record>