<?xml version="1.0" ?>
<record xmlns:xsi="http://www.w3.org/2001/XMLSchema-instance" xsi:noNamespaceSchemaLocation="http://www.dls.ucar.edu/people/ostwald/Metadata/webcat/webcat-record.xsd"><recordID>TECH-NOTE-000-000-000-243</recordID><url>http://www.library.ucar.edu/uhtbin/hyperion-image/DR000243</url><title>NCAR/TN-103+EDD - Error sensitivity of fixed- and variable-path Lyman-alpha hygrometers.</title><itemType>REPORT</itemType><accessLevel>EXTENDED PUBLIC</accessLevel><accessionNum>DR000243</accessionNum><description>Error sensitivity of fixed- and variable-path Lyman-alpha hygrometers.PDF</description><fullTitle>Error sensitivity of fixed- and variable-path Lyman-alpha hygrometers.</fullTitle><creator>Buck, Arden</creator><subject>Lyman-alpha hygrometer</subject><subject>Absorption device</subject><publisher>National Center for Atmospheric Research (U.S.).</publisher><scientificDivision>Atmospheric Technology Division</scientificDivision><dateOfOriginal>1975</dateOfOriginal><dateItemDigitized>2003</dateItemDigitized><source>ML Report 02838, PDF4BkMk</source><format>PDF File, 1706 KB</format><language>English</language><copyright>All uses of library resources, including the digitized collections, should be consistent with U.S. Copyright Law.</copyright></record>