<?xml version="1.0" ?>
<record xmlns:xsi="http://www.w3.org/2001/XMLSchema-instance" xsi:noNamespaceSchemaLocation="http://www.dls.ucar.edu/people/ostwald/Metadata/webcat/webcat-record.xsd"><recordID>TECH-NOTE-000-000-000-714</recordID><url>http://www.library.ucar.edu/uhtbin/hyperion-image/DR000714</url><title>NCAR/TN-347+IA - Airborne cryogenic frost-point hygrometer user's guide.</title><itemType>REPORT</itemType><accessLevel>EXTENDED PUBLIC</accessLevel><accessionNum>DR000714</accessionNum><description>Airborne cryogenic frost-point hygrometer user's guide.PDF</description><fullTitle>Airborne cryogenic frost-point hygrometer user's guide.</fullTitle><creator>Spyers-Duran, Paul.</creator><subject>Engineering -  technology</subject><subject>Cryogenic frost-point hygrometer</subject><publisher>National Center for Atmospheric Research (U.S).</publisher><scientificDivision>Atmospheric Technology Division.</scientificDivision><dateOfOriginal>1990</dateOfOriginal><dateItemDigitized>2004</dateItemDigitized><format>PDF File, 2676 KB</format><language>English</language><copyright>All uses of library resources, including the digitized collections, should be consistent with U.S. Copyright Law.</copyright></record>