<?xml version="1.0" ?>
<record xmlns:xsi="http://www.w3.org/2001/XMLSchema-instance" xsi:noNamespaceSchemaLocation="http://www.dls.ucar.edu/people/ostwald/Metadata/webcat/webcat-record.xsd"><recordID>TECH-NOTE-000-000-000-584</recordID><url>http://www.library.ucar.edu/uhtbin/hyperion-image/DR000584</url><title>NCAR/TN-316+STR - Experiences on a CRAY-2 running UNICOS.</title><itemType>REPORT</itemType><accessLevel>EXTENDED PUBLIC</accessLevel><accessionNum>DR000584</accessionNum><description>Experiences on a CRAY-2 running UNICOS.PDF</description><fullTitle>Experiences on a CRAY-2 running UNICOS.</fullTitle><creator>Pernice, M.</creator><subject>UNICOS</subject><subject>CRAY-2</subject><publisher>National Center for Atmospheric Research (U.S.).</publisher><scientificDivision>Scientific Computing Division.</scientificDivision><dateOfOriginal>1988</dateOfOriginal><dateItemDigitized>2004</dateItemDigitized><format>PDF File, 1278 KB</format><language>English</language><copyright>All uses of library resources, including the digitized collections, should be consistent with U.S. Copyright Law.</copyright></record>