<?xml version="1.0" ?>
<record xmlns:xsi="http://www.w3.org/2001/XMLSchema-instance" xsi:noNamespaceSchemaLocation="http://www.dls.ucar.edu/people/ostwald/Metadata/webcat/webcat-record.xsd"><recordID>TECH-NOTE-000-000-000-540</recordID><url>http://www.library.ucar.edu/uhtbin/hyperion-image/DR000540</url><title>NCAR/TN-290+IA - CCM Modular Processor Users' Guide (Version PROC02). Part 2.</title><itemType>REPORT</itemType><accessLevel>EXTENDED PUBLIC</accessLevel><accessionNum>DR000540</accessionNum><description>CCM Modular Processor Users' Guide (Version PROC02). Part 2.PDF</description><fullTitle>NCAR/TN-290+IA - CCM Modular Processor Users' Guide (Version PROC02). Part 2.</fullTitle><creator>Wolski, Richard J.</creator><subject>Atmospheric Science</subject><subject>Climate Modeling</subject><publisher>National Center For Atmospheric Research (U.S.).</publisher><scientificDivision>Climate And Global Dynamics Division</scientificDivision><dateOfOriginal>1987</dateOfOriginal><dateItemDigitized>2003</dateItemDigitized><source>PDF 11 BkMk</source><format>PDF File, 7181 KB</format><copyright>All uses of library resources, including the digitized collections, should be consistent with U.S. Copyright Law.</copyright></record>