<?xml version="1.0" ?>
<record xmlns:xsi="http://www.w3.org/2001/XMLSchema-instance" xsi:noNamespaceSchemaLocation="http://www.dls.ucar.edu/people/ostwald/Metadata/webcat/webcat-record.xsd"><recordID>TECH-NOTE-000-000-000-296</recordID><url>http://www.library.ucar.edu/uhtbin/hyperion-image/DR000296</url><title>NCAR/TN-146+STR - Internal storm motions from a single non-Doppler weather radar.</title><itemType>REPORT</itemType><accessLevel>EXTENDED PUBLIC</accessLevel><accessionNum>DR000296</accessionNum><description>Internal storm motions from a single non-Doppler weather radar.PDF</description><fullTitle>Internal storm motions from a single non-Doppler weather radar.</fullTitle><creator>Rinehart, Ronald E.</creator><subject>Storm motion</subject><publisher>National Center for Atmospheric Research (U.S.)</publisher><scientificDivision>Convective Storms Divison</scientificDivision><dateOfOriginal>1979</dateOfOriginal><dateItemDigitized>2003</dateItemDigitized><source>PDF6BkMk</source><source>Non-doppler weather radar</source><format>PDF File, 10,681KB</format><language>English</language><copyright>All uses of library resources, including the digitized collections, should be consistent with U.S. Copyright Law.</copyright></record>