<?xml version="1.0" ?>
<record xmlns:xsi="http://www.w3.org/2001/XMLSchema-instance" xsi:noNamespaceSchemaLocation="http://www.dls.ucar.edu/people/ostwald/Metadata/webcat/webcat-record.xsd"><recordID>TECH-NOTE-000-000-000-422</recordID><url>http://www.library.ucar.edu/uhtbin/hyperion-image/DR000422</url><title>NCAR/TN-222+IA - NCAR data communications.</title><itemType>REPORT</itemType><accessLevel>EXTENDED PUBLIC</accessLevel><accessionNum>DR000422</accessionNum><description>NCAR data communications.PDF</description><fullTitle>NCAR data communications.</fullTitle><creator>Morris, Don</creator><contributor>Nicol, Robert, editor</contributor><subject>Remote computing</subject><publisher>National Center for Atmospheric Research (U.S.)</publisher><scientificDivision>Scientific Computing Division.</scientificDivision><dateOfOriginal>1985</dateOfOriginal><dateItemDigitized>2003</dateItemDigitized><source>PDF 8 BkMk</source><format>PDF File, 4312 KB</format><language>English</language><copyright>All uses of library resources, including the digitized collections, should be consistent with U.S. Copyright Law.</copyright></record>