<?xml version="1.0" ?>
<record xmlns:xsi="http://www.w3.org/2001/XMLSchema-instance" xsi:noNamespaceSchemaLocation="http://www.dls.ucar.edu/people/ostwald/Metadata/webcat/webcat-record.xsd"><recordID>TECH-NOTE-000-000-000-410</recordID><url>http://www.library.ucar.edu/uhtbin/hyperion-image/DR000410</url><title>NCAR/TN-207+STR - Summary of NCAR Queen air measurements beneath cumuli in CCOPE.</title><itemType>REPORT</itemType><accessLevel>EXTENDED PUBLIC</accessLevel><accessionNum>DR000410</accessionNum><description>Summary of NCAR Queen air measurements beneath cumuli in CCOPE.PDF</description><fullTitle>Summary of NCAR Queen air measurements beneath cumuli in CCOPE.</fullTitle><creator>Fankhauser, J. C.</creator><contributor>Barnes, G. M.</contributor><contributor>Breed, D. W.</contributor><contributor>LeMone, M. A.</contributor><subject>Cumuli clouds</subject><subject>CCOPE</subject><publisher>National Center for Atmospheric Research (U.S.).</publisher><scientificDivision>Convective Storms Division</scientificDivision><dateOfOriginal>1983</dateOfOriginal><dateItemDigitized>2003</dateItemDigitized><source>PDF 8 BkMk</source><format>PDF File, 7410 KB</format><language>English</language><copyright>All uses of library resources, including the digitized collections, should be consistent with U.S. Copyright Law.</copyright></record>