<?xml version="1.0" ?>
<record xmlns:xsi="http://www.w3.org/2001/XMLSchema-instance" xsi:noNamespaceSchemaLocation="http://www.dls.ucar.edu/people/ostwald/Metadata/webcat/webcat-record.xsd"><recordID>TECH-NOTE-000-000-000-324</recordID><url>http://www.library.ucar.edu/uhtbin/hyperion-image/DR000324</url><title>NCAR/TN-170+STR - Search for optimal three-dimensional mapping of the solar corona from K-coronameter data.</title><itemType>REPORT</itemType><accessLevel>EXTENDED PUBLIC</accessLevel><accessionNum>DR000324</accessionNum><description>Search for optimal three-dimensional mapping of the solar corona from K-coronameter data.PDF</description><fullTitle>Search for optimal three-dimensional mapping of the solar corona from K-coronameter data.</fullTitle><creator>Perry, R. Michael</creator><contributor>Altschuler, Martin D.</contributor><subject>Solar corona</subject><subject>K-coronameter data</subject><publisher>National Center for Atmospheric Research (U.S.).</publisher><scientificDivision>High Altitude Observatory</scientificDivision><dateOfOriginal>1981</dateOfOriginal><dateItemDigitized>2003</dateItemDigitized><source>ML Report 03022, PDF6BkMk</source><format>PDF File, 6131 KB</format><language>English</language><copyright>All uses of library resources, including the digitized collections, should be consistent with U.S. Copyright Law.</copyright></record>