<?xml version="1.0" ?>
<record xmlns:xsi="http://www.w3.org/2001/XMLSchema-instance" xsi:noNamespaceSchemaLocation="http://www.dls.ucar.edu/people/ostwald/Metadata/webcat/webcat-record.xsd"><recordID>TECH-NOTE-000-000-000-652</recordID><url>http://www.library.ucar.edu/uhtbin/hyperion-image/DR000652</url><title>NCAR/TN-167+STR - Winter MONEX : U.S. research flight missions, December 1978.</title><itemType>REPORT</itemType><accessLevel>EXTENDED PUBLIC</accessLevel><accessionNum>DR000652</accessionNum><description>Winter MONEX : U.S. research flight missions, December 1978.</description><fullTitle>Winter MONEX : U.S. research flight missions, December 1978.</fullTitle><creator>Bolhofer, William</creator><contributor>Chambers, Mary</contributor><contributor>Frey, Dean</contributor><contributor>Kuettner, Joachim</contributor><contributor>Unninayar, Sushil</contributor><subject>Aircraft missions</subject><subject>WMONEX</subject><publisher>National Center for Atmospheric Research (U.S.).</publisher><scientificDivision>U.S. MONEX Project Office</scientificDivision><dateOfOriginal>1981</dateOfOriginal><dateItemDigitized>2003</dateItemDigitized><format>PDF File, 8760 KB</format><language>English</language><copyright>All uses of library resources, including the digitized collections, should be consistent with U.S. Copyright Law.</copyright></record>