<?xml version="1.0" ?>
<record xmlns:xsi="http://www.w3.org/2001/XMLSchema-instance" xsi:noNamespaceSchemaLocation="http://www.dls.ucar.edu/people/ostwald/Metadata/webcat/webcat-record.xsd"><recordID>TECH-NOTE-000-000-000-115</recordID><url>http://www.library.ucar.edu/uhtbin/hyperion-image/DR000115</url><title>NCAR/TN-68+PROC - Particulate models: their validity and application; a workshop held at the N.C.A.R. Pt. 2.</title><itemType>REPORT</itemType><accessLevel>EXTENDED PUBLIC</accessLevel><accessionNum>DR000115</accessionNum><description>Particulate models: their validity and application; a workshop held at the N.C.A.R. Pt. 2 .PDF</description><fullTitle>Particulate models: their validity and application; a workshop held at the National Center for Atmospheric Research, Boulder, Colorado, 21 August 1970. - Pt. 2.</fullTitle><contributor>Blifford, I. H., editor.</contributor><subject>Aerosols--Mathematical models--Congresses.</subject><subject>Particle size determination--Congresses.</subject><subject>Air--Analysis--Congresses.</subject><publisher>National Center for Atmospheric Research (U.S.).</publisher><scientificDivision>Atmospheric Technology Division</scientificDivision><dateOfOriginal>1971</dateOfOriginal><dateItemDigitized>2003</dateItemDigitized><source>ML Report TD884.5 .B55 1970, 50583000063937, PDF3-BkMk</source><format>PDF File, 7499 KB</format><language>English</language><copyright>All uses of library resources, including the digitized collections, should be consistent with U.S. Copyright Law.</copyright></record>