<?xml version="1.0" ?>
<record xmlns:xsi="http://www.w3.org/2001/XMLSchema-instance" xsi:noNamespaceSchemaLocation="http://www.dls.ucar.edu/people/ostwald/Metadata/webcat/webcat-record.xsd"><recordID>TECH-NOTE-000-000-000-506</recordID><url>http://www.library.ucar.edu/uhtbin/hyperion-image/DR000506</url><title>NCAR/TN-254+STR - Uncorrelated noise in turbulence measurements.</title><itemType>REPORT</itemType><accessLevel>EXTENDED PUBLIC</accessLevel><accessionNum>DR000506</accessionNum><description>Uncorrelated noise in turbulence measurements.PDF</description><fullTitle>Uncorrelated noise in turbulence measurements.</fullTitle><creator>Lenschow, Donald H.</creator><contributor>Kristensen, Leif</contributor><subject>Turbulence</subject><publisher>National Center for Atmospheric Research (U.S.).</publisher><scientificDivision>Atmospheric Analysis and Prediction Division</scientificDivision><dateOfOriginal>1985</dateOfOriginal><dateItemDigitized>2003</dateItemDigitized><source>PDF 10 BkMk</source><format>PDF File, 1758 KB</format><language>English</language><copyright>All uses of library resources, including the digitized collections, should be consistent with U.S. Copyright Law.</copyright></record>