<?xml version="1.0" ?>
<record xmlns:xsi="http://www.w3.org/2001/XMLSchema-instance" xsi:noNamespaceSchemaLocation="http://www.dls.ucar.edu/people/ostwald/Metadata/webcat/webcat-record.xsd"><recordID>TECH-NOTE-000-000-000-123</recordID><url>http://www.library.ucar.edu/uhtbin/hyperion-image/DR000123</url><title>NCAR/TN-77+STR - Volume II, Part 1: Tables, collection effeciency as a function of filter face velocity.</title><itemType>REPORT</itemType><accessLevel>EXTENDED PUBLIC</accessLevel><accessionNum>DR000123</accessionNum><description>NCAR/TN-77+STR - Volume II, Part 1: Tbls, coll. effeciency as a function of filter face velocity.PDF</description><fullTitle>NCAR/TN-77+STR - Volume II: Tables, collection effeciency as a function of filter face velocity.</fullTitle><creator>Spurny, K. R.</creator><contributor>Lodge, Jr., J. P.</contributor><subject>Aerosols</subject><subject>Hydrosols</subject><publisher>National Center for Atmospheric Research (U.S.)</publisher><scientificDivision>Laboratory of Atmospheric Science</scientificDivision><dateOfOriginal>1972</dateOfOriginal><dateItemDigitized>2003</dateItemDigitized><source>ML Report 02657, 50583010060584, PDF3BkMk</source><format>PDF File, 10,531 KB</format><language>English</language><copyright>All uses of library resources, including the digitized collections, should be consistent with U.S. Copyright Law.</copyright></record>