<?xml version="1.0" ?>
<record xmlns:xsi="http://www.w3.org/2001/XMLSchema-instance" xsi:noNamespaceSchemaLocation="http://www.dls.ucar.edu/people/ostwald/Metadata/webcat/webcat-record.xsd"><recordID>TECH-NOTE-000-000-000-228</recordID><url>http://www.library.ucar.edu/uhtbin/hyperion-image/DR000228</url><title>NCAR/TN-415+STR - Report of the first prospectus development team - U.S. Weather Research Program.</title><itemType>REPORT</itemType><accessLevel>EXTENDED PUBLIC</accessLevel><accessionNum>DR000228</accessionNum><description>Report of the first prospectus development team - U.S. Weather Research Program.PDF</description><fullTitle>Report of the first prospectus development team - U.S. Weather Research Program.</fullTitle><contributor>Carbone, Richard E., lead scientist.</contributor><subject>Atmospheric research planning</subject><subject>Weather forecasting</subject><publisher>National Center for Atmospheric Research (U.S.).</publisher><publisher>National Center for Atmospheric Research (U.S.).</publisher><scientificDivision>Mesoscale and Microscale Meteorology Division</scientificDivision><dateOfOriginal>1995</dateOfOriginal><dateItemDigitized>2003</dateItemDigitized><source>PDF 14 BkMk</source><format>PDF File, 1845 KB</format><language>English</language><copyright>All uses of library resources, including the digitized collections, should be consistent with U.S. Copyright Law.</copyright></record>