<?xml version="1.0" ?>
<record xmlns:xsi="http://www.w3.org/2001/XMLSchema-instance" xsi:noNamespaceSchemaLocation="http://www.dls.ucar.edu/people/ostwald/Metadata/webcat/webcat-record.xsd"><recordID>TECH-NOTE-000-000-000-583</recordID><url>http://www.library.ucar.edu/uhtbin/hyperion-image/DR000583</url><title>NCAR/TN-315+STR - Taiwan area mesoscale experiment: Doppler radar operations summary.</title><itemType>REPORT</itemType><accessLevel>EXTENDED PUBLIC</accessLevel><accessionNum>DR000583</accessionNum><description>Taiwan area mesoscale experiment: Doppler radar operations summary.PDF</description><fullTitle>Taiwan area mesoscale experiment: Doppler radar operations summary.</fullTitle><creator>Parsons, David B.</creator><contributor>Trier, Stanley B.</contributor><subject>Atmospheric science</subject><subject>Radar</subject><subject>Mesoscale</subject><publisher>National Center for Atmospheric Research (U.S.).</publisher><scientificDivision>Mesoscale and Microscale Meteorology Division.</scientificDivision><dateOfOriginal>1989</dateOfOriginal><dateItemDigitized>2004</dateItemDigitized><format>PDF File, 2313 KB</format><language>English</language><copyright>All uses of library resources, including the digitized collections, should be consistent with U.S. Copyright Law.</copyright></record>