<?xml version="1.0" ?>
<record xmlns:xsi="http://www.w3.org/2001/XMLSchema-instance" xsi:noNamespaceSchemaLocation="http://www.dls.ucar.edu/people/ostwald/Metadata/webcat/webcat-record.xsd"><recordID>TECH-NOTE-000-000-000-188</recordID><url>http://www.library.ucar.edu/uhtbin/hyperion-image/DR000188</url><title>NCAR/TN-377+ IA - Parcels with TAGS.</title><itemType>REPORT</itemType><accessLevel>EXTENDED PUBLIC</accessLevel><accessionNum>DR000188</accessionNum><description>Parcels with TAGS.PDF</description><fullTitle>Parcels with TAGS.</fullTitle><creator>Sloan, John L.</creator><subject>Computing --  codes</subject><subject>Text and graphics system</subject><publisher>National Center for Atmospheric Research (U.S.).</publisher><scientificDivision>Scientific Computing Division</scientificDivision><dateOfOriginal>1992</dateOfOriginal><dateItemDigitized>2003</dateItemDigitized><language>English</language><copyright>All uses of library resources, including the digitized collections, should be consistent with U.S. Copyright Law.</copyright></record>