<?xml version="1.0" ?>
<record xmlns:xsi="http://www.w3.org/2001/XMLSchema-instance" xsi:noNamespaceSchemaLocation="http://www.dls.ucar.edu/people/ostwald/Metadata/webcat/webcat-record.xsd"><recordID>TECH-NOTE-000-000-000-221</recordID><url>http://www.library.ucar.edu/uhtbin/hyperion-image/DR000221</url><title>NCAR/TN-407+STR - Generalized theoretical analysis of cross-correlation/-spectra for spaced-antenna wind profilers.</title><itemType>REPORT</itemType><accessLevel>EXTENDED PUBLIC</accessLevel><accessionNum>DR000221</accessionNum><description>Generalized theoretical analysis of cross-correlation -spectra for spaced-antenna wind profilers.PDF</description><fullTitle>A generalized theoretical analysis of cross-correlation and cross-spectra for spaced-antenna wind profilers.</fullTitle><creator>Doviak, R. J.</creator><contributor>Lataitis, R. J.</contributor><contributor>Holloway, C.L.</contributor><contributor>Van Baelen, J.</contributor><subject>Spaced antenna system</subject><subject>Atmospheric echoes</subject><publisher>National Center for Atmospheric Research (U.S.).</publisher><scientificDivision>Atmospheric Technology Division</scientificDivision><dateOfOriginal>1994</dateOfOriginal><date>2004</date><source>PDF 14 BkMk</source><format>PDF File, 4436 KB</format><language>English</language><copyright>All uses of library resources, including the digitized collections, should be consistent with U.S. Copyright Law.</copyright></record>