<?xml version="1.0" ?>
<record xmlns:xsi="http://www.w3.org/2001/XMLSchema-instance" xsi:noNamespaceSchemaLocation="http://www.dls.ucar.edu/people/ostwald/Metadata/webcat/webcat-record.xsd"><recordID>TECH-NOTE-000-000-000-663</recordID><url>http://www.library.ucar.edu/uhtbin/hyperion-image/DR000663</url><title>NCAR/TN-58+STR - Climate of the upper air : Southern Hemisphere. Vol. 3. Part 1.</title><itemType>REPORT</itemType><accessLevel>EXTENDED PUBLIC</accessLevel><accessionNum>DR000663</accessionNum><description>Volume 3 : Vector mean geostrophic winds - Isogon and Isotach Analyses. Part 1.PDF</description><fullTitle>NCAR/TN-58+STR - Climate of the upper air : Southern Hemisphere. Volume 3 : Vector mean geostrophic winds - Isogon and Isotach Analyses. Part 1.</fullTitle></record>