<?xml version="1.0" ?>
<record xmlns:xsi="http://www.w3.org/2001/XMLSchema-instance" xsi:noNamespaceSchemaLocation="http://www.dls.ucar.edu/people/ostwald/Metadata/webcat/webcat-record.xsd"><recordID>TECH-NOTE-000-000-000-208</recordID><url>http://www.library.ucar.edu/uhtbin/hyperion-image/DR000208</url><title>NCAR/TN-92+STR - A selected climatology of the Southern Hemisphere:  computer methods and data availability.</title><itemType>REPORT</itemType><accessLevel>EXTENDED PUBLIC</accessLevel><accessionNum>DR000208</accessionNum><description>A selected climatology of the Southern Hemisphere:  computer methods and data availability.PDF</description><fullTitle>A selected climatology of the Southern Hemisphere:  computer methods and data availability.</fullTitle><creator>Jenne, Roy  L.</creator><contributor>Crutcher, Harold L.</contributor><contributor>van Loon, Harry</contributor><contributor>Taljaard, J. J.</contributor><subject>Climatology</subject><subject>Southern Hemisphere</subject><publisher>National Center for Atmospheric Research (U.S.)</publisher><scientificDivision>Atmospheric Technology Division.</scientificDivision><dateOfOriginal>1974</dateOfOriginal><dateItemDigitized>2003</dateItemDigitized><source>PDF 4 BkMk</source><format>PDF File, 3874 KB</format><language>English</language><copyright>All uses of library resources, including the digitized collections, should be consistent with U.S. Copyright Law.</copyright></record>