<?xml version="1.0" ?>
<record xmlns:xsi="http://www.w3.org/2001/XMLSchema-instance" xsi:noNamespaceSchemaLocation="http://www.dls.ucar.edu/people/ostwald/Metadata/webcat/webcat-record.xsd"><recordID>TECH-NOTE-000-000-000-330</recordID><url>http://www.library.ucar.edu/uhtbin/hyperion-image/DR000330</url><title>NCAR/TN-177+IA - An overview of NCAR's computing environment.</title><itemType>REPORT</itemType><accessLevel>EXTENDED PUBLIC</accessLevel><accessionNum>DR000330</accessionNum><description>An overview of NCAR's computing environment.PDF</description><fullTitle>An overview of NCAR's computing environment.</fullTitle><contributor>Cowley, Ann D., technical editor</contributor><contributor>Besen, Linda C., editor</contributor><contributor>McArthur, Gregory R., editor</contributor><subject>Scientific computing</subject><publisher>National Center for Atmospheric Research (U.S.).</publisher><scientificDivision>Scientific Computing Division</scientificDivision><dateOfOriginal>1981</dateOfOriginal><dateItemDigitized>2003</dateItemDigitized><source>PDF 7 BkMk</source><format>PDF File, 2666 KB</format><language>English</language><copyright>All uses of library resources, including the digitized collections, should be consistent with U.S. Copyright Law.</copyright></record>