<?xml version="1.0" ?>
<record xmlns:xsi="http://www.w3.org/2001/XMLSchema-instance" xsi:noNamespaceSchemaLocation="http://www.dls.ucar.edu/people/ostwald/Metadata/webcat/webcat-record.xsd"><recordID>TECH-NOTE-000-000-000-231</recordID><url>http://www.library.ucar.edu/uhtbin/hyperion-image/DR000231</url><title>NCAR/TN-420+STR - Description of the NCAR Community Climate Model (CCM3).</title><itemType>REPORT</itemType><accessLevel>EXTENDED PUBLIC</accessLevel><accessionNum>DR000231</accessionNum><description>Description of the NCAR Community Climate Model (CCM3).PDF</description><fullTitle>Description of the NCAR Community Climate Model (CCM3).</fullTitle><creator>Kiehl, J. T.</creator><contributor>Hack, James J.</contributor><contributor>Bonan, Gordon B.</contributor><contributor>Boville, Byron A.</contributor><contributor>Briegleb, Bruce P.</contributor><contributor>Williamson, David L.</contributor><contributor>Rasch, Philip J.</contributor><subject>Community Climate Model</subject><subject>CCM3</subject><publisher>National Center for Atmospheric Research (U.S.).</publisher><scientificDivision>Climate and Global Dynamics Division</scientificDivision><dateOfOriginal>1996</dateOfOriginal><dateItemDigitized>2003</dateItemDigitized><source>PDF 14 BkMk</source><format>PDF File, 7474 KB</format><language>English</language><copyright>All uses of library resources, including the digitized collections, should be consistent with U.S. Copyright Law.</copyright></record>