<?xml version="1.0" ?>
<record xmlns:xsi="http://www.w3.org/2001/XMLSchema-instance" xsi:noNamespaceSchemaLocation="http://www.dls.ucar.edu/people/ostwald/Metadata/webcat/webcat-record.xsd"><recordID>TECH-NOTE-000-000-000-640</recordID><url>http://www.library.ucar.edu/uhtbin/hyperion-image/DR000640</url><title>NCAR/TN-444+STR - Pulse compression for phased array weather radars. Part 2.</title><itemType>REPORT</itemType><accessLevel>EXTENDED PUBLIC</accessLevel><accessionNum>DR000640</accessionNum><description>Pulse compression for phased array weather radars. Part 2.PDF</description><fullTitle>Pulse compression for phased array weather radars. Part 2.</fullTitle><creator>Keeler, R. Jeffrey</creator><contributor>Hwang, Charles A.</contributor><contributor>Mudukutore, Ashok S.</contributor><subject>Weather radar.</subject><subject>Weather hazards.</subject><publisher>National Center for Atmospheric Research (U.S.).</publisher><scientificDivision>Atmospheric Technology Division.</scientificDivision><dateOfOriginal>1999</dateOfOriginal><dateItemDigitized>2004</dateItemDigitized><format>PDF File, 6355 KB</format><language>English</language><copyright>All uses of library resources, including the digitized collections, should be consistent with U.S. Copyright Law.</copyright></record>