<?xml version="1.0" ?>
<record xmlns:xsi="http://www.w3.org/2001/XMLSchema-instance" xsi:noNamespaceSchemaLocation="http://www.dls.ucar.edu/people/ostwald/Metadata/webcat/webcat-record.xsd"><recordID>TECH-NOTE-000-000-000-216</recordID><url>http://www.library.ucar.edu/uhtbin/hyperion-image/DR000216</url><title>NCAR/TN-401+STR - Annual cycle of precipitation over the Indian subcontinent : daily, monthly and seasonal statistics</title><itemType>REPORT</itemType><accessLevel>EXTENDED PUBLIC</accessLevel><accessionNum>DR000216</accessionNum><description>Annual cycle of precipitation over the Indian subcontinent: daily, monthly &amp; seasonal statistics.PDF</description><fullTitle>The annual cycle of precipitation over the Indian subcontinent : daily, monthly and seasonal statistics.</fullTitle><creator>Shea, Dennis J.</creator><contributor>Sontakke, N. A.</contributor><subject>Precipitation statistics</subject><subject>Indian subcontinent</subject><publisher>National Center for Atmospheric Research (U.S.).</publisher><scientificDivision>Climate and Global Dynamics Division</scientificDivision><dateOfOriginal>1995</dateOfOriginal><dateItemDigitized>2003</dateItemDigitized><source>PDF 14 BkMk</source><format>PDF File, 7936 KB</format><language>English</language><copyright>All uses of library resources, including the digitized collections, should be consistent with U.S. Copyright Law.</copyright></record>