<?xml version="1.0" ?>
<record xmlns:xsi="http://www.w3.org/2001/XMLSchema-instance" xsi:noNamespaceSchemaLocation="http://www.dls.ucar.edu/people/ostwald/Metadata/webcat/webcat-record.xsd"><recordID>TECH-NOTE-000-000-000-519</recordID><url>http://www.library.ucar.edu/uhtbin/hyperion-image/DR000519</url><title>NCAR/TN-264+IA - A glossary on the environmental impact of a nuclear war.</title><itemType>REPORT</itemType><accessLevel>EXTENDED PUBLIC</accessLevel><accessionNum>DR000519</accessionNum><description>A glossary on the environmental impact of a nuclear war.PDF</description><fullTitle>A glossary on the environmental impact of a nuclear war.</fullTitle><creator>Verstraete, Michael M.</creator><subject>Nuclear warfare -- environment aspects</subject><publisher>National Center for Atmospheric Research (U.S.).</publisher><scientificDivision>Advanced Study Program</scientificDivision><dateOfOriginal>1986</dateOfOriginal><dateItemDigitized>2003</dateItemDigitized><source>PDF 10 BkMk</source><format>PDF File, 2371 KB</format><language>English</language><copyright>All uses of library resources, including the digitized collections, should be consistent with U.S. Copyright Law.</copyright></record>