<?xml version="1.0" ?>
<record xmlns:xsi="http://www.w3.org/2001/XMLSchema-instance" xsi:noNamespaceSchemaLocation="http://www.dls.ucar.edu/people/ostwald/Metadata/webcat/webcat-record.xsd"><recordID>TECH-NOTE-000-000-000-150</recordID><url>http://www.library.ucar.edu/uhtbin/hyperion-image/DR000150</url><title>NCAR/TN-339+STR - A Comparison of shape preserving interpolators.</title><itemType>REPORT</itemType><accessLevel>EXTENDED PUBLIC</accessLevel><accessionNum>DR000150</accessionNum><description>A Comparison of shape preserving interpolators.PDF</description><fullTitle>A Comparison of shape preserving interpolators.</fullTitle><creator>Rasch, Philip J.</creator><contributor>Williamson, David L.</contributor><contributor>All uses of library resources, including the digitized collections, should be consistent with U.S. Copyright Law.</contributor><subject>Interpolation</subject><subject>Numerical analysis</subject><publisher>National Center for Atmospheric Research (U.S.).</publisher><scientificDivision>Climate And Global Dynamics Division</scientificDivision><dateOfOriginal>1989</dateOfOriginal><dateItemDigitized>2003</dateItemDigitized><source>PDF 12 BkMk</source><format>PDF File, 2390 KB</format><language>English</language></record>