<?xml version="1.0" ?>
<record xmlns:xsi="http://www.w3.org/2001/XMLSchema-instance" xsi:noNamespaceSchemaLocation="http://www.dls.ucar.edu/people/ostwald/Metadata/webcat/webcat-record.xsd"><recordID>TECH-NOTE-000-000-000-185</recordID><url>http://www.library.ucar.edu/uhtbin/hyperion-image/DR000185</url><title>NCAR/TN-374+PROC - Meeting review:  third NCAR research aircraft fleet workshop.</title><itemType>REPORT</itemType><accessLevel>EXTENDED PUBLIC</accessLevel><accessionNum>DR000185</accessionNum><description>Meeting review:  third NCAR research aircraft fleet workshop.PDF</description><fullTitle>Meeting review:  third NCAR research aircraft fleet workshop.</fullTitle><creator>Radke, Lawrence F.</creator><contributor>Spyers-Duran, Paul</contributor><subject>Engineering</subject><subject>Technology</subject><subject>Aircraft</subject><publisher>National Center for Atmospheric Research (U.S.).</publisher><scientificDivision>Research Aviation FacilityAtmospheric Technology Division</scientificDivision><scientificDivision>Atmospheric Technology Division</scientificDivision><dateOfOriginal>1992</dateOfOriginal><dateItemDigitized>2003</dateItemDigitized><language>English</language><copyright>All uses of library resources, including the digitized collections, should be consistent with U.S. Copyright Law.</copyright></record>