<?xml version="1.0" ?>
<record xmlns:xsi="http://www.w3.org/2001/XMLSchema-instance" xsi:noNamespaceSchemaLocation="http://www.dls.ucar.edu/people/ostwald/Metadata/webcat/webcat-record.xsd"><recordID>TECH-NOTE-000-000-000-385</recordID><url>http://www.library.ucar.edu/uhtbin/hyperion-image/DR000385</url><title>NCAR/TN-442+PROC - U.S. weather research program, hurricane landfall workshop report.</title><itemType>REPORT</itemType><accessLevel>EXTENDED PUBLIC</accessLevel><accessionNum>DR000385</accessionNum><description>U.S. weather research program, hurricane landfall workshop report.PDF</description><fullTitle>U.S. weather research program, hurricane landfall workshop report.</fullTitle><creator>Elsberry, Russell</creator><contributor>Marks, Frank</contributor><contributor>Barnes, Gary</contributor><contributor>DeMaria, Mark</contributor><contributor>Lord, Stephen</contributor><contributor>Montgomery, Michael</contributor><contributor>Pielke, Jr., Roger</contributor><contributor>Shay, Lynn</contributor><contributor>Velden, Christopher</contributor><subject>Hurricane landfall</subject><subject>Meteorological research</subject><publisher>National Center for Atmospheric Research (U.S.).</publisher><publisher>U.S. Weather Research Program</publisher><dateOfOriginal>1998</dateOfOriginal><dateItemDigitized>2003</dateItemDigitized><source>PDF 15 BkMk</source><format>PDF File, 3698</format><language>English</language><copyright>All uses of library resources, including the digitized collections, should be consistent with U.S. Copyright Law.</copyright></record>