<?xml version="1.0" ?>
<record xmlns:xsi="http://www.w3.org/2001/XMLSchema-instance" xsi:noNamespaceSchemaLocation="http://www.dls.ucar.edu/people/ostwald/Metadata/webcat/webcat-record.xsd"><recordID>TECH-NOTE-000-000-000-361</recordID><url>http://www.library.ucar.edu/uhtbin/hyperion-image/DR000361</url><title>NCAR/TN-204+PROC - Interaction between objective analysis &amp; initialization / proc. 14th Stanstead seminar. 1982.</title><itemType>REPORT</itemType><accessLevel>EXTENDED PUBLIC</accessLevel><accessionNum>DR000361</accessionNum><description>Interaction between objective analysis &amp; initialization / proc. 14th Stanstead seminar. 1982.</description><fullTitle>The interaction between objective analysis and initialization / proceedings of the (fourteenth) Stanstead seminar held at Bishop's University, Lennoxville, Quebec, Canada, July 12 - 16, 1982.</fullTitle><contributor>Williamson, D., editor.</contributor><subject>Forecast system</subject><publisher>National Center for Atmospheric Research (U.S.).</publisher><scientificDivision>Atmospheric Analysis and Prediction Division</scientificDivision><dateOfOriginal>1982</dateOfOriginal><dateItemDigitized>2003</dateItemDigitized><source>PDF 7 BkMk</source><format>PDF File, 10,473 KB</format><language>English</language><copyright>All uses of library resources, including the digitized collections, should be consistent with U.S. Copyright Law.</copyright></record>