<?xml version="1.0" ?>
<record xmlns:xsi="http://www.w3.org/2001/XMLSchema-instance" xsi:noNamespaceSchemaLocation="http://www.dls.ucar.edu/people/ostwald/Metadata/webcat/webcat-record.xsd"><recordID>TECH-NOTE-000-000-000-258</recordID><url>http://www.library.ucar.edu/uhtbin/hyperion-image/DR000258</url><title>NCAR/TN-113+STR - Atlas of the global dstribution of total ozone July 1957 - June 1967. Part 1.</title><itemType>REPORT</itemType><accessLevel>EXTENDED PUBLIC</accessLevel><accessionNum>DR000258</accessionNum><description>Atlas of the global dstribution of total ozone July 1957 - June 1967. Part 1.PDF</description><fullTitle>Atlas of the global dstribution of total ozone July 1957 - June 1967. Part 1.</fullTitle><creator>London, Julius</creator><contributor>Bojkov, Rumen D.</contributor><contributor>Oltmans, Samuel</contributor><contributor>Kelley, Jean I.</contributor><subject>Ozone</subject><subject>Atmospheric science</subject><publisher>National Center for Atmospheric Research (U.S.).</publisher><scientificDivision>Climate and Global Dynamics Division.</scientificDivision><dateOfOriginal>1976</dateOfOriginal><dateItemDigitized>2003</dateItemDigitized><source>ML Report 03310, PDF5BkMk</source><format>PDF File, 8121 KB</format><language>English</language><copyright>All uses of library resources, including the digitized collections, should be consistent with U.S. Copyright Law.</copyright></record>