<?xml version="1.0" ?>
<record xmlns:xsi="http://www.w3.org/2001/XMLSchema-instance" xsi:noNamespaceSchemaLocation="http://www.dls.ucar.edu/people/ostwald/Metadata/webcat/webcat-record.xsd"><recordID>TECH-NOTE-000-000-000-573</recordID><url>http://www.library.ucar.edu/uhtbin/hyperion-image/DR000573</url><title>NCAR/TN-301+STR - Intercomparison of NMC and ECMWF global analyses: 1980-1986.</title><itemType>REPORT</itemType><accessLevel>EXTENDED PUBLIC</accessLevel><accessionNum>DR000573</accessionNum><description>Intercomparison of NMC and ECMWF global analyses: 1980-1986.PDF</description><fullTitle>Intercomparison of NMC and ECMWF global analyses: 1980-1986.</fullTitle><creator>Trenberth, Kevin E.</creator><contributor>Olson, Jerry G.</contributor><subject>Atmospheric science</subject><subject>Global analyses</subject><subject>U.S. National Meteorolgical Center</subject><subject>European Centre for Medium Range Weather Forecasts</subject><publisher>National Center for Atmospheric Research (U.S.).</publisher><scientificDivision>Climate and Global Dynamics Division</scientificDivision><dateOfOriginal>1988</dateOfOriginal><dateItemDigitized>2003</dateItemDigitized><source>PDF 11 BkMk</source><format>PDF File, 5088 KB</format><language>English</language><copyright>All uses of library resources, including the digitized collections, should be consistent with U.S. Copyright Law.</copyright></record>