<?xml version="1.0" ?>
<record xmlns:xsi="http://www.w3.org/2001/XMLSchema-instance" xsi:noNamespaceSchemaLocation="http://www.dls.ucar.edu/people/ostwald/Metadata/webcat/webcat-record.xsd"><recordID>TECH-NOTE-000-000-000-601</recordID><url>http://www.library.ucar.edu/uhtbin/hyperion-image/DR000601</url><title>NCAR/TN-460+STR - Diurnal to decadal global forcing for ocean and sea-ice models : the data sets and flux climatologies.</title><itemType>REPORT</itemType><accessLevel>EXTENDED PUBLIC</accessLevel><accessionNum>DR000601</accessionNum><description>Diurnal to decadal global forcing for ocean and sea-ice models: data sets &amp; flux climatologies.PDF</description><fullTitle>Diurnal to decadal global forcing for ocean and sea-ice models : the data sets and flux climatologies.</fullTitle><creator>Large, W. G.</creator><contributor>Yeager, S. G.</contributor><subject>Ocean General Circulation Model</subject><subject>Sea-Ice Model</subject><publisher>National Center For Atmospheric Research (U.S.).</publisher><scientificDivision>Climate And Global Dynamics Division.</scientificDivision><dateOfOriginal>2004</dateOfOriginal><dateItemDigitized>2004</dateItemDigitized><format>PDF File</format><language>English</language><copyright>All uses of library resources, including the digitized collections, should be consistent with U.S. Copyright Law.</copyright></record>