<?xml version="1.0" ?>
<record xmlns:xsi="http://www.w3.org/2001/XMLSchema-instance" xsi:noNamespaceSchemaLocation="http://www.dls.ucar.edu/people/ostwald/Metadata/webcat/webcat-record.xsd"><recordID>TECH-NOTE-000-000-000-106</recordID><url>http://www.library.ucar.edu/uhtbin/hyperion-image/DR000106</url><title>NCAR/TN-55+STR - Volume I.  data reduction procedures and thermodynamic data.</title><itemType>REPORT</itemType><accessLevel>EXTENDED PUBLIC</accessLevel><accessionNum>DR000106</accessionNum><description>NCAR/TN-55+STR - Volume I.  data reduction procedures and thermodynamic data.PDF</description><fullTitle>Rawinsonde data obtained during the Line Islands Experiment.  Volume I.  Data reduction procedures and thermodynamic data.</fullTitle><creator>Madden, R.</creator><contributor>Zipser, E.</contributor><contributor>Danielsen, E.</contributor><contributor>Joseph, D.</contributor><contributor>Gall, R.</contributor><publisher>National Center for Atmospheric Research (U.S.)</publisher><scientificDivision>Laboratory of Atmospheric Sciences</scientificDivision><dateOfOriginal>1971</dateOfOriginal><dateItemDigitized>2003</dateItemDigitized><source>ML Report 02075, 50583010046245, PDF2BkMk</source><format>PDF File, 24,539 KB</format><language>English</language><copyright>All uses of library resources, including the digitized collections, should be consistent with U.S. Copyright Law.</copyright></record>