<?xml version="1.0" ?>
<record xmlns:xsi="http://www.w3.org/2001/XMLSchema-instance" xsi:noNamespaceSchemaLocation="http://www.dls.ucar.edu/people/ostwald/Metadata/webcat/webcat-record.xsd"><recordID>TECH-NOTE-000-000-000-513</recordID><url>http://www.library.ucar.edu/uhtbin/hyperion-image/DR000513</url><title>NCAR/TN-260+STR - Experiments with buoyancy-driven ocean circulation.</title><itemType>REPORT</itemType><accessLevel>EXTENDED PUBLIC</accessLevel><accessionNum>DR000513</accessionNum><description>Experiments with buoyancy-driven ocean circulation.PDF</description><fullTitle>Experiments with buoyancy-driven ocean circulation.</fullTitle><creator>Rhines, P. B.</creator><contributor>Holland, W. R.</contributor><contributor>Chow, J.</contributor><subject>Buoyancy-driven ocean circulation</subject><publisher>National Center for Atmospheric Research (U.S.).</publisher><scientificDivision>Atmospheric Analysis and Prediction Division</scientificDivision><dateOfOriginal>1985</dateOfOriginal><dateItemDigitized>2003</dateItemDigitized><source>PDF 10 BkMk</source><format>PDF File, 4563 KB</format><language>English</language><copyright>All uses of library resources, including the digitized collections, should be consistent with U.S. Copyright Law.</copyright></record>