<?xml version="1.0" ?>
<record xmlns:xsi="http://www.w3.org/2001/XMLSchema-instance" xsi:noNamespaceSchemaLocation="http://www.dls.ucar.edu/people/ostwald/Metadata/webcat/webcat-record.xsd"><recordID>TECH-NOTE-000-000-000-592</recordID><url>http://www.library.ucar.edu/uhtbin/hyperion-image/DR000592</url><title>NCAR/TN-322+IA - Generation of CCM format history tapes from analyzed data for selected periods (RD2FCM Version 01).</title><itemType>REPORT</itemType><accessLevel>EXTENDED PUBLIC</accessLevel><accessionNum>DR000592</accessionNum><description>Generation of CCM format history tapes from ... data for selected periods (RD2FCM Version 01).PDF</description><fullTitle>Generation of CCM format history tapes from analyzed data for selected periods (RD2FCM Version 01).</fullTitle><creator>Mayer, Thomas A.</creator><subject>Mathematics, Computer science</subject><subject>Community climate model -- history</subject><publisher>National Center for Atmospheric Research (U.S).</publisher><scientificDivision>Climate and Global Dynamics Division.</scientificDivision><dateOfOriginal>1988</dateOfOriginal><dateItemDigitized>2004</dateItemDigitized><format>PDF File, 2600 KB</format><language>English</language><copyright>All uses of library resources, including the digitized collections, should be consistent with U.S. Copyright Law.</copyright></record>