<?xml version="1.0" ?>
<record xmlns:xsi="http://www.w3.org/2001/XMLSchema-instance" xsi:noNamespaceSchemaLocation="http://www.dls.ucar.edu/people/ostwald/Metadata/webcat/webcat-record.xsd"><recordID>TECH-NOTE-000-000-000-597</recordID><url>http://www.library.ucar.edu/uhtbin/hyperion-image/DR000597</url><title>NCAR/TN-327+IA - Guide to historical resources in the atmospheric sciences:...in the Washington, D.C. area.</title><itemType>REPORT</itemType><accessLevel>EXTENDED PUBLIC</accessLevel><accessionNum>DR000597</accessionNum><description>Guide to historical resources in the atmospheric sciences:...in the Washington, D.C. area.PDF</description><fullTitle>Guide to historical resources in the atmospheric sciences: archives, manuscripts, and special collections in the Washington, D.C. area.</fullTitle><creator>Fleming, James R.</creator><subject>Atmospheric science</subject><subject>Archival material</subject><publisher>National Center for Atmospheric Research (U.S).</publisher><scientificDivision>Climate and Global Dynamics Division.</scientificDivision><dateOfOriginal>1989</dateOfOriginal><dateItemDigitized>2004</dateItemDigitized><format>PDF File, 11,801 KB</format><language>English</language><copyright>All uses of library resources, including the digitized collections, should be consistent with U.S. Copyright Law.</copyright></record>