<?xml version="1.0" ?>
<record xmlns:xsi="http://www.w3.org/2001/XMLSchema-instance" xsi:noNamespaceSchemaLocation="http://www.dls.ucar.edu/people/ostwald/Metadata/webcat/webcat-record.xsd"><recordID>TECH-NOTE-000-000-000-048</recordID><url>http://www.library.ucar.edu/uhtbin/hyperion-image/DR000048</url><title>NCAR/TN-63+EDD - A Carrier balloon for tropical soundings.</title><itemType>REPORT</itemType><accessLevel>EXTENDED PUBLIC</accessLevel><accessionNum>DR000048</accessionNum><description>A Carrier balloon for tropical soundings.PDF</description><fullTitle>A Carrier balloon for tropical soundings</fullTitle><creator>Frykman, R. W.</creator><contributor>Lally, V. E.</contributor><subject>Carrier balloon</subject><subject>Balloon equipment</subject><publisher>National Center for Atmospheric Research (U.S.)</publisher><scientificDivision>Scientific Balloon Facility</scientificDivision><scientificDivision>Atmospheric Technology Division</scientificDivision><dateOfOriginal>1971</dateOfOriginal><dateItemDigitized>2003</dateItemDigitized><source>ML Report 02004, 50583010044620, PDF2BkMk</source><format>PDF file, 3426 KB</format><language>English</language><copyright>All uses of library resources, including the digitized collections, should be consistent with U.S. Copyright Law.</copyright></record>