<?xml version="1.0" ?>
<record xmlns:xsi="http://www.w3.org/2001/XMLSchema-instance" xsi:noNamespaceSchemaLocation="http://www.dls.ucar.edu/people/ostwald/Metadata/webcat/webcat-record.xsd"><recordID>TECH-NOTE-000-000-000-223</recordID><url>http://www.library.ucar.edu/uhtbin/hyperion-image/DR000223</url><title>NCAR/TN-409+PROC - Applications of statistics to modeling the earth's climate system.</title><itemType>REPORT</itemType><accessLevel>EXTENDED PUBLIC</accessLevel><accessionNum>DR000223</accessionNum><description>Applications of statistics to modeling the earth's climate system.PDF</description><fullTitle>Applications of statistics to modeling the earth's climate system.</fullTitle><creator>Madden, R. A.</creator><contributor>Katz, R. W.</contributor><subject>Earth's climate system</subject><subject>Time series analysis</subject><publisher>National Center for Atmospheric Research (U.S.).</publisher><scientificDivision>Climate and Global Dynamics Division</scientificDivision><dateOfOriginal>1994</dateOfOriginal><dateItemDigitized>2003</dateItemDigitized><source>PDF 14 BkMk</source><format>PDF File, 8045 KB</format><language>English</language><copyright>All uses of library resources, including the digitized collections, should be consistent with U.S. Copyright Law.</copyright></record>