<?xml version="1.0" ?>
<record xmlns:xsi="http://www.w3.org/2001/XMLSchema-instance" xsi:noNamespaceSchemaLocation="http://www.dls.ucar.edu/people/ostwald/Metadata/webcat/webcat-record.xsd"><recordID>TECH-NOTE-000-000-000-398</recordID><url>http://www.library.ucar.edu/uhtbin/hyperion-image/DR000398</url><title>NCAR/TN-362+IA - Meeting review: airborne aerosol inlet workshop 27-28 February and 1 March 1991. Part 2.</title><itemType>REPORT</itemType><accessLevel>EXTENDED PUBLIC</accessLevel><accessionNum>DR000398</accessionNum><description>Meeting review: airborne aerosol inlet workshop 27-28 February and 1 March 1991. Part 2.PDF</description><fullTitle>Meeting review: airborne aerosol inlet workshop 27-28 February and 1 March 1991. Part 2.</fullTitle><creator>Baumgardner, Darrel</creator><contributor>Huebert, Barry</contributor><contributor>Wilson, Chuck</contributor><subject>Atmospheric science</subject><subject>Aerosols</subject><subject>Wind tunnels</subject><publisher>National Center for Atmospheric Research (U.S.).</publisher><scientificDivision>Atmospheric Technology Division.</scientificDivision><dateOfOriginal>1991</dateOfOriginal><dateItemDigitized>2003</dateItemDigitized><source>PDF 12 BkMk</source><format>PDF File, 7807</format><language>English</language><copyright>All uses of library resources, including the digitized collections, should be consistent with U.S. Copyright Law.</copyright></record>