<?xml version="1.0" ?>
<record xmlns:xsi="http://www.w3.org/2001/XMLSchema-instance" xsi:noNamespaceSchemaLocation="http://www.dls.ucar.edu/people/ostwald/Metadata/webcat/webcat-record.xsd"><recordID>TECH-NOTE-000-000-000-567</recordID><url>http://www.library.ucar.edu/uhtbin/hyperion-image/DR000567</url><title>NCAR/TN-294+IA - A Users' guide for TEX.</title><itemType>REPORT</itemType><accessLevel>EXTENDED PUBLIC</accessLevel><accessionNum>DR000567</accessionNum><description>A Users' guide for TEX.PDF</description><fullTitle>A Users' guide for TEX.</fullTitle><creator>Huth, Frances</creator><subject>Mathematics -- Computer science</subject><subject>TEX</subject><publisher>National Center for Atmospheric Research (U.S.).</publisher><scientificDivision>Mesoscale ad Microscale Meteorology Division</scientificDivision><dateOfOriginal>1987</dateOfOriginal><dateItemDigitized>2003</dateItemDigitized><source>PDF 11 BkMk</source><format>PDF File, 1843 KB</format><language>English</language><copyright>All uses of library resources, including the digitized collections, should be consistent with U.S. Copyright Law.</copyright></record>