<?xml version="1.0" ?>
<record xmlns:xsi="http://www.w3.org/2001/XMLSchema-instance" xsi:noNamespaceSchemaLocation="http://www.dls.ucar.edu/people/ostwald/Metadata/webcat/webcat-record.xsd"><recordID>TECH-NOTE-000-000-000-350</recordID><url>http://www.library.ucar.edu/uhtbin/hyperion-image/DR000350</url><title>NCAR/TN-196+IA - The IBM 434: gateway to NCAR computers.</title><itemType>REPORT</itemType><accessLevel>EXTENDED PUBLIC</accessLevel><accessionNum>DR000350</accessionNum><description>The IBM 434: gateway to NCAR computers.PDF</description><fullTitle>The IBM 434: gateway to NCAR computers.</fullTitle><contributor>McArthur, Gregory R., editor</contributor><contributor>Clare, Fred, technical editor</contributor><contributor>Horner, Barb, technical editor</contributor><contributor>Working, Marie, technical editor</contributor><contributor>Drake, Margaret, technical editor</contributor><subject>IBM 4341</subject><subject>Scientific computers</subject><publisher>National Center for Atmospheric Research (U.S.).</publisher><scientificDivision>Scientific Computing Division</scientificDivision><dateOfOriginal>1982</dateOfOriginal><dateItemDigitized>2003</dateItemDigitized><source>PDF 7 BkMk</source><format>PDF File, 5607 KB</format><language>English</language><copyright>All uses of library resources, including the digitized collections, should be consistent with U.S. Copyright Law.</copyright></record>