<?xml version="1.0" ?>
<record xmlns:xsi="http://www.w3.org/2001/XMLSchema-instance" xsi:noNamespaceSchemaLocation="http://www.dls.ucar.edu/people/ostwald/Metadata/webcat/webcat-record.xsd"><recordID>TECH-NOTE-000-000-000-070</recordID><url>http://www.library.ucar.edu/uhtbin/hyperion-image/DR000070</url><title>NCAR/TN-76/1 - Structure of an evolving hailstorm : series of papers /  by NHRE staff and participants</title><itemType>REPORT</itemType><accessLevel>EXTENDED PUBLIC</accessLevel><accessionNum>DR000070</accessionNum><description>Structure of an evolving hailstorm : series of papers /  by NHRE staff and participants.PDF</description><fullTitle>Structure of an evolving hailstorm : series of papers /  by NHRE staff and participants.</fullTitle><subject>Hail</subject><subject>Storms</subject><publisher>National Center for Atmospheric Research (U.S.)</publisher><scientificDivision>Laboratory of Atmospheric Sciences</scientificDivision><dateOfOriginal>1976</dateOfOriginal><dateItemDigitized>2003</dateItemDigitized><source>PDF3-BkMk</source><format>PDF File, 7515 KB</format><language>English</language><copyright>All uses of library resources, including the digitized collections, should be consistent with U.S. Copyright Law.</copyright></record>