<?xml version="1.0" ?>
<record xmlns:xsi="http://www.w3.org/2001/XMLSchema-instance" xsi:noNamespaceSchemaLocation="http://www.dls.ucar.edu/people/ostwald/Metadata/webcat/webcat-record.xsd"><recordID>TECH-NOTE-000-000-000-610</recordID><url>http://www.library.ucar.edu/uhtbin/hyperion-image/DR000610</url><title>NCAR/TN-384+IA - CCM Processor Users' Guide (UNICOS Version) Part 2.</title><itemType>REPORT</itemType><accessLevel>EXTENDED PUBLIC</accessLevel><accessionNum>DR000610</accessionNum><description>CCM Processor Users' Guide (UNICOS Version) Part 2.PDF</description><fullTitle>CCM Processor Users' Guide (UNICOS Version) Part 2.</fullTitle><creator>Buja, Lawrence E.</creator><subject>CCM modular processor</subject><subject>Software package</subject><publisher>National Center for Atmospheric Research (U.S.).</publisher><scientificDivision>Climate and Global Dynamics Division.</scientificDivision><dateOfOriginal>1993</dateOfOriginal><dateItemDigitized>2003</dateItemDigitized><format>PDF File, 6473</format><language>English</language><copyright>All uses of library resources, including the digitized collections, should be consistent with U.S. Copyright Law.</copyright></record>