<?xml version="1.0" ?>
<record xmlns:xsi="http://www.w3.org/2001/XMLSchema-instance" xsi:noNamespaceSchemaLocation="http://www.dls.ucar.edu/people/ostwald/Metadata/webcat/webcat-record.xsd"><recordID>TECH-NOTE-000-000-000-239</recordID><url>http://www.library.ucar.edu/uhtbin/hyperion-image/DR000239</url><title>NCAR/TN-429+STR - The NCAR Land Surface Model (LSM version 1.0) coupled to the NCAR community climate model.</title><itemType>REPORT</itemType><accessLevel>EXTENDED PUBLIC</accessLevel><accessionNum>DR000239</accessionNum><description>The NCAR Land Surface Model (LSM version 1.0) coupled to the NCAR community climate model.PDF</description><fullTitle>The NCAR Land Surface Model (LSM version 1.0) coupled to the NCAR community climate model.</fullTitle><creator>Bonan, Gordon B.</creator><subject>Land surface model</subject><subject>Community climate model</subject><publisher>National Center for Atmospheric Research (U.S.).</publisher><scientificDivision>Climate and Global Dynamics Division</scientificDivision><dateOfOriginal>1996</dateOfOriginal><dateItemDigitized>2003</dateItemDigitized><source>PDF File, 7984 KB</source><format>PDF 14 BkMk</format><language>English</language><copyright>All uses of library resources, including the digitized collections, should be consistent with U.S. Copyright Law.</copyright></record>