<?xml version="1.0" ?>
<record xmlns:xsi="http://www.w3.org/2001/XMLSchema-instance" xsi:noNamespaceSchemaLocation="http://www.dls.ucar.edu/people/ostwald/Metadata/webcat/webcat-record.xsd"><recordID>TECH-NOTE-000-000-000-183</recordID><url>http://www.library.ucar.edu/uhtbin/hyperion-image/DR000183</url><title>NCAR/TN-372+STR - The Annual variation of surface temperatures over the world.</title><itemType>REPORT</itemType><accessLevel>EXTENDED PUBLIC</accessLevel><accessionNum>DR000183</accessionNum><description>The Annual variation of surface temperatures over the world.PDF</description><fullTitle>The Annual variation of surface temperatures over the world.</fullTitle><creator>May, Wilhelm</creator><contributor>Shea, Dennis J.</contributor><contributor>Madden, Roland A.</contributor><subject>Surface temperatures</subject><subject>Annual cycle</subject><publisher>National Center for Atmospheric Research (U.S.).</publisher><scientificDivision>Climate and Global Dynamics Division.</scientificDivision><dateOfOriginal>1992</dateOfOriginal><dateItemDigitized>2003</dateItemDigitized><language>English</language><copyright>All uses of library resources, including the digitized collections, should be consistent with U.S. Copyright Law.</copyright></record>