<?xml version="1.0" ?>
<record xmlns:xsi="http://www.w3.org/2001/XMLSchema-instance" xsi:noNamespaceSchemaLocation="http://www.dls.ucar.edu/people/ostwald/Metadata/webcat/webcat-record.xsd"><recordID>TECH-NOTE-000-000-000-516</recordID><url>http://www.library.ucar.edu/uhtbin/hyperion-image/DR000516</url><title>NCAR/TN-454+STR - Hydrological Enhancements to the Community Noah Land Surface Model.</title><itemType>REPORT</itemType><accessLevel>EXTENDED PUBLIC</accessLevel><accessionNum>DR000516</accessionNum><description>Hydrological Enhancements to the Community Noah Land Surface Model.PDF</description><fullTitle>Hydrological Enhancements to the Community Noah Land Surface Model.</fullTitle><creator>Gochis, David J.</creator><contributor>Chen, Fei</contributor><subject>Hydrological process</subject><subject>Land surface modelling</subject><publisher>National Center for Atmospheric Research (U.S.).</publisher><scientificDivision>Research Applications Program.</scientificDivision><scientificDivision>Advanced Study Program</scientificDivision><dateOfOriginal>2003</dateOfOriginal><dateItemDigitized>2004</dateItemDigitized><format>PDF File, 987 KB</format><language>English</language><copyright>All uses of library resources, including the digitized collections, should be consistent with U.S. Copyright Law.</copyright></record>