<?xml version="1.0" ?>
<record xmlns:xsi="http://www.w3.org/2001/XMLSchema-instance" xsi:noNamespaceSchemaLocation="http://www.dls.ucar.edu/people/ostwald/Metadata/webcat/webcat-record.xsd"><recordID>TECH-NOTE-000-000-000-148</recordID><url>http://www.library.ucar.edu/uhtbin/hyperion-image/DR000148</url><title>NCAR/TN-337+EDD - Scientific justification and development plan for a mid-sized jet research aircraft.</title><itemType>REPORT</itemType><accessLevel>EXTENDED PUBLIC</accessLevel><accessionNum>DR000148</accessionNum><description>Scientific justification and development plan for a mid-sized jet research aircraft.PDF</description><fullTitle>Scientific justification and development plan for a mid-sized jet research aircraft.</fullTitle><creator>Cooper, William A.</creator><contributor>Johnson, Warren B.</contributor><contributor>Ragni, James E.</contributor><contributor>Summers, Gilbert L.</contributor><contributor>Zrubek, M. Norman</contributor><subject>Engineering</subject><subject>Technology</subject><subject>Jet research aircraft</subject><publisher>National Center for Atmospheric Research (U.S.).</publisher><scientificDivision>Atmospheric Technology Division</scientificDivision><dateOfOriginal>1989</dateOfOriginal><dateItemDigitized>2003</dateItemDigitized><source>PDF 12 BkMk</source><format>PDF File, 4065 KB</format><language>English</language><copyright>All uses of library resources, including the digitized collections, should be consistent with U.S. Copyright Law.</copyright></record>