<?xml version="1.0" ?>
<record xmlns:xsi="http://www.w3.org/2001/XMLSchema-instance" xsi:noNamespaceSchemaLocation="http://www.dls.ucar.edu/people/ostwald/Metadata/webcat/webcat-record.xsd"><recordID>TECH-NOTE-000-000-000-211</recordID><url>http://www.library.ucar.edu/uhtbin/hyperion-image/DR000211</url><title>NCAR/TN-395+STR - Comparison of NCAR community climate model (CCM) climates. Part 1.</title><itemType>REPORT</itemType><accessLevel>EXTENDED PUBLIC</accessLevel><accessionNum>DR000211</accessionNum><description>Comparison of NCAR community climate model (CCM) climates. Part 1.PDF</description><fullTitle>Comparison of NCAR community climate model (CCM) climates. Part 1.</fullTitle><creator>Hurrell, James W.</creator><contributor>Hack, James J.</contributor><contributor>Baumhefner, David P.</contributor><subject>NCAR community climate model</subject><subject>Atmospheric research</subject><publisher>National Center for Atmospheric Research (U.S.).</publisher><scientificDivision>Climate and Global Dynamics Division</scientificDivision><dateOfOriginal>1993</dateOfOriginal><dateItemDigitized>2003</dateItemDigitized><source>PDF 14 BkMk</source><format>PDF File, 7800 KB</format><language>English</language><copyright>All uses of library resources, including the digitized collections, should be consistent with U.S. Copyright Law.</copyright></record>