<?xml version="1.0" ?>
<record xmlns:xsi="http://www.w3.org/2001/XMLSchema-instance" xsi:noNamespaceSchemaLocation="http://www.dls.ucar.edu/people/ostwald/Metadata/webcat/webcat-record.xsd"><recordID>TECH-NOTE-000-000-000-065</recordID><url>http://www.library.ucar.edu/uhtbin/hyperion-image/DR000065</url><title>NCAR/TN-74/1 - A barometric survey of National Hail Research Experiment mesonet station heights</title><itemType>REPORT</itemType><accessLevel>EXTENDED PUBLIC</accessLevel><accessionNum>DR000065</accessionNum><description>A barometric survey of National Hail Research Experiment mesonet station heights. PDF</description><fullTitle>A barometric survey of National Hail Research Experiment mesonet station heights.</fullTitle><creator>Modahl, A. C.</creator><subject>Atmospheric pressure--measurement</subject><subject>Barometric hypsometry</subject><publisher>National Center for Atmospheric Research (U.S.)</publisher><scientificDivision>Laboratory of Atmospheric Sciences</scientificDivision><dateOfOriginal>1974</dateOfOriginal><dateItemDigitized>2003</dateItemDigitized><source>ML Report 02772, 50583010063273, PDF3-BkMk</source><format>PDF File, 967 KB</format><language>English</language><copyright>All uses of library resources, including the digitized collections, should be consistent with U.S. Copyright Law.</copyright></record>