<?xml version="1.0" ?>
<record xmlns:xsi="http://www.w3.org/2001/XMLSchema-instance" xsi:noNamespaceSchemaLocation="http://www.dls.ucar.edu/people/ostwald/Metadata/webcat/webcat-record.xsd"><recordID>TECH-NOTE-000-000-000-131</recordID><url>http://www.library.ucar.edu/uhtbin/hyperion-image/DR000131</url><title>NCAR/TN-101+STR - Development and use of the NCAR GCM, a report of the GCM Steering Committee.</title><itemType>REPORT</itemType><accessLevel>EXTENDED PUBLIC</accessLevel><accessionNum>DR000131</accessionNum><description>Development and use of the NCAR GCM, a report of the GCM Steering Committee.PDF</description><fullTitle>Development and use of the NCAR GCM, a report of the GCM Steering Committee.</fullTitle><subject>General Circulation Model</subject><subject>Atmospheric science</subject><publisher>National Center for Atmospheric Research (U.S.)</publisher><scientificDivision>Atmospheric Analysis and Prediction Division</scientificDivision><dateOfOriginal>1975</dateOfOriginal><dateItemDigitized>2003</dateItemDigitized><source>ML Report 02839, 50583010065948, PDF4BkMk</source><format>PDF File, 7115 KB</format><language>English</language><copyright>All uses of library resources, including the digitized collections, should be consistent with U.S. Copyright Law.</copyright></record>