<?xml version="1.0" ?>
<record xmlns:xsi="http://www.w3.org/2001/XMLSchema-instance" xsi:noNamespaceSchemaLocation="http://www.dls.ucar.edu/people/ostwald/Metadata/webcat/webcat-record.xsd"><recordID>TECH-NOTE-000-000-000-288</recordID><url>http://www.library.ucar.edu/uhtbin/hyperion-image/DR000288</url><title>NCAR/TN-138+STR - Spectral estimation from irregular arrays.</title><itemType>REPORT</itemType><accessLevel>EXTENDED PUBLIC</accessLevel><accessionNum>DR000288</accessionNum><description>Spectral estimation from irregular arrays.PDF</description><fullTitle>Spectral estimation from irregular arrays.</fullTitle><creator>Bretherton, F. P.</creator><contributor>McWilliams, J.C.</contributor><subject>Optical array</subject><subject>Spectral estimation</subject><publisher>National Center for Atmospheric Research (U.S.)</publisher><scientificDivision>Atmospheric Analysis and Prediction Division</scientificDivision><dateOfOriginal>1979</dateOfOriginal><dateItemDigitized>2003</dateItemDigitized><source>PDF5BkMk</source><format>PDF File, 5791 KB</format><language>English</language><copyright>All uses of library resources, including the digitized collections, should be consistent with U.S. Copyright Law.</copyright></record>