<?xml version="1.0" ?>
<record xmlns:xsi="http://www.w3.org/2001/XMLSchema-instance" xsi:noNamespaceSchemaLocation="http://www.dls.ucar.edu/people/ostwald/Metadata/webcat/webcat-record.xsd"><recordID>TECH-NOTE-000-000-000-453</recordID><url>http://www.library.ucar.edu/uhtbin/hyperion-image/DR000453</url><title>NCAR/TN-437+IA - User's guide to the MM5 adjoint modeling system.</title><itemType>REPORT</itemType><accessLevel>EXTENDED PUBLIC</accessLevel><accessionNum>DR000453</accessionNum><description>User's guide to the MM5 adjoint modeling system.PDF</description><fullTitle>User's guide to the MM5 adjoint modeling system.</fullTitle><creator>Zou, X.</creator><contributor>Huang, W.</contributor><contributor>Xiao, Q.</contributor><subject>Climate modelling</subject><subject>Mesometeorological flows</subject><publisher>National Center for Atmospheric Research (U.S.).</publisher><scientificDivision>Mesoscale and Microscale Meteorology Division</scientificDivision><dateOfOriginal>1998</dateOfOriginal><dateItemDigitized>2003</dateItemDigitized><source>PDF 16 BkMk</source><format>PDF File, 4025 KB</format><language>English</language><copyright>All uses of library resources, including the digitized collections, should be consistent with U.S. Copyright Law.</copyright></record>