<?xml version="1.0" ?>
<record xmlns:xsi="http://www.w3.org/2001/XMLSchema-instance" xsi:noNamespaceSchemaLocation="http://www.dls.ucar.edu/people/ostwald/Metadata/webcat/webcat-record.xsd"><recordID>TECH-NOTE-000-000-000-409</recordID><url>http://www.library.ucar.edu/uhtbin/hyperion-image/DR000409</url><title>NCAR/TN-206+STR - Stat. closure to derive a subgrid-scale modeling for large eddy sim. of 3-dimensional turbulence.</title><itemType>REPORT</itemType><accessLevel>EXTENDED PUBLIC</accessLevel><accessionNum>DR000409</accessionNum><description>Stat. closure to derive a subgrid-scale modeling for large eddy sim. of 3-dimensional turbulence.PDF</description><fullTitle>Statistical closure to derive a subgrid-scale modeling for large eddy simulations of three-dimensional turbulence.</fullTitle><creator>Chollet, Jean-Pierre</creator><subject>Large eddy simulations</subject><publisher>National Center for Atmospheric Research (U.S.).</publisher><scientificDivision>Atmospheric Analysis and Prediction Division</scientificDivision><dateOfOriginal>1983</dateOfOriginal><dateItemDigitized>2003</dateItemDigitized><source>PDF 8 BkMk</source><format>PDF File, 1218 KB</format><language>English</language><copyright>All uses of library resources, including the digitized collections, should be consistent with U.S. Copyright Law.</copyright></record>