<?xml version="1.0" ?>
<record xmlns:xsi="http://www.w3.org/2001/XMLSchema-instance" xsi:noNamespaceSchemaLocation="http://www.dls.ucar.edu/people/ostwald/Metadata/webcat/webcat-record.xsd"><recordID>TECH-NOTE-000-000-000-558</recordID><url>http://www.library.ucar.edu/uhtbin/hyperion-image/DR000558</url><title>NCAR/TN-319+STR - Flux and sounding data from the NCAR King Air aircraft during HAPEX. Part 3.</title><itemType>REPORT</itemType><accessLevel>EXTENDED PUBLIC</accessLevel><accessionNum>DR000558</accessionNum><description>Flux and sounding data from the NCAR King Air aircraft during HAPEX. Part 3.PDF</description><fullTitle>Flux and sounding data from the NCAR King Air aircraft during HAPEX. Part 3.</fullTitle><creator>Hildebrand, P. H.</creator><subject>Atmospheric science</subject><subject>Flux data</subject><subject>Sounding data</subject><publisher>National Center for Atmospheric Research (U.S).</publisher><scientificDivision>Atmospheric Technology Division.</scientificDivision><dateOfOriginal>1988</dateOfOriginal><dateItemDigitized>2003</dateItemDigitized><source>PDF 11 BkMk</source><format>PDF File, 7780 KB</format><language>English</language><copyright>All uses of library resources, including the digitized collections, should be consistent with U.S. Copyright Law.</copyright></record>