<?xml version="1.0" ?>
<record xmlns:xsi="http://www.w3.org/2001/XMLSchema-instance" xsi:noNamespaceSchemaLocation="http://www.dls.ucar.edu/people/ostwald/Metadata/webcat/webcat-record.xsd"><recordID>TECH-NOTE-000-000-000-576</recordID><url>http://www.library.ucar.edu/uhtbin/hyperion-image/DR000576</url><title>NCAR/TN-304+STR - Taiwan area mesoscale experiment: P-3 aircraft operations summary.</title><itemType>REPORT</itemType><accessLevel>EXTENDED PUBLIC</accessLevel><accessionNum>DR000576</accessionNum><description>Taiwan area mesoscale experiment: P-3 aircraft operations summary.PDF</description><fullTitle>Taiwan area mesoscale experiment: P-3 aircraft operations summary.</fullTitle><creator>Jorgensen, David P.</creator><contributor>LeMone, Margaret A.</contributor><subject>Atmospheric science</subject><subject>Mesoscale</subject><publisher>National Center for Atmospheric Research (U.S.).</publisher><publisher>National Oceanic and Atmospheric Administration (U.S.). Weather Research Program. Environmental Research Laboratories.</publisher><scientificDivision>Mesoscale and Microscale Meteorology Division</scientificDivision><dateOfOriginal>1988</dateOfOriginal><dateItemDigitized>2003</dateItemDigitized><source>PDF 11 BkMk</source><format>PDF File, 2431 KB</format><language>English</language><copyright>All uses of library resources, including the digitized collections, should be consistent with U.S. Copyright Law.</copyright></record>