<?xml version="1.0" ?>
<record xmlns:xsi="http://www.w3.org/2001/XMLSchema-instance" xsi:noNamespaceSchemaLocation="http://www.dls.ucar.edu/people/ostwald/Metadata/webcat/webcat-record.xsd"><recordID>TECH-NOTE-000-000-000-100</recordID><url>http://www.library.ucar.edu/uhtbin/hyperion-image/DR000100</url><title>NCAR/TN-24+PROC -Thermal convection: a colloquium - PART 1.</title><itemType>REPORT</itemType><accessLevel>EXTENDED PUBLIC</accessLevel><accessionNum>DR000100</accessionNum><description>Thermal convection: a colloquium - PART 1.PDF</description><fullTitle>Thermal convection: a colloquium, sponsored by the NCAR Advanced Study Program, 5 July to 12 August, 1966 - PART 1.</fullTitle><subject>Heat convection</subject><subject>Colloquium</subject><publisher>National Center for Atmospheric Research (U.S.)</publisher><scientificDivision>Advanced Study Program</scientificDivision><dateOfOriginal>1966</dateOfOriginal><dateItemDigitized>2003</dateItemDigitized><source>ML Report 02606, 50583010059768, PDF1-BkMk</source><format>PDF File, 8624 KB</format><language>English</language><copyright>All uses of library resources, including the digitized collections, should be consistent with U.S. Copyright Law.</copyright></record>