<?xml version="1.0" ?>
<record xmlns:xsi="http://www.w3.org/2001/XMLSchema-instance" xsi:noNamespaceSchemaLocation="http://www.dls.ucar.edu/people/ostwald/Metadata/webcat/webcat-record.xsd"><recordID>TECH-NOTE-000-000-000-166</recordID><url>http://www.library.ucar.edu/uhtbin/hyperion-image/DR000166</url><title>NCAR/TN-356+EDD - Airborne condensation nucleus counter user's guide.</title><itemType>REPORT</itemType><accessLevel>EXTENDED PUBLIC</accessLevel><accessionNum>DR000166</accessionNum><description>Airborne condensation nucleus counter user's guide.PDF</description><fullTitle>Airborne condensation nucleus counter user's guide.</fullTitle><creator>Twohy, Cynthia</creator><subject>Condensation nucleus counter</subject><subject>TSI instruction manual</subject><publisher>National Center for Atmospheric Research (U.S.).</publisher><scientificDivision>Atmospheric Technology Division</scientificDivision><dateOfOriginal>1991</dateOfOriginal><dateItemDigitized>2003</dateItemDigitized><source>PDF 12 BkMk</source><format>PDF File, 1124 KB</format><language>English</language><copyright>All uses of library resources, including the digitized collections, should be consistent with U.S. Copyright Law.</copyright></record>