<?xml version="1.0" ?>
<record xmlns:xsi="http://www.w3.org/2001/XMLSchema-instance" xsi:noNamespaceSchemaLocation="http://www.dls.ucar.edu/people/ostwald/Metadata/webcat/webcat-record.xsd"><recordID>TECH-NOTE-000-000-000-635</recordID><url>http://www.library.ucar.edu/uhtbin/hyperion-image/DR000635</url><title>NCAR/TN-306+STR - Proceedings of the sixth international solar wind conference. Volume 2. Part 3.</title><itemType>REPORT</itemType><accessLevel>EXTENDED PUBLIC</accessLevel><accessionNum>DR000635</accessionNum><description>Proceedings of the sixth international solar wind conference. Volume 2. Part 3.PDF</description><fullTitle>Proceedings of the sixth international solar wind conference. Volume 2. Part 3.</fullTitle><contributor>Pizzo, V.J., editor.</contributor><contributor>Holzer, T., editor.</contributor><contributor>Sime, D.G., editor.</contributor><subject>Solar wind -- congresses.</subject><publisher>National Center For Atmospheric Research (U.S.).</publisher><scientificDivision>High Altitude Observatory</scientificDivision><dateOfOriginal>1988</dateOfOriginal><dateItemDigitized>2003</dateItemDigitized><format>PDF File, 5896 KB</format><language>English</language><copyright>All uses of library resources, including the digitized collections, should be consistent with U.S. Copyright Law.</copyright></record>