<?xml version="1.0" ?>
<record xmlns:xsi="http://www.w3.org/2001/XMLSchema-instance" xsi:noNamespaceSchemaLocation="http://www.dls.ucar.edu/people/ostwald/Metadata/webcat/webcat-record.xsd"><recordID>TECH-NOTE-000-000-000-075</recordID><url>http://www.library.ucar.edu/uhtbin/hyperion-image/DR000075</url><title>NCAR/TN-81+STR - Improved three-dimensional mapping of the electron density distribution of the solar corona</title><itemType>REPORT</itemType><accessLevel>EXTENDED PUBLIC</accessLevel><accessionNum>DR000075</accessionNum><description>Improved three-dimensional mapping of the electron density distribution of the solar corona.PDF</description><fullTitle>Improved three-dimensional mapping of the electron density distribution of the solar corona.</fullTitle><creator>Perry, R. Michael</creator><contributor>Altschuler, Martin D.</contributor><subject>Solar corona</subject><subject>Electron density distribution</subject><subject>Three-dimensional mapping</subject><publisher>National Center for Atmospheric Research (U.S.)</publisher><scientificDivision>High Altitude Observatory</scientificDivision><dateOfOriginal>1972</dateOfOriginal><dateItemDigitized>2003</dateItemDigitized><source>ML Report 02672, 50583010061152, PDF3-BkMk</source><format>PDF File, 4367 KB</format><language>English</language><copyright>All uses of library resources, including the digitized collections, should be consistent with U.S. Copyright Law.</copyright></record>