<?xml version="1.0" ?>
<record xmlns:xsi="http://www.w3.org/2001/XMLSchema-instance" xsi:noNamespaceSchemaLocation="http://www.dls.ucar.edu/people/ostwald/Metadata/webcat/webcat-record.xsd"><recordID>TECH-NOTE-000-000-000-524</recordID><url>http://www.library.ucar.edu/uhtbin/hyperion-image/DR000524</url><title>NCAR/TN-271+EDD - Descrip. / coupled gen. circ. models of atmosphere &amp; oceans used for carbon dioxide studies.</title><itemType>REPORT</itemType><accessLevel>EXTENDED PUBLIC</accessLevel><accessionNum>DR000524</accessionNum><description>Descrip. / coupled gen. circ. models of atmosphere &amp; oceans used for carbon dioxide studies.PDF</description><fullTitle>A description of coupled general circulation models of the atmosphere and oceans used for carbon dioxide studies.</fullTitle><creator>Washington, Warren M.</creator><contributor>VerPlank, Lynda</contributor><subject>Atmospheric circulation</subject><subject>Ocean atmosphere interaction</subject><subject>Ocean circulation</subject><publisher>National Center for Atmospheric Research (U.S.).</publisher><scientificDivision>Atmospheric Analysis and Prediction Division</scientificDivision><dateOfOriginal>1986</dateOfOriginal><dateItemDigitized>2003</dateItemDigitized><source>PDF 10 BkMk</source><format>PDF File, 1180 KB</format><language>English</language><copyright>All uses of library resources, including the digitized collections, should be consistent with U.S. Copyright Law.</copyright></record>