<?xml version="1.0" ?>
<record xmlns:xsi="http://www.w3.org/2001/XMLSchema-instance" xsi:noNamespaceSchemaLocation="http://www.dls.ucar.edu/people/ostwald/Metadata/webcat/webcat-record.xsd"><recordID>TECH-NOTE-000-000-000-402</recordID><url>http://www.library.ucar.edu/uhtbin/hyperion-image/DR000402</url><title>NCAR/TN-209+IA - GenPro : GEN scientific data Processor ; reference manual, release 1.0. Part 2.</title><itemType>REPORT</itemType><accessLevel>EXTENDED PUBLIC</accessLevel><accessionNum>DR000402</accessionNum><description>GenPro : GEN scientific data Processor ; reference manual, release 1.0. Part 2.PDF</description><fullTitle>GenPro : GEN scientific data Processor ; reference manual, release 1.0. Part 2.</fullTitle><creator>Gacnik, Bonnie</creator><contributor>Lackman, Bob</contributor><subject>Computer software</subject><publisher>National Center for Atmospheric Research (U.S.).</publisher><scientificDivision>Scientific Computing Division</scientificDivision><dateOfOriginal>1983</dateOfOriginal><dateItemDigitized>2003</dateItemDigitized><source>PDF 8 BkMk</source><format>PDF File, 8875 KB</format><language>English</language><copyright>All uses of library resources, including the digitized collections, should be consistent with U.S. Copyright Law.</copyright></record>