<?xml version="1.0" ?>
<record xmlns:xsi="http://www.w3.org/2001/XMLSchema-instance" xsi:noNamespaceSchemaLocation="http://www.dls.ucar.edu/people/ostwald/Metadata/webcat/webcat-record.xsd"><recordID>TECH-NOTE-000-000-000-316</recordID><url>http://www.library.ucar.edu/uhtbin/hyperion-image/DR000316</url><title>NCAR/TN-159+STR - Obvserved world ocean seasonal surface currents on a 5 degree grid.</title><itemType>REPORT</itemType><accessLevel>EXTENDED PUBLIC</accessLevel><accessionNum>DR000316</accessionNum><description>Observed world ocean seasonal surface currents on a 5 degree grid.PDF</description><fullTitle>Observed world ocean seasonal surface currents on a 5 degree grid.</fullTitle><creator>Meehl, Gerald A.</creator><subject>Ocean current data</subject><subject>Surface current data</subject><publisher>National Center for Atmospheric Research (U.S.).</publisher><scientificDivision>Atmospheric Analysis and Prediction Division</scientificDivision><dateOfOriginal>1980</dateOfOriginal><dateItemDigitized>2003</dateItemDigitized><source>PDF6BkMk</source><format>PDF File, 1519 KB</format><language>English</language><copyright>All uses of library resources, including the digitized collections, should be consistent with U.S. Copyright Law.</copyright></record>