<?xml version="1.0" ?>
<record xmlns:xsi="http://www.w3.org/2001/XMLSchema-instance" xsi:noNamespaceSchemaLocation="http://www.dls.ucar.edu/people/ostwald/Metadata/webcat/webcat-record.xsd"><recordID>TECH-NOTE-000-000-000-309</recordID><url>http://www.library.ucar.edu/uhtbin/hyperion-image/DR000309</url><title>NCAR/TN-152+STR - Movie of ionospheric electric fields &amp; currents for a magnetospheric substorm life cycle.</title><itemType>REPORT</itemType><accessLevel>EXTENDED PUBLIC</accessLevel><accessionNum>DR000309</accessionNum><description>Movie of ionospheric electric fields &amp; currents for a magnetospheric substorm life cycle.PDF</description><fullTitle>Computer-simulation movie of ionospheric electric fields and currents for a magnetospheric substorm life cycle.</fullTitle><creator>Kamide, Y.</creator><contributor>Matsushita, S.</contributor><subject>Computer-simulation movie</subject><publisher>National Center for Atmospheric Research (U.S.)</publisher><scientificDivision>High Altitude Observatory</scientificDivision><dateOfOriginal>1980</dateOfOriginal><dateItemDigitized>2003</dateItemDigitized><source>PDF6BkMk</source><format>PDF File, 2052 KB</format><language>English</language><copyright>All uses of library resources, including the digitized collections, should be consistent with U.S. Copyright Law.</copyright></record>