<?xml version="1.0" ?>
<record xmlns:xsi="http://www.w3.org/2001/XMLSchema-instance" xsi:noNamespaceSchemaLocation="http://www.dls.ucar.edu/people/ostwald/Metadata/webcat/webcat-record.xsd"><recordID>TECH-NOTE-000-000-000-627</recordID><url>http://www.library.ucar.edu/uhtbin/hyperion-image/DR000627</url><title>NCAR/TN-241+STR - Atlas of simultaneous occurrence of different cloud types over land. Part 2.</title><itemType>REPORT</itemType><accessLevel>EXTENDED PUBLIC</accessLevel><accessionNum>DR000627</accessionNum><description>Atlas of simultaneous occurrence of different cloud types over land. Part 2.PDF</description><fullTitle>Atlas of simultaneous occurrence of different cloud types over land. Part 2.</fullTitle><creator>Hahn, Carole Joan</creator><contributor>Warren, Stephen G.</contributor><contributor>London, Julius</contributor><contributor>Chervin, Robert M.</contributor><contributor>Jenne, Roy</contributor><subject>Cloud -- atlases</subject><publisher>National Center for Atmospheric Research (U.S.).</publisher><scientificDivision>Atmospheric Analysis and Prediction Division</scientificDivision><dateOfOriginal>1984</dateOfOriginal><dateItemDigitized>2003</dateItemDigitized><format>PDF File, 3149 KB</format><language>English</language><copyright>All uses of library resources, including the digitized collections, should be consistent with U.S. Copyright Law.</copyright></record>