<?xml version="1.0" ?>
<record xmlns:xsi="http://www.w3.org/2001/XMLSchema-instance" xsi:noNamespaceSchemaLocation="http://www.dls.ucar.edu/people/ostwald/Metadata/webcat/webcat-record.xsd"><recordID>TECH-NOTE-000-000-000-351</recordID><url>http://www.library.ucar.edu/uhtbin/hyperion-image/DR000351</url><title>NCAR/TN-197+STR - The High Altitude Observatory multi-user FORTH system listing.</title><itemType>REPORT</itemType><accessLevel>EXTENDED PUBLIC</accessLevel><accessionNum>DR000351</accessionNum><description>The High Altitude Observatory multi-user FORTH system listing.PDF</description><fullTitle>The High Altitude Observatory multi-user FORTH system listing.</fullTitle><creator>Seagraves, P. H.</creator><subject>FORTH system</subject><publisher>National Center for Atmospheric Research (U.S.).</publisher><scientificDivision>High Altitude Observatory</scientificDivision><dateOfOriginal>1982</dateOfOriginal><dateItemDigitized>2003</dateItemDigitized><source>PDF 7 BkMk</source><format>PDF File, 2675 KB</format><language>English</language><copyright>All uses of library resources, including the digitized collections, should be consistent with U.S. Copyright Law.</copyright></record>