<?xml version="1.0" ?>
<record xmlns:xsi="http://www.w3.org/2001/XMLSchema-instance" xsi:noNamespaceSchemaLocation="http://www.dls.ucar.edu/people/ostwald/Metadata/webcat/webcat-record.xsd"><recordID>TECH-NOTE-000-000-000-038</recordID><url>http://www.library.ucar.edu/uhtbin/hyperion-image/DR000038</url><title>NCAR/TN-50+EDD - Niwot Ridge remote meteorological data acquisition station</title><itemType>REPORT</itemType><accessLevel>EXTENDED PUBLIC</accessLevel><accessionNum>DR000038</accessionNum><description>Niwot Ridge remote meteorological data acquisition station.PDF</description><fullTitle>Niwot Ridge remote meteorological data acquisition station</fullTitle><creator>Eden, Paul A.</creator><subject>Remote meteorological data</subject><subject>Acquisition station</subject><subject>Niwot Ridge</subject><publisher>National Center for Atmospheric Research (U.S.)</publisher><scientificDivision>Atmospheric Technology Divison</scientificDivision><dateOfOriginal>1970</dateOfOriginal><dateItemDigitized>2003</dateItemDigitized><source>ML Report 02067, 50583010045965, PDF2BkMk</source><format>PDF file, 6840 KB</format><language>English</language><copyright>All uses of library resources, including the digitized collections, should be consistent with U.S. Copyright Law.</copyright></record>