<?xml version="1.0" ?>
<record xmlns:xsi="http://www.w3.org/2001/XMLSchema-instance" xsi:noNamespaceSchemaLocation="http://www.dls.ucar.edu/people/ostwald/Metadata/webcat/webcat-record.xsd"><recordID>TECH-NOTE-000-000-000-595</recordID><url>http://www.library.ucar.edu/uhtbin/hyperion-image/DR000595</url><title>NCAR/TN-325+EDD - Design of the Eldora airborne Doppler radar.</title><itemType>REPORT</itemType><accessLevel>EXTENDED PUBLIC</accessLevel><accessionNum>DR000595</accessionNum><description>Design of the Eldora airborne Doppler radar.PDF</description><fullTitle>Design of the Eldora airborne Doppler radar.</fullTitle><creator>Hildebrand, Peter H.</creator><contributor>Frush, Charles L.</contributor><contributor>Walther, Craig</contributor><subject>Engineering</subject><subject>Eldora airborne Doppler radar</subject><publisher>National Center for Atmospheric Research (U.S).</publisher><scientificDivision>Atmospheric Technology Division.</scientificDivision><dateOfOriginal>1988</dateOfOriginal><dateItemDigitized>2004</dateItemDigitized><format>PDF File, 8302 KB</format><language>English</language><copyright>All uses of library resources, including the digitized collections, should be consistent with U.S. Copyright Law.</copyright></record>