<?xml version="1.0" ?>
<record xmlns:xsi="http://www.w3.org/2001/XMLSchema-instance" xsi:noNamespaceSchemaLocation="http://www.dls.ucar.edu/people/ostwald/Metadata/webcat/webcat-record.xsd"><recordID>TECH-NOTE-000-000-000-209</recordID><url>http://www.library.ucar.edu/uhtbin/hyperion-image/DR000209</url><title>NCAR/TN-94+STR - Observed long-period fluctuations in 500-mb heights -- supplementary text to NCAR films J-4 and J-6.</title><itemType>REPORT</itemType><accessLevel>EXTENDED PUBLIC</accessLevel><accessionNum>DR000209</accessionNum><description>Observed long-period fluctuations in 500-mb heights -- sup. text to NCAR films J-4 and J-6.PDF</description><fullTitle>Observed long-period fluctuations in 500-mb heights -- supplementary text to NCAR films J-4 and J-6.</fullTitle><creator>Jenne, Roy L.</creator><contributor>Wallace, John M.</contributor><contributor>Young, John A.</contributor><contributor>Kraus, Eric B.</contributor><subject>Hemispheric circulation</subject><publisher>National Center for Atmospheric Research (U.S.)</publisher><scientificDivision>Atmospheric Technology Division.</scientificDivision><dateOfOriginal>1974</dateOfOriginal><dateItemDigitized>2003</dateItemDigitized><source>ML Report 02745, PDF 4 BkMk</source><format>PDF File, 3993 KB</format><language>English</language><copyright>All uses of library resources, including the digitized collections, should be consistent with U.S. Copyright Law.</copyright></record>