<?xml version="1.0" ?>
<record xmlns:xsi="http://www.w3.org/2001/XMLSchema-instance" xsi:noNamespaceSchemaLocation="http://www.dls.ucar.edu/people/ostwald/Metadata/webcat/webcat-record.xsd"><recordID>TECH-NOTE-000-000-000-435</recordID><url>http://www.library.ucar.edu/uhtbin/hyperion-image/DR000435</url><title>NCAR/TN-242+STR - Annual cycle pt. I: annual variation of surface temp. over the United States &amp; Canada. Part 1.</title><itemType>REPORT</itemType><accessLevel>EXTENDED PUBLIC</accessLevel><accessionNum>DR000435</accessionNum><description>Annual cycle pt. I: annual variation of surface temp. over the United States &amp; Canada. Part 1.PDF</description><fullTitle>The annual cycle part I : the annual variation of surface temperature over the United States and Canada. Part 1.</fullTitle><creator>Shea, Dennis J.</creator><subject>Surface temperatures</subject><subject>United States</subject><subject>Canada</subject><publisher>National Center for Atmospheric Research (U.S.).</publisher><scientificDivision>Atmospheric Analysis and Prediction Division</scientificDivision><dateOfOriginal>1984</dateOfOriginal><dateItemDigitized>2003</dateItemDigitized><source>PDF 16 BkMk</source><format>PDF File, 1398 KB</format><language>English</language><copyright>All uses of library resources, including the digitized collections, should be consistent with U.S. Copyright Law.</copyright></record>