<?xml version="1.0" ?>
<record xmlns:xsi="http://www.w3.org/2001/XMLSchema-instance" xsi:noNamespaceSchemaLocation="http://www.dls.ucar.edu/people/ostwald/Metadata/webcat/webcat-record.xsd"><recordID>TECH-NOTE-000-000-000-719</recordID><url>http://www.library.ucar.edu/uhtbin/hyperion-image/DR000719</url><title>NCAR/TN-445+STR - Thermohaline circulation variability in the NCAR Climate System Model (CSM).</title><itemType>REPORT</itemType><accessLevel>EXTENDED PUBLIC</accessLevel><accessionNum>DR000719</accessionNum><description>Thermohaline circulation variability in the NCAR Climate System Model (CSM).PDF</description><fullTitle>Thermohaline circulation variability in the NCAR Climate System Model (CSM).</fullTitle><creator>Capotondi, Antonietta</creator><contributor>Holland, W. R.</contributor><subject>Thermohaline variability.</subject><publisher>National Center for Atmospheric Research (U.S.)</publisher><dateOfOriginal>1998</dateOfOriginal><dateItemDigitized>2004</dateItemDigitized><format>PDF File, 5310 KB</format><language>English</language><copyright>All uses of library resources, including the digitized collections, should be consistent with U.S. Copyright Law.</copyright></record>