<?xml version="1.0" ?>
<record xmlns:xsi="http://www.w3.org/2001/XMLSchema-instance" xsi:noNamespaceSchemaLocation="http://www.dls.ucar.edu/people/ostwald/Metadata/webcat/webcat-record.xsd"><recordID>TECH-NOTE-000-000-000-250</recordID><url>http://www.library.ucar.edu/uhtbin/hyperion-image/DR000250</url><title>NCAR/TN-108+STR - Medical image reconstruction:  multiangular sectional roentgenography by computer.</title><itemType>REPORT</itemType><accessLevel>EXTENDED PUBLIC</accessLevel><accessionNum>DR000250</accessionNum><description>Medical image reconstruction:  multiangular sectional roentgenography by computer.PDF</description><fullTitle>Medical image reconstruction:  multiangular sectional roentgenography by computer.</fullTitle><creator>Perry, R. Michael</creator><contributor>Altschuler, M.D.</contributor><contributor>Altschuler, Bruce R.</contributor><subject>Medical radiographs</subject><subject>Radiographic data</subject><publisher>National Center for Atmospheric Research (U.S.)</publisher><scientificDivision>Altschuler, Bruce R.</scientificDivision><dateOfOriginal>1975</dateOfOriginal><dateItemDigitized>2003</dateItemDigitized><source>ML Report 02847, PDF4BkMk</source><format>PDF File, 10,058 KB</format><language>English</language><copyright>All uses of library resources, including the digitized collections, should be consistent with U.S. Copyright Law.</copyright></record>