<?xml version="1.0" ?>
<record xmlns:xsi="http://www.w3.org/2001/XMLSchema-instance" xsi:noNamespaceSchemaLocation="http://www.dls.ucar.edu/people/ostwald/Metadata/webcat/webcat-record.xsd"><recordID>TECH-NOTE-000-000-000-052</recordID><url>http://www.library.ucar.edu/uhtbin/hyperion-image/DR000052</url><title>NCAR/TN-64+STR - Two unequal spheres in slow viscous linear shear flow</title><itemType>REPORT</itemType><accessLevel>EXTENDED PUBLIC</accessLevel><accessionNum>DR000052</accessionNum><description>Two unequal spheres in slow viscous linear shear flow.PDF</description><fullTitle>Two unequal spheres in slow viscous linear shear flow.</fullTitle><creator>Davis, Milford Hall</creator><subject>Viscous flow</subject><subject>Cloud physics</subject><publisher>National Center for Atmospheric Research (U.S.)</publisher><scientificDivision>Atmospheric Technology Division</scientificDivision><dateOfOriginal>1971</dateOfOriginal><dateItemDigitized>2003</dateItemDigitized><source>ML Report 02614, 50583010060279, PDF3-BkMk</source><format>PDF File, 1260 KB</format><language>English</language><copyright>All uses of library resources, including the digitized collections, should be consistent with U.S. Copyright Law.</copyright></record>