<?xml version="1.0" ?>
<record xmlns:xsi="http://www.w3.org/2001/XMLSchema-instance" xsi:noNamespaceSchemaLocation="http://www.dls.ucar.edu/people/ostwald/Metadata/webcat/webcat-record.xsd"><recordID>TECH-NOTE-000-000-000-418</recordID><url>http://www.library.ucar.edu/uhtbin/hyperion-image/DR000418</url><title>NCAR/TN-218+IA - Managing datasets and programs at NCAR : the mass storage subsystem.</title><itemType>REPORT</itemType><accessLevel>EXTENDED PUBLIC</accessLevel><accessionNum>DR000418</accessionNum><description>Managing datasets and programs at NCAR : the mass storage subsystem.PDF</description><fullTitle>Managing datasets and programs at NCAR : the mass storage subsystem.</fullTitle><creator>Anderson, Dan</creator><contributor>Ernst, Mike</contributor><contributor>Deirmendjian, Astrik</contributor><contributor>McArthur, Gregory R.</contributor><subject>Scientific computers</subject><subject>Mass storage subsystem</subject><publisher>National Center for Atmospheric Research (U.S.).</publisher><scientificDivision>Scientific Computing Division</scientificDivision><dateOfOriginal>1983</dateOfOriginal><dateItemDigitized>2003</dateItemDigitized><source>PDF 8 BkMk</source><format>PDF File, 6736 KB</format><language>English</language><copyright>All uses of library resources, including the digitized collections, should be consistent with U.S. Copyright Law.</copyright></record>