<?xml version="1.0" ?>
<record xmlns:xsi="http://www.w3.org/2001/XMLSchema-instance" xsi:noNamespaceSchemaLocation="http://www.dls.ucar.edu/people/ostwald/Metadata/webcat/webcat-record.xsd"><recordID>TECH-NOTE-000-000-000-577</recordID><url>http://www.library.ucar.edu/uhtbin/hyperion-image/DR000577</url><title>NCAR/TN-308+STR - First CEDAR database report.</title><itemType>REPORT</itemType><accessLevel>EXTENDED PUBLIC</accessLevel><accessionNum>DR000577</accessionNum><description>First CEDAR database report.PDF</description><fullTitle>First CEDAR database report.</fullTitle><creator>Sica, R. J.</creator><contributor>Richmond, A. D.</contributor><contributor>Emery, B. A.</contributor><contributor>Chakrabarti, S.</contributor><contributor>Wickwar, V. B.</contributor><subject>Upper atmosphere</subject><subject>Aeronomy</subject><publisher>National Center for Atmospheric Research (U.S.).</publisher><scientificDivision>High Altitude Observatory</scientificDivision><dateOfOriginal>1988</dateOfOriginal><dateItemDigitized>2003</dateItemDigitized><source>PDF 11 BkMk</source><format>PDF File, 3207 KB</format><language>English</language><copyright>All uses of library resources, including the digitized collections, should be consistent with U.S. Copyright Law.</copyright></record>