<?xml version="1.0" ?>
<record xmlns:xsi="http://www.w3.org/2001/XMLSchema-instance" xsi:noNamespaceSchemaLocation="http://www.dls.ucar.edu/people/ostwald/Metadata/webcat/webcat-record.xsd"><recordID>TECH-NOTE-000-000-000-427</recordID><url>http://www.library.ucar.edu/uhtbin/hyperion-image/DR000427</url><title>NCAR/TN-229+STR - White light solar corona : atlas of 1983 K-coronameter synoptic charts Dec 1982-Jan 1984.</title><itemType>REPORT</itemType><accessLevel>EXTENDED PUBLIC</accessLevel><accessionNum>DR000427</accessionNum><description>White light solar corona : atlas of 1983 K-coronameter synoptic charts Dec 1982-Jan 1984.PDF</description><fullTitle>The white light solar corona : an atlas of 1983 K-coronameter synoptic charts December 1982-January 1984.</fullTitle><creator>Rock, K.</creator><contributor>Fisher, R.</contributor><contributor>Garcia, C.</contributor><contributor>Seagraves, P.</contributor><contributor>Yasukawa, E.</contributor><subject>Solar corona</subject><publisher>National Center for Atmospheric Research (U.S.).</publisher><scientificDivision>High Altitude Observatory</scientificDivision><dateOfOriginal>1984</dateOfOriginal><dateItemDigitized>2003</dateItemDigitized><source>PDF 8 BkMk</source><format>PDF File, 6035 KB</format><language>English</language><copyright>All uses of library resources, including the digitized collections, should be consistent with U.S. Copyright Law.</copyright></record>