<?xml version="1.0" ?>
<record xmlns:xsi="http://www.w3.org/2001/XMLSchema-instance" xsi:noNamespaceSchemaLocation="http://www.dls.ucar.edu/people/ostwald/Metadata/webcat/webcat-record.xsd"><recordID>TECH-NOTE-000-000-000-076</recordID><url>http://www.library.ucar.edu/uhtbin/hyperion-image/DR000076</url><title>NCAR/TN-82+EDD - Wind tunnel and field investigations of shapes for balloon shelters</title><itemType>REPORT</itemType><accessLevel>EXTENDED PUBLIC</accessLevel><accessionNum>DR000076</accessionNum><description>Wind tunnel and field investigations of shapes for balloon shelters.PDF</description><fullTitle>Wind tunnel and field investigations of shapes for balloon shelters.</fullTitle><creator>Meroney, Robert H.</creator><contributor>Plate, Erich J.</contributor><subject>Balloons, sounding</subject><subject>Wind tunnels</subject><publisher>National Center for Atmospheric Research (U.S.)</publisher><scientificDivision>Facilities Laboratory</scientificDivision><dateOfOriginal>1973</dateOfOriginal><dateItemDigitized>2003</dateItemDigitized><source>PDF3-BkMk</source><format>PDF File, 3402 KB</format><language>English</language><copyright>All uses of library resources, including the digitized collections, should be consistent with U.S. Copyright Law.</copyright></record>