<?xml version="1.0" ?>
<record xmlns:xsi="http://www.w3.org/2001/XMLSchema-instance" xsi:noNamespaceSchemaLocation="http://www.dls.ucar.edu/people/ostwald/Metadata/webcat/webcat-record.xsd"><recordID>TECH-NOTE-000-000-000-307</recordID><url>http://www.library.ucar.edu/uhtbin/hyperion-image/DR000307</url><title>NCAR/TN-150+STR - Case studies on convective storms / case study 5, 12 July 1978 : first echo case.</title><itemType>REPORT</itemType><accessLevel>EXTENDED PUBLIC</accessLevel><accessionNum>DR000307</accessionNum><description>Case studies on convective storms / case study 5, 12 July 1978 : first echo case.PDF</description><fullTitle>Case studies on convective storms / case study 5, 12 July 1978 : first echo case.</fullTitle><creator>Hunter, Steven M.</creator><contributor>Knight, Charles A.</contributor><subject>Convective storms</subject><subject>Aircraft data</subject><publisher>National Center for Atmospheric Research (U.S.)</publisher><scientificDivision>Convective Storms Division</scientificDivision><dateOfOriginal>1980</dateOfOriginal><dateItemDigitized>2003</dateItemDigitized><source>PDF6BkMk</source><format>PDF File, 2969 KB</format><language>English</language><copyright>All uses of library resources, including the digitized collections, should be consistent with U.S. Copyright Law.</copyright></record>