<?xml version="1.0" ?>
<record xmlns:xsi="http://www.w3.org/2001/XMLSchema-instance" xsi:noNamespaceSchemaLocation="http://www.dls.ucar.edu/people/ostwald/Metadata/webcat/webcat-record.xsd"><recordID>TECH-NOTE-000-000-000-596</recordID><url>http://www.library.ucar.edu/uhtbin/hyperion-image/DR000596</url><title>NCAR/TN-326+STR - Third joint solar dynamics project data summary:...observ. near the time 18 Mar 1988 solar eclipse.</title><itemType>REPORT</itemType><accessLevel>EXTENDED PUBLIC</accessLevel><accessionNum>DR000596</accessionNum><description>Third joint solar dynamics project data summary:...observ. near the time 3/18/88 solar eclipse.PFD</description><fullTitle>The Third joint solar dynamics project data summary : solar magnetic field, chromospheric and coronal observations near the time of the 18 March 1988 solar eclipse.</fullTitle><creator>Sime, D.G.</creator><contributor>Garcia, C. J.</contributor><contributor>Lundin, W. E.</contributor><contributor>Yasukawa, E. A.</contributor><contributor>Mickey, D. L.</contributor><contributor>Labonte, B.</contributor><subject>Solar magnetic field</subject><subject>Corona evolution</subject><publisher>National Center for Atmospheric Research (U.S.).</publisher><scientificDivision>High Altitude Observatory.</scientificDivision><dateOfOriginal>1988</dateOfOriginal><dateItemDigitized>2004</dateItemDigitized><format>PDF File, 11,445 KB</format><language>English</language><copyright>All uses of library resources, including the digitized collections, should be consistent with U.S. Copyright Law.</copyright></record>