<?xml version="1.0" ?>
<record xmlns:xsi="http://www.w3.org/2001/XMLSchema-instance" xsi:noNamespaceSchemaLocation="http://www.dls.ucar.edu/people/ostwald/Metadata/webcat/webcat-record.xsd"><recordID>TECH-NOTE-000-000-000-028</recordID><url>http://www.library.ucar.edu/uhtbin/hyperion-image/DR000028</url><title>NCAR/TN-38+STR - Superpressure balloon flights from Christchurch, New Zealand August 1967 - June 1968</title><itemType>REPORT</itemType><accessLevel>EXTENDED PUBLIC</accessLevel><accessionNum>DR000028</accessionNum><description>Superpressure balloon flights from Christchurch, New Zealand August 1967 - June 1968.PDF</description><fullTitle>Superpressure balloon flights from Christchurch, New Zealand August 1967 - June 1968</fullTitle><creator>Lally, Vincent E.</creator><contributor>Carlson, Neil</contributor><contributor>Frykman, Robert W.</contributor><contributor>Lichfield, Ernest W.</contributor><contributor>Rickel, A. Brewster</contributor><contributor>Verstraete, Marcel</contributor><subject>Balloons</subject><subject>Superpressure balloon flights</subject><subject>GHOST</subject><publisher>National Center for Atmospheric Research (U.S.)</publisher><scientificDivision>Scientific Balloon Facility</scientificDivision><dateOfOriginal>1969</dateOfOriginal><dateItemDigitized>2003</dateItemDigitized><source>ML Report 02050, 50583010045767, PDF2BkMk</source><format>PDF file, 2397 KB</format><language>English</language><copyright>All uses of library resources, including the digitized collections, should be consistent with U.S. Copyright Law.</copyright></record>