<?xml version="1.0" ?>
<record xmlns:xsi="http://www.w3.org/2001/XMLSchema-instance" xsi:noNamespaceSchemaLocation="http://www.dls.ucar.edu/people/ostwald/Metadata/webcat/webcat-record.xsd"><recordID>TECH-NOTE-000-000-000-380</recordID><url>http://www.library.ucar.edu/uhtbin/hyperion-image/DR000380</url><title>NCAR/TN-436+STR - Spherepack 2.0 : a model development facility.</title><itemType>REPORT</itemType><accessLevel>EXTENDED PUBLIC</accessLevel><accessionNum>DR000380</accessionNum><description>Spherepack 2.0 : a model development facility.PDF</description><fullTitle>Spherepack 2.0 : a model development facility.</fullTitle><creator>Adams, John C.</creator><contributor>Swarztrauber, Paul N.</contributor><subject>Computer modeling</subject><subject>Geophysical processes</subject><publisher>National Center for Atmospheric Research (U.S.).</publisher><scientificDivision>Scientific Computing Division.</scientificDivision><dateOfOriginal>1997</dateOfOriginal><dateItemDigitized>2003</dateItemDigitized><source>PDF 15 BkMk</source><format>PDF File, 3006 KB</format><language>English</language><copyright>All uses of library resources, including the digitized collections, should be consistent with U.S. Copyright Law.</copyright></record>