<?xml version="1.0" ?>
<record xmlns:xsi="http://www.w3.org/2001/XMLSchema-instance" xsi:noNamespaceSchemaLocation="http://www.dls.ucar.edu/people/ostwald/Metadata/webcat/webcat-record.xsd"><recordID>TECH-NOTE-000-000-000-505</recordID><url>http://www.library.ucar.edu/uhtbin/hyperion-image/DR000505</url><title>NCAR/TN-253+EDD - Calibration of the NCAR Sabreliner research static pressure source with a trailing cone assembly.</title><itemType>REPORT</itemType><accessLevel>EXTENDED PUBLIC</accessLevel><accessionNum>DR000505</accessionNum><description>Calibration of the NCAR Sabreliner research static pressure source with a trailing cone assembly.PDF</description><fullTitle>Calibration of the NCAR Sabreliner research static pressure source with a trailing cone assembly.</fullTitle><creator>Brown, E. N.</creator><subject>Static pressure</subject><subject>NCAR Sabreliner</subject><publisher>National Center for Atmospheric Research (U.S.).</publisher><scientificDivision>Atmospheric Technology Division</scientificDivision><dateOfOriginal>1985</dateOfOriginal><dateItemDigitized>2003</dateItemDigitized><source>PDF 10 BkMk</source><format>PDF File, 1063 KB</format><language>English</language><copyright>All uses of library resources, including the digitized collections, should be consistent with U.S. Copyright Law.</copyright></record>