<?xml version="1.0" ?>
<record xmlns:xsi="http://www.w3.org/2001/XMLSchema-instance" xsi:noNamespaceSchemaLocation="http://www.dls.ucar.edu/people/ostwald/Metadata/webcat/webcat-record.xsd"><recordID>TECH-NOTE-000-000-000-643</recordID><url>http://www.library.ucar.edu/uhtbin/hyperion-image/DR000643</url><title>NCAR/TN-7+EDD - An Airplane-mounted system for sensing and recording radio noise in clouds.</title><itemType>REPORT</itemType><accessLevel>EXTENDED PUBLIC</accessLevel><accessionNum>DR000643</accessionNum><description>An Airplane-mounted system for sensing and recording radio noise in clouds.PDF</description><fullTitle>An Airplane-mounted system for sensing and recording radio noise in clouds.</fullTitle><creator>Sartor, J. Doyne</creator><contributor>Eden, Paul A.</contributor><subject>Radio noise.</subject><subject>Clouds</subject><publisher>National Center for Atmospheric Research (U.S.)</publisher><dateOfOriginal>1966</dateOfOriginal><dateItemDigitized>2003</dateItemDigitized><format>PDF File, 1948 KB</format><language>English</language><copyright>All uses of library resources, including the digitized collections, should be consistent with U.S. Copyright Law.</copyright></record>