<?xml version="1.0" ?>
<record xmlns:xsi="http://www.w3.org/2001/XMLSchema-instance" xsi:noNamespaceSchemaLocation="http://www.dls.ucar.edu/people/ostwald/Metadata/webcat/webcat-record.xsd"><recordID>TECH-NOTE-000-000-000-341</recordID><url>http://www.library.ucar.edu/uhtbin/hyperion-image/DR000341</url><title>NCAR/TN-187+IA - A guide to the data systems of the High Altitude Observatory's coronal dynamics project.</title><itemType>REPORT</itemType><accessLevel>EXTENDED PUBLIC</accessLevel><accessionNum>DR000341</accessionNum><description>A guide to the data systems of the High Altitude Observatory's coronal dynamics project.PDF</description><fullTitle>A guide to the data systems of the High Altitude Observatory's coronal dynamics project.</fullTitle><creator>Everts, Frank</creator><subject>Coronal Dynamics Project</subject><subject>Sun -- Corona -- Observers' manuals.</subject><subject>Solar experiments -- Handbooks, manuals, etc.</subject><publisher>National Center for Atmospheric Research (U.S.).</publisher><scientificDivision>High Altitude Observatory</scientificDivision><dateOfOriginal>1981</dateOfOriginal><dateItemDigitized>2003</dateItemDigitized><source>PDF 7 BkMk</source><format>PDF File, 1222 KB</format><language>English</language><copyright>All uses of library resources, including the digitized collections, should be consistent with U.S. Copyright Law.</copyright></record>