<?xml version="1.0" ?>
<record xmlns:xsi="http://www.w3.org/2001/XMLSchema-instance" xsi:noNamespaceSchemaLocation="http://www.dls.ucar.edu/people/ostwald/Metadata/webcat/webcat-record.xsd"><recordID>TECH-NOTE-000-000-000-287</recordID><url>http://www.library.ucar.edu/uhtbin/hyperion-image/DR000287</url><title>NCAR/TN-137+IA - Tech. emp. proc. particle size spectra &amp; state parameter data obtained w/ T-28 aircraft platform.</title><itemType>REPORT</itemType><accessLevel>EXTENDED PUBLIC</accessLevel><accessionNum>DR000287</accessionNum><description>Tech. emp. proc. particle size spectra &amp; state parameter data obtained w/ T-28 aircraft platform.PDF</description><fullTitle>Techniques employed in the processing of particle size spectra and state parameter data obtained with the T-28 aircraft platform.</fullTitle><creator>Heymsfield, Andrew J.</creator><contributor>Parrish, Joanne L.</contributor><subject>T-28 aircraft platform</subject><subject>Hail research</subject><publisher>National Center for Atmospheric Research (U.S.)</publisher><scientificDivision>Convective Storms Division</scientificDivision><dateOfOriginal>1979</dateOfOriginal><dateItemDigitized>2003</dateItemDigitized><source>ML Report 02974, PDF5BkMk</source><format>PDF File, 3765 KB</format><language>English</language><copyright>All uses of library resources, including the digitized collections, should be consistent with U.S. Copyright Law.</copyright></record>