<?xml version="1.0" ?>
<record xmlns:xsi="http://www.w3.org/2001/XMLSchema-instance" xsi:noNamespaceSchemaLocation="http://www.dls.ucar.edu/people/ostwald/Metadata/webcat/webcat-record.xsd"><recordID>TECH-NOTE-000-000-000-419</recordID><url>http://www.library.ucar.edu/uhtbin/hyperion-image/DR000419</url><title>NCAR/TN-219+PROC - Scientists lead the way : proceedings of the third annual computer users conference.</title><itemType>REPORT</itemType><accessLevel>EXTENDED PUBLIC</accessLevel><accessionNum>DR000419</accessionNum><description>Scientists lead the way : proceedings of the third annual computer users conference.PDF</description><fullTitle>Scientists lead the way : proceedings of the third annual computer users conference.</fullTitle><contributor>Besen, Linda, editor.</contributor><contributor>Maxey, David, editor.</contributor><subject>Meteorological research--Data Processing--Congresses</subject><subject>Atmospheric research--Data Processing--Congresses</subject><publisher>National Center for Atmospheric Research (U.S.).</publisher><scientificDivision>Scientific Computing Division.</scientificDivision><dateOfOriginal>1983</dateOfOriginal><dateItemDigitized>2003</dateItemDigitized><source>PDF 8 BkMk</source><format>PDF File, 5805 KB</format><language>English</language><copyright>All uses of library resources, including the digitized collections, should be consistent with U.S. Copyright Law.</copyright></record>