<?xml version="1.0" ?>
<record xmlns:xsi="http://www.w3.org/2001/XMLSchema-instance" xsi:noNamespaceSchemaLocation="http://www.dls.ucar.edu/people/ostwald/Metadata/webcat/webcat-record.xsd"><recordID>TECH-NOTE-000-000-000-561</recordID><url>http://www.library.ucar.edu/uhtbin/hyperion-image/DR000561</url><title>NCAR/TN-287+IA - Documentation of NCAR CCM1 program modules.</title><itemType>REPORT</itemType><accessLevel>EXTENDED PUBLIC</accessLevel><accessionNum>DR000561</accessionNum><description>Documentation of NCAR CCM1 program modules.PDF</description><fullTitle>Documentation of NCAR CCM1 program modules.</fullTitle><creator>Bath, Linda M.</creator><contributor>Dias, Michael A.</contributor><contributor>Williamson, David L.</contributor><contributor>Williamson, Gloria S.</contributor><contributor>Wolski, Richard J.</contributor><subject>Climate modeling</subject><subject>Community climate model</subject><publisher>National Center for Atmospheric Research (U.S.).</publisher><scientificDivision>Climate and Global Dynamics Division</scientificDivision><dateOfOriginal>1987</dateOfOriginal><dateItemDigitized>2003</dateItemDigitized><source>PDF 11 BkMk</source><format>PDF File, 8823 KB</format><language>English</language><copyright>All uses of library resources, including the digitized collections, should be consistent with U.S. Copyright Law.</copyright></record>