<?xml version="1.0" ?>
<record xmlns:xsi="http://www.w3.org/2001/XMLSchema-instance" xsi:noNamespaceSchemaLocation="http://www.dls.ucar.edu/people/ostwald/Metadata/webcat/webcat-record.xsd"><recordID>TECH-NOTE-000-000-000-074</recordID><url>http://www.library.ucar.edu/uhtbin/hyperion-image/DR000074</url><title>NCAR/TN-80+PROC - Summary report--fellowship in scientific computing summer 1972</title><itemType>REPORT</itemType><accessLevel>EXTENDED PUBLIC</accessLevel><accessionNum>DR000074</accessionNum><description>Summary report--fellowship in scientific computing summer 1972.PDF</description><fullTitle>Summary report--fellowship in scientific computing summer 1972.</fullTitle><subject>Summer Fellowship Program</subject><subject>Scientific computing</subject><publisher>National Center for Atmospheric Research (U.S.)</publisher><scientificDivision>Facilities Laboratory</scientificDivision><dateOfOriginal>1972</dateOfOriginal><dateItemDigitized>2003</dateItemDigitized><source>ML Report 02683, 50583010061103, PDF3-BkMk</source><format>PDF File, 7939 KB</format><language>English</language><copyright>All uses of library resources, including the digitized collections, should be consistent with U.S. Copyright Law.</copyright></record>