<?xml version="1.0" ?>
<record xmlns:xsi="http://www.w3.org/2001/XMLSchema-instance" xsi:noNamespaceSchemaLocation="http://www.dls.ucar.edu/people/ostwald/Metadata/webcat/webcat-record.xsd"><recordID>TECH-NOTE-000-000-000-720</recordID><url>http://www.library.ucar.edu/uhtbin/hyperion-image/DR000720</url><title>NCAR/TN-57+STR - Climate of the upper air : Southern Hemisphere. Vol. 2. Part 1.</title><itemType>REPORT</itemType><accessLevel>EXTENDED PUBLIC</accessLevel><accessionNum>DR000720</accessionNum><description>Volume 2 : Zonal Geostrophic Winds. Part 1.PDF</description><fullTitle>NCAR/TN-57+STR - Climate of the upper air : Southern Hemisphere. Volume 2 : Zonal Geostrophic Winds. Part 1.</fullTitle></record>