<?xml version="1.0" ?>
<record xmlns:xsi="http://www.w3.org/2001/XMLSchema-instance" xsi:noNamespaceSchemaLocation="http://www.dls.ucar.edu/people/ostwald/Metadata/webcat/webcat-record.xsd"><recordID>TECH-NOTE-000-000-000-187</recordID><url>http://www.library.ucar.edu/uhtbin/hyperion-image/DR000187</url><title>NCAR/TN-376+IA - Data ingest and objectiveanalysis for the PSU/NCAR modeling system:  programs DATAGRID and RAWINS.</title><itemType>REPORT</itemType><accessLevel>EXTENDED PUBLIC</accessLevel><accessionNum>DR000187</accessionNum><description>Data ingest &amp; objectiveanalysis for the PSU/NCAR modeling system:  programs DATAGRID and RAWINS.PDF</description><fullTitle>Data ingest and objectiveanalysis for the PSU/NCAR modeling system:  programs DATAGRID and RAWINS.</fullTitle><creator>Manning, Kevin W.</creator><contributor>Haagenson, Philip L.</contributor><subject>PSU/NCAR modeling system</subject><subject>Mathematics, Computer science</subject><publisher>National Center for Atmospheric Research (U.S.).</publisher><scientificDivision>Mesoscale and Microscale Meteorology Division</scientificDivision><dateOfOriginal>1992</dateOfOriginal><dateItemDigitized>2003</dateItemDigitized><language>English</language><copyright>All uses of library resources, including the digitized collections, should be consistent with U.S. Copyright Law.</copyright></record>