<?xml version="1.0" ?>
<record xmlns:xsi="http://www.w3.org/2001/XMLSchema-instance" xsi:noNamespaceSchemaLocation="http://www.dls.ucar.edu/people/ostwald/Metadata/webcat/webcat-record.xsd"><recordID>TECH-NOTE-000-000-000-175</recordID><url>http://www.library.ucar.edu/uhtbin/hyperion-image/DR000175</url><title>NCAR/TN-364+STR - Preprocessing of airborne pyranometer data.</title><itemType>REPORT</itemType><accessLevel>EXTENDED PUBLIC</accessLevel><accessionNum>DR000175</accessionNum><description>Preprocessing of airborne pyranometer data.PDF</description><fullTitle>Preprocessing of airborne pyranometer data.</fullTitle><creator>Bannehr, Lutz</creator><contributor>Glover, Vince</contributor><subject>Pyranometer data</subject><subject>Radiation data</subject><publisher>National Center for Atmospheric Research (U.S.).</publisher><scientificDivision>Research Aviation Facility</scientificDivision><scientificDivision>Atmospheric Technology Division</scientificDivision><dateOfOriginal>1991</dateOfOriginal><dateItemDigitized>2003</dateItemDigitized><language>English</language><copyright>All uses of library resources, including the digitized collections, should be consistent with U.S. Copyright Law.</copyright></record>