<?xml version="1.0" ?>
<record xmlns:xsi="http://www.w3.org/2001/XMLSchema-instance" xsi:noNamespaceSchemaLocation="http://www.dls.ucar.edu/people/ostwald/Metadata/webcat/webcat-record.xsd"><recordID>TECH-NOTE-000-000-000-286</recordID><url>http://www.library.ucar.edu/uhtbin/hyperion-image/DR000286</url><title>NCAR/TN-136+STR - On the interaction between mesoscale eddies and topography.</title><itemType>REPORT</itemType><accessLevel>EXTENDED PUBLIC</accessLevel><accessionNum>DR000286</accessionNum><description>On the interaction between mesoscale eddies and topography.PDF</description><fullTitle>On the interaction between mesoscale eddies and topography.</fullTitle><creator>Durney, Bernard</creator><subject>Mesoscale eddies</subject><subject>Topography</subject><publisher>National Center for Atmospheric Research (U.S.)</publisher><scientificDivision>Atmospheric Analysis and Prediction Division</scientificDivision><dateOfOriginal>1980</dateOfOriginal><dateItemDigitized>2003</dateItemDigitized><source>ML Report 02996, PDF5BkMk</source><format>PDF File, 4775 KB</format><language>English</language><copyright>All uses of library resources, including the digitized collections, should be consistent with U.S. Copyright Law.</copyright></record>