<?xml version="1.0" ?>
<record xmlns:xsi="http://www.w3.org/2001/XMLSchema-instance" xsi:noNamespaceSchemaLocation="http://www.dls.ucar.edu/people/ostwald/Metadata/webcat/webcat-record.xsd"><recordID>TECH-NOTE-000-000-000-668</recordID><url>http://www.library.ucar.edu/uhtbin/hyperion-image/DR000668</url><title>NCAR/TN-457+STR - Free oscillations of deep nonhydrostatic global atmospheres : theory and a test of numerical schemes.</title><itemType>REPORT</itemType><accessLevel>EXTENDED PUBLIC</accessLevel><accessionNum>DR000668</accessionNum><description>Free oscillations of deep nonhydrostatic global atmospheres.PDF</description><fullTitle>Free oscillations of deep nonhydrostatic global atmospheres : theory and a test of numerical schemes.</fullTitle><creator>Kasahara, Akira.</creator><subject>Deep NH model.</subject><publisher>National Center for Atmospheric Research (U.S.).</publisher><scientificDivision>Climate and Global Dynamics Division.</scientificDivision><dateOfOriginal>2004</dateOfOriginal><dateItemDigitized>2004</dateItemDigitized><format>PDF File.</format><language>English</language><copyright>All uses of library resources, including the digitized collections, should be consistent with U.S. Copyright Law.</copyright></record>