<?xml version="1.0" ?>
<record xmlns:xsi="http://www.w3.org/2001/XMLSchema-instance" xsi:noNamespaceSchemaLocation="http://www.dls.ucar.edu/people/ostwald/Metadata/webcat/webcat-record.xsd"><recordID>TECH-NOTE-000-000-000-366</recordID><url>http://www.library.ucar.edu/uhtbin/hyperion-image/DR000366</url><title>NCAR/TN-430+STR - Evaluation of the atmospheric and hydrological cycle in the NCEP reanalyses. Part 2.</title><itemType>REPORT</itemType><accessLevel>EXTENDED PUBLIC</accessLevel><accessionNum>DR000366</accessionNum><description>Evaluation of the atmospheric and hydrological cycle in the NCEP reanalyses. Part 2.PDF</description><fullTitle>Evaluation of the atmospheric and hydrological cycle in the NCEP reanalyses. Part 2.</fullTitle><creator>Trenberth, K. E.</creator><contributor>Guillemot, C. J.</contributor><subject>Atmospheric moisture</subject><subject>Hydrological cycle</subject><publisher>National Center for Atmospheric Research (U.S.).</publisher><scientificDivision>Climate and Global Dynamics Division</scientificDivision><dateOfOriginal>1996</dateOfOriginal><dateItemDigitized>2003</dateItemDigitized><source>PDF 15 BkMk</source><format>PDF File, 7672 KB</format><language>English</language><copyright>All uses of library resources, including the digitized collections, should be consistent with U.S. Copyright Law.</copyright></record>