<?xml version="1.0" ?>
<record xmlns:xsi="http://www.w3.org/2001/XMLSchema-instance" xsi:noNamespaceSchemaLocation="http://www.dls.ucar.edu/people/ostwald/Metadata/webcat/webcat-record.xsd"><recordID>TECH-NOTE-000-000-000-229</recordID><url>http://www.library.ucar.edu/uhtbin/hyperion-image/DR000229</url><title>NCAR/TN-417+STR - Land surface model (LSM version 1.0) for ecological, hydrological, and atmospheric studies</title><itemType>REPORT</itemType><accessLevel>EXTENDED PUBLIC</accessLevel><accessionNum>DR000229</accessionNum><description>Land surface model (LSM version 1.0) for ecological, hydrological, and atmospheric studies.PDF</description><fullTitle>A land surface model (LSM version 1.0) for ecological, hydrological, and atmospheric studies: technical description and user's guide.</fullTitle><creator>Bonan, Gordon B.</creator><subject>Ecological studies</subject><subject>Land surface model</subject><publisher>National Center for Atmospheric Research (U.S.).</publisher><scientificDivision>Climate and Global Dynamics Division</scientificDivision><dateOfOriginal>1996</dateOfOriginal><dateItemDigitized>2003</dateItemDigitized><source>PDF 14 BkMk</source><format>PDF File, 5519 KB</format><language>English</language><copyright>All uses of library resources, including the digitized collections, should be consistent with U.S. Copyright Law.</copyright></record>