<?xml version="1.0" ?>
<record xmlns:xsi="http://www.w3.org/2001/XMLSchema-instance" xsi:noNamespaceSchemaLocation="http://www.dls.ucar.edu/people/ostwald/Metadata/webcat/webcat-record.xsd"><recordID>TECH-NOTE-000-000-000-495</recordID><url>http://www.library.ucar.edu/uhtbin/hyperion-image/DR000495</url><title>NCAR/TN-239+PPR - The feasibility of long duration ballooning in Antarctica.</title><itemType>REPORT</itemType><accessLevel>EXTENDED PUBLIC</accessLevel><accessionNum>DR000495</accessionNum><description>The feasibility of long duration ballooning in Antarctica.</description><fullTitle>The feasibility of long duration ballooning in Antarctica.</fullTitle><creator>Ball, Danny</creator><subject>Ballooning</subject><subject>Antarctica</subject><publisher>National Center for Atmospheric Research (U.S.).</publisher><scientificDivision>Balloon Facility</scientificDivision><dateOfOriginal>1984</dateOfOriginal><dateItemDigitized>2003</dateItemDigitized><source>PDF 10 BkMk</source><format>PDF File, 634 KB</format><language>English</language><copyright>All uses of library resources, including the digitized collections, should be consistent with U.S. Copyright Law.</copyright></record>