<?xml version="1.0" ?>
<record xmlns:xsi="http://www.w3.org/2001/XMLSchema-instance" xsi:noNamespaceSchemaLocation="http://www.dls.ucar.edu/people/ostwald/Metadata/webcat/webcat-record.xsd"><recordID>TECH-NOTE-000-000-000-062</recordID><url>http://www.library.ucar.edu/uhtbin/hyperion-image/DR000062</url><title>NCAR/TN-72/2 - The National hail research experiment summer 1972 summary report</title><itemType>REPORT</itemType><accessLevel>EXTENDED PUBLIC</accessLevel><accessionNum>DR000062</accessionNum><description>The National hail research experiment summer 1972 summary report.PDF</description><fullTitle>The National hail research experiment summer 1972 summary report.</fullTitle><subject>Hail -- research</subject><publisher>National Center for Atmospheric Research (U.S.)</publisher><scientificDivision>Laboratory of Atmospheric Sciences</scientificDivision><dateItemDigitized>2003</dateItemDigitized><source>ML Report 02670, 50583010061129, PDF3-BkMk</source><format>PDF Files, 3744 KB</format><language>English</language><copyright>All uses of library resources, including the digitized collections, should be consistent with U.S. Copyright Law.</copyright></record>