<?xml version="1.0" ?>
<record xmlns:xsi="http://www.w3.org/2001/XMLSchema-instance" xsi:noNamespaceSchemaLocation="http://www.dls.ucar.edu/people/ostwald/Metadata/webcat/webcat-record.xsd"><recordID>TECH-NOTE-000-000-000-354</recordID><url>http://www.library.ucar.edu/uhtbin/hyperion-image/DR000354</url><title>NCAR/TN-200+IA - A user's guide to Mauna Loa solar observatory's coronal data system.</title><itemType>REPORT</itemType><accessLevel>EXTENDED PUBLIC</accessLevel><accessionNum>DR000354</accessionNum><description>A user's guide to Mauna Loa solar observatory's coronal data system.PDF</description><fullTitle>A user's guide to Mauna Loa solar observatory's coronal data system.</fullTitle><creator>Rock, Kristine</creator><contributor>Seagraves, Paul</contributor><subject>Mauna Loa Observatory</subject><subject>Coronal data system</subject><publisher>National Center for Atmospheric Research (U.S.).</publisher><scientificDivision>High Altitude Observatory</scientificDivision><dateOfOriginal>1982</dateOfOriginal><dateItemDigitized>2003</dateItemDigitized><source>PDF 7 BkMk</source><format>PDF File, 701 KB</format><language>English</language><copyright>All uses of library resources, including the digitized collections, should be consistent with U.S. Copyright Law.</copyright></record>