<?xml version="1.0" ?>
<record xmlns:xsi="http://www.w3.org/2001/XMLSchema-instance" xsi:noNamespaceSchemaLocation="http://www.dls.ucar.edu/people/ostwald/Metadata/webcat/webcat-record.xsd"><recordID>TECH-NOTE-000-000-000-391</recordID><url>http://www.library.ucar.edu/uhtbin/hyperion-image/DR000391</url><title>NCAR/TN-451+STR - Release notes for Pikaia 1.2.</title><itemType>REPORT</itemType><accessLevel>EXTENDED PUBLIC</accessLevel><accessionNum>DR000391</accessionNum><description>Release notes for Pikaia 1.2.</description><fullTitle>Release notes for Pikaia 1.2.</fullTitle><creator>Charbonneau, Paul</creator><subject>Computer software</subject><subject>Punctuated equilibrium</subject><publisher>National Center for Atmospheric Research (U.S.).</publisher><scientificDivision>High Altitude Observatory</scientificDivision><dateOfOriginal>2002</dateOfOriginal><dateItemDigitized>2003</dateItemDigitized><source>PDF 15 BkMk</source><format>PDF File, 2231 KB</format><language>English</language><copyright>All uses of library resources, including the digitized collections, should be consistent with U.S. Copyright Law.</copyright></record>