<?xml version="1.0" ?>
<record xmlns:xsi="http://www.w3.org/2001/XMLSchema-instance" xsi:noNamespaceSchemaLocation="http://www.dls.ucar.edu/people/ostwald/Metadata/webcat/webcat-record.xsd"><recordID>TECH-NOTE-000-000-000-152</recordID><url>http://www.library.ucar.edu/uhtbin/hyperion-image/DR000152</url><title>NCAR/TN-342+STR - Ncar graphics generic package installer's guide / version 3.00a.</title><itemType>REPORT</itemType><accessLevel>EXTENDED PUBLIC</accessLevel><accessionNum>DR000152</accessionNum><description>Ncar graphics generic package installer's guide / version 3.00a.PDF</description><fullTitle>NCAR graphics generic package installer's guide / version 3.00a.</fullTitle><creator>Clare, Fred</creator><subject>Mathematics</subject><subject>Computer Science</subject><subject>Graphics</subject><publisher>National Center for Atmospheric Research (U.S.)</publisher><scientificDivision>Scientific Computing Division</scientificDivision><dateOfOriginal>1990</dateOfOriginal><dateItemDigitized>2003</dateItemDigitized><source>PDF 12 BkMk</source><format>PDF File, 6164 kb</format><language>English</language><copyright>All uses of library resources, including the digitized collections, should be consistent with U.S. Copyright Law.</copyright></record>