<?xml version="1.0" ?>
<record xmlns:xsi="http://www.w3.org/2001/XMLSchema-instance" xsi:noNamespaceSchemaLocation="http://www.dls.ucar.edu/people/ostwald/Metadata/webcat/webcat-record.xsd"><recordID>TECH-NOTE-000-000-000-455</recordID><url>http://www.library.ucar.edu/uhtbin/hyperion-image/DR000455</url><title>NCAR/TN-312+IA - Implicit Normal-mode Initialization Of The PSU/NCAR mesoscale model.</title><itemType>REPORT</itemType><accessLevel>EXTENDED PUBLIC</accessLevel><accessionNum>DR000455</accessionNum><description>Implicit Normal-mode Initialization Of The PSU/NCAR mesoscale model.PDF</description><fullTitle>Implicit Normal-mode Initialization Of The PSU/NCAR (Pennsylvania State University / National Center for Atmospheric Research) mesoscale model.</fullTitle><creator>Errico, R. M.</creator><contributor>Bates, Gary T.</contributor><subject>Linear Initialization</subject><publisher>National Center For Atmospheric Research (U.S.)</publisher><scientificDivision>Climate And Global Dynamics Division</scientificDivision><dateOfOriginal>1988</dateOfOriginal><dateItemDigitized>2003</dateItemDigitized><source>PDF 16 BkMk</source><format>PDF File, 4808 KB</format><language>English</language><copyright>All uses of library resources, including the digitized collections, should be consistent with U.S. Copyright Law.</copyright></record>