<?xml version="1.0" ?>
<record xmlns:xsi="http://www.w3.org/2001/XMLSchema-instance" xsi:noNamespaceSchemaLocation="http://www.dls.ucar.edu/people/ostwald/Metadata/webcat/webcat-record.xsd"><recordID>TECH-NOTE-000-000-000-339</recordID><url>http://www.library.ucar.edu/uhtbin/hyperion-image/DR000339</url><title>NCAR/TN-184+STR - Case studies on convective storms / case study 10, 22 July 1975 - pt. 2.</title><itemType>REPORT</itemType><accessLevel>EXTENDED PUBLIC</accessLevel><accessionNum>DR000339</accessionNum><description>NCAR/TN-184+STR - Case studies on convective storms / case study 10, 22 July 1975 - pt. 2.PDF</description><fullTitle>Case studies on convective storms / case study 10, 22 July 1975 : mature storm study / a conceptual model synthesized from microphysical and dynamic observations of a multicell thunderstorm. Pt. 2.</fullTitle><creator>Sand, Wayne R.</creator><subject>Convective storms</subject><subject>Aircraft data</subject><publisher>National Center for Atmospheric Research (U.S.).</publisher><scientificDivision>Convective Storms Division</scientificDivision><dateOfOriginal>1981</dateOfOriginal><dateItemDigitized>2003</dateItemDigitized><source>PDF 7 BkMk</source><format>PDF File, 9142 KB</format><language>English</language><copyright>All uses of library resources, including the digitized collections, should be consistent with U.S. Copyright Law.</copyright></record>