<?xml version="1.0" ?>
<record xmlns:xsi="http://www.w3.org/2001/XMLSchema-instance" xsi:noNamespaceSchemaLocation="http://www.dls.ucar.edu/people/ostwald/Metadata/webcat/webcat-record.xsd"><recordID>TECH-NOTE-000-000-000-565</recordID><url>http://www.library.ucar.edu/uhtbin/hyperion-image/DR000565</url><title>NCAR/TN-292+STR - The Ophir radiometric thermometer: preliminary evaluation.</title><itemType>REPORT</itemType><accessLevel>EXTENDED PUBLIC</accessLevel><accessionNum>DR000565</accessionNum><description>The Ophir radiometric thermometer: preliminary evaluation.PDF</description><fullTitle>The Ophir radiometric thermometer: preliminary evaluation.</fullTitle><creator>Cooper, William A.</creator><subject>Engineering -- technology</subject><subject>Temperature</subject><subject>Air speed</subject><publisher>National Center for Atmospheric Research (U.S.).</publisher><scientificDivision>Atmospheric Technology Division</scientificDivision><dateOfOriginal>1987</dateOfOriginal><dateItemDigitized>2003</dateItemDigitized><source>PDF 11 BkMk</source><format>PDF File, 2879 KB</format><language>English</language><copyright>All uses of library resources, including the digitized collections, should be consistent with U.S. Copyright Law.</copyright></record>