<?xml version="1.0" ?>
<record xmlns:xsi="http://www.w3.org/2001/XMLSchema-instance" xsi:noNamespaceSchemaLocation="http://www.dls.ucar.edu/people/ostwald/Metadata/webcat/webcat-record.xsd"><recordID>TECH-NOTE-000-000-000-493</recordID><url>http://www.library.ucar.edu/uhtbin/hyperion-image/DR000493</url><title>NCAR/TN-283+IA - NCAR graphics user's guide : Version 2.00. Part 3.</title><itemType>REPORT</itemType><accessLevel>EXTENDED PUBLIC</accessLevel><accessionNum>DR000493</accessionNum><description>NCAR graphics user's guide : Version 2.00. Part 3.PDF</description><fullTitle>NCAR graphics user's guide : Version 2.00. Part 3.</fullTitle><creator>Clare, Fred</creator><contributor>Kennison, Dave</contributor><contributor>Lackman, Bob</contributor><subject>Mathematics, Computer science</subject><subject>Graphics</subject><publisher>National Center for Atmospheric Research (U.S.).</publisher><scientificDivision>Scientific Computing Division</scientificDivision><dateOfOriginal>1987</dateOfOriginal><dateItemDigitized>2003</dateItemDigitized><source>PDF 10 BkMk</source><format>PDF File, 7141 KB</format><language>English</language><copyright>All uses of library resources, including the digitized collections, should be consistent with U.S. Copyright Law.</copyright></record>