<?xml version="1.0" ?>
<record xmlns:xsi="http://www.w3.org/2001/XMLSchema-instance" xsi:noNamespaceSchemaLocation="http://www.dls.ucar.edu/people/ostwald/Metadata/webcat/webcat-record.xsd"><recordID>TECH-NOTE-000-000-000-120</recordID><url>http://www.library.ucar.edu/uhtbin/hyperion-image/DR000120</url><title>NCAR/TN-75/2 - NHRE symposium/workshop on hail : Estes Park, Colorado Sep. 21-28 1975. Part 4.</title><itemType>REPORT</itemType><accessLevel>EXTENDED PUBLIC</accessLevel><accessionNum>DR000120</accessionNum><description>NCAR/TN-75/2 - NHRE symposium/workshop on hail : Estes Park, Colorado Sep. 21-28 1975. Part 4.PDF</description><fullTitle>NCAR/TN-75/2 - NHRE symposium/workshop on hail : Estes Park, Colorado Sep. 21-28 1975. Part 4.</fullTitle><subject>Hail--Congresses.</subject><subject>Cloud physics--Congresses.</subject><subject>Weather control--Congresses.</subject><publisher>National Center for Atmospheric Research (U.S.)</publisher><scientificDivision>Laboratory of Atmospheric Sciences</scientificDivision><dateOfOriginal>1975</dateOfOriginal><dateItemDigitized>2003</dateItemDigitized><source>ML Report QC929 .H15 N49 1975, 50583010296204, PDF3-BkMk</source><format>PDF File, 10,780 KB</format><language>English</language><copyright>All uses of library resources, including the digitized collections, should be consistent with U.S. Copyright Law.</copyright></record>