<?xml version="1.0" ?>
<record xmlns:xsi="http://www.w3.org/2001/XMLSchema-instance" xsi:noNamespaceSchemaLocation="http://www.dls.ucar.edu/people/ostwald/Metadata/webcat/webcat-record.xsd"><recordID>TECH-NOTE-000-000-000-304</recordID><url>http://www.library.ucar.edu/uhtbin/hyperion-image/DR000304</url><title>NCAR-TN-166+IA - The SCD graphics utilites. Part 1.</title><itemType>REPORT</itemType><accessLevel>EXTENDED PUBLIC</accessLevel><accessionNum>DR000304</accessionNum><description>The SCD graphics utilites. Part 1.PDF</description><fullTitle>The SCD graphics utilites. Part 1.</fullTitle><creator>McArthur, Gregory R.</creator><subject>SCD graphic utilities</subject><subject>Scientific computer graphics</subject><publisher>National Center for Atmospheric Research (U.S.)</publisher><scientificDivision>Scientific Computing Division</scientificDivision><dateOfOriginal>1981</dateOfOriginal><dateItemDigitized>2003</dateItemDigitized><source>ML Report 03047, PDF6BkMk</source><format>PDF File, 10,227 KB</format><language>English</language><copyright>All uses of library resources, including the digitized collections, should be consistent with U.S. Copyright Law.</copyright></record>