<?xml version="1.0" ?>
<record xmlns:xsi="http://www.w3.org/2001/XMLSchema-instance" xsi:noNamespaceSchemaLocation="http://www.dls.ucar.edu/people/ostwald/Metadata/webcat/webcat-record.xsd"><recordID>TECH-NOTE-000-000-000-568</recordID><url>http://www.library.ucar.edu/uhtbin/hyperion-image/DR000568</url><title>NCAR/TN-296+IA - Differences Between The PROC01 And PROC02 Versions Of The CCM Modular Processor.</title><itemType>REPORT</itemType><accessLevel>EXTENDED PUBLIC</accessLevel><accessionNum>DR000568</accessionNum><description>Differences Between The PROC01 And PROC02 Versions Of The CCM Modular Processor.PDF</description><fullTitle>Differences Between The PROC01 And PROC02 Versions Of The CCM Modular Processor.</fullTitle><creator>Wolski, Richard J.</creator><subject>Atmospheric Science</subject><subject>Climate modeling</subject><publisher>National Center For Atmospheric Research (U.S.).</publisher><scientificDivision>Climate And Global Dynamics Division.</scientificDivision><dateOfOriginal>1987</dateOfOriginal><dateItemDigitized>2003</dateItemDigitized><source>PDF 11 BkMk</source><format>PDF File, 2028 KB</format><language>English</language><copyright>All uses of library resources, including the digitized collections, should be consistent with U.S. Copyright Law.</copyright></record>