<?xml version="1.0" ?>
<record xmlns:xsi="http://www.w3.org/2001/XMLSchema-instance" xsi:noNamespaceSchemaLocation="http://www.dls.ucar.edu/people/ostwald/Metadata/webcat/webcat-record.xsd"><recordID>TECH-NOTE-000-000-000-607</recordID><url>http://www.library.ucar.edu/uhtbin/hyperion-image/DR000607</url><title>NCAR/TN-373+STR - Global analyses from ECMWF and atlas of 1000 to 10 mb circulation statistics. Part 2.</title><itemType>REPORT</itemType><accessLevel>EXTENDED PUBLIC</accessLevel><accessionNum>DR000607</accessionNum><description>Global analyses from ECMWF and atlas of 1000 to 10 mb circulation statistics. Part 2.PFD</description><fullTitle>Global analyses from ECMWF and atlas of 1000 to 10 mb circulation statistics. Part 2.</fullTitle><creator>Trenberth, Kevin E.</creator><subject>Atmospheric research</subject><subject>Global analysis</subject><publisher>National Center for Atmospheric Research (U.S.).</publisher><scientificDivision>Climate and Global Dynamics Division</scientificDivision><dateOfOriginal>1992</dateOfOriginal><dateItemDigitized>2003</dateItemDigitized><format>PDF File, 7801 KB</format><language>English</language><copyright>All uses of library resources, including the digitized collections, should be consistent with U.S. Copyright Law.</copyright></record>