<?xml version="1.0" ?>
<record xmlns:xsi="http://www.w3.org/2001/XMLSchema-instance" xsi:noNamespaceSchemaLocation="http://www.dls.ucar.edu/people/ostwald/Metadata/webcat/webcat-record.xsd"><recordID>TECH-NOTE-000-000-000-140</recordID><url>http://www.library.ucar.edu/uhtbin/hyperion-image/DR000140</url><title>NCAR/TN-109+IA -  Efficient FORTRAN subprograms for the solution of elliptic partial differential equations.</title><itemType>REPORT</itemType><accessLevel>EXTENDED PUBLIC</accessLevel><accessionNum>DR000140</accessionNum><description>Efficient FORTRAN subprograms for the solution of elliptic partial differential equations.PDF</description><creator>Swarztrauber, Paul</creator><contributor>Sweet, Roland</contributor><subject>Fortran</subject><subject>Computer language</subject><publisher>National Center for Atmospheric Research (U.S.)</publisher><scientificDivision>Atmospheric Technology Division</scientificDivision><dateOfOriginal>1975</dateOfOriginal><dateItemDigitized>2003</dateItemDigitized><source>ML Report 03020, 50583010069049, PDF4BkMk</source><format>PDF File, 4471 KB</format><language>English</language><copyright>All uses of library resources, including the digitized collections, should be consistent with U.S. Copyright Law.</copyright></record>