<?xml version="1.0" ?>
<record xmlns:xsi="http://www.w3.org/2001/XMLSchema-instance" xsi:noNamespaceSchemaLocation="http://www.dls.ucar.edu/people/ostwald/Metadata/webcat/webcat-record.xsd"><recordID>TECH-NOTE-000-000-000-023</recordID><url>http://www.library.ucar.edu/uhtbin/hyperion-image/DR000023</url><title>NCAR/TN-31+PPR - A Survey of Hawaii for balloon launch sites</title><itemType>REPORT</itemType><accessLevel>EXTENDED PUBLIC</accessLevel><accessionNum>DR000023</accessionNum><description>A Survey of Hawaii for balloon launch sites.PDF</description><fullTitle>A Survey of Hawaii for balloon launch sites.</fullTitle><creator>Angevine, Jack M.</creator><subject>Balloons, Sounding</subject><subject>Launch complexes (Astronautics)</subject><subject>Hawaii</subject><publisher>National Center for Atmospheric Research (U.S.)</publisher><scientificDivision>Atmospheric Technology Division</scientificDivision><dateOfOriginal>1967</dateOfOriginal><dateItemDigitized>2003</dateItemDigitized><source>ML Report 02034, 50583010045106, PDF1-BkMk</source><format>PDF file, 8278 KB</format><language>English</language><copyright>All uses of library resources, including the digitized collections, should be consistent with U.S. Copyright Law.</copyright></record>