<?xml version="1.0" ?>
<record xmlns:xsi="http://www.w3.org/2001/XMLSchema-instance" xsi:noNamespaceSchemaLocation="http://www.dls.ucar.edu/people/ostwald/Metadata/webcat/webcat-record.xsd"><recordID>TECH-NOTE-000-000-000-711</recordID><url>http://www.library.ucar.edu/uhtbin/hyperion-image/DR000711</url><title>NCAR/TN-1+EDD - Tests of balloon materials.</title><itemType>REPORT</itemType><accessLevel>EXTENDED PUBLIC</accessLevel><accessionNum>DR000711</accessionNum><description>Tests of balloon materials.PDF</description><fullTitle>Tests of balloon materials ; prepared for the NCAR Scientific Balloon Facility.</fullTitle><subject>Balloon testing.</subject><subject>Balloon materials.</subject><publisher>National Center for Atmospheric Research (U.S.).</publisher><publisher>Hauser Research and Engineering Company.</publisher><scientificDivision>Scientific Balloon Facility.</scientificDivision><dateOfOriginal>1964</dateOfOriginal><dateItemDigitized>2003</dateItemDigitized><format>PDF File, 2019 KB</format><language>English</language><copyright>All uses of library resources, including the digitized collections, should be consistent with U.S. Copyright Law.</copyright></record>