<?xml version="1.0" ?>
<record xmlns:xsi="http://www.w3.org/2001/XMLSchema-instance" xsi:noNamespaceSchemaLocation="http://www.dls.ucar.edu/people/ostwald/Metadata/webcat/webcat-record.xsd"><recordID>TECH-NOTE-000-000-000-523</recordID><url>http://www.library.ucar.edu/uhtbin/hyperion-image/DR000523</url><title>NCAR/TN-270+IA - Initialization Of The PSU/NCAR mesoscale model.</title><itemType>REPORT</itemType><accessLevel>EXTENDED PUBLIC</accessLevel><accessionNum>DR000523</accessionNum><description>Initialization Of The PSU/NCAR mesoscale model.PDF</description><fullTitle>Initialization Of The PSU/NCAR mesoscale model.</fullTitle><creator>Errico, Ronald M.</creator><subject>Mathematics, Computer Science</subject><subject>Computer program</subject><subject>Acid deposition</subject><publisher>National Center for Atmospheric Research (U.S.).</publisher><scientificDivision>Atmospheric Analysis and Prediction Division</scientificDivision><dateOfOriginal>1986</dateOfOriginal><dateItemDigitized>2003</dateItemDigitized><source>PDF 10 BkMk</source><format>PDF File, 4553 KB</format><language>English</language><copyright>All uses of library resources, including the digitized collections, should be consistent with U.S. Copyright Law.</copyright></record>