<?xml version="1.0" ?>
<record xmlns:xsi="http://www.w3.org/2001/XMLSchema-instance" xsi:noNamespaceSchemaLocation="http://www.dls.ucar.edu/people/ostwald/Metadata/webcat/webcat-record.xsd"><recordID>TECH-NOTE-000-000-000-232</recordID><url>http://www.library.ucar.edu/uhtbin/hyperion-image/DR000232</url><title>NCAR/TN-421+IA - User's guide to NCAR CCM3.</title><itemType>REPORT</itemType><accessLevel>EXTENDED PUBLIC</accessLevel><accessionNum>DR000232</accessionNum><description>User's guide to NCAR CCM3.PDF</description><fullTitle>User's guide to NCAR CCM3.</fullTitle><creator>Acker, Thomas L.</creator><contributor>Buja, Lawrence E.</contributor><contributor>Rosinski, James M.</contributor><contributor>Truesdale, John E.</contributor><subject>Mathematics, computer science</subject><subject>Community Climate Model 3</subject><publisher>National Center for Atmospheric Research (U.S.).</publisher><scientificDivision>Climate and Global Dynamics Division</scientificDivision><dateOfOriginal>1996</dateOfOriginal><dateItemDigitized>2003</dateItemDigitized><source>PDF 14 BkMk</source><format>PDF File, 11,177 KB</format><language>English</language><copyright>All uses of library resources, including the digitized collections, should be consistent with U.S. Copyright Law.</copyright></record>