<?xml version="1.0" ?>
<record xmlns:xsi="http://www.w3.org/2001/XMLSchema-instance" xsi:noNamespaceSchemaLocation="http://www.dls.ucar.edu/people/ostwald/Metadata/webcat/webcat-record.xsd"><recordID>TECH-NOTE-000-000-000-163</recordID><url>http://www.library.ucar.edu/uhtbin/hyperion-image/DR000163</url><title>NCAR/TN-353+PROC - Workshop on online documentation in the supercomputing environment : working paper.</title><itemType>REPORT</itemType><accessLevel>EXTENDED PUBLIC</accessLevel><accessionNum>DR000163</accessionNum><description>Workshop on online documentation in the supercomputing environment : working paper.PDF</description><fullTitle>Workshop on online documentation in the supercomputing environment : working paper.</fullTitle><subject>Computer science</subject><subject>Supercomputing</subject><subject>Mathematics</subject><publisher>National Center For Atmospheric Research (U.S.).</publisher><publisher>Los Alamos National Laboratory. (U.S.)</publisher><scientificDivision>Scientific Computing Division</scientificDivision><dateOfOriginal>1990</dateOfOriginal><dateItemDigitized>2003</dateItemDigitized><source>PDF 12 BkMk</source><format>PDF File, 8010 KB</format><language>English</language><copyright>All uses of library resources, including the digitized collections, should be consistent with U.S. Copyright Law.</copyright></record>