<?xml version="1.0" ?>
<record xmlns:xsi="http://www.w3.org/2001/XMLSchema-instance" xsi:noNamespaceSchemaLocation="http://www.dls.ucar.edu/people/ostwald/Metadata/webcat/webcat-record.xsd"><recordID>TECH-NOTE-000-000-000-194</recordID><url>http://www.library.ucar.edu/uhtbin/hyperion-image/DR000194</url><title>NCAR/TN-383+IA - Introduction to the UNICOS CCM processor.</title><itemType>REPORT</itemType><accessLevel>EXTENDED PUBLIC</accessLevel><accessionNum>DR000194</accessionNum><description>Introduction to the UNICOS CCM processor.PDF</description><fullTitle>Introduction to the UNICOS CCM processor.</fullTitle><creator>Buja, Lawrence E.</creator><subject>CCM modular processor</subject><subject>Software package</subject><publisher>National Center for Atmospheric Research (U.S.).</publisher><scientificDivision>Climate and Global Dynamics Division</scientificDivision><dateOfOriginal>1992</dateOfOriginal><dateItemDigitized>2003</dateItemDigitized><language>English</language><copyright>All uses of library resources, including the digitized collections, should be consistent with U.S. Copyright Law.</copyright></record>