<?xml version="1.0" ?>
<record xmlns:xsi="http://www.w3.org/2001/XMLSchema-instance" xsi:noNamespaceSchemaLocation="http://www.dls.ucar.edu/people/ostwald/Metadata/webcat/webcat-record.xsd"><recordID>TECH-NOTE-000-000-000-440</recordID><url>http://www.library.ucar.edu/uhtbin/hyperion-image/DR000440</url><title>NCAR/TN-243+STR - Annual cycle part II: the annual variation of precipitation over the United States &amp; Canada. Part 3.</title><itemType>REPORT</itemType><accessLevel>EXTENDED PUBLIC</accessLevel><accessionNum>DR000440</accessionNum><description>Annual cycle part II: annual variation of precipitation over the United States &amp; Canada. Pt 3.PDF</description><fullTitle>The annual cycle part II : the annual variation of precipitation over the United States and Canada. Part 3.</fullTitle><creator>Shea, Dennis J.</creator><subject>Precipitation</subject><subject>United States</subject><subject>Canada</subject><publisher>National Center for Atmospheric Research (U.S.).</publisher><scientificDivision>Atmospheric Analysis and Prediction Division</scientificDivision><dateOfOriginal>1984</dateOfOriginal><dateItemDigitized>2003</dateItemDigitized><source>PDF 16 BkMk</source><format>PDF File, 11,232 KB</format><language>English</language><copyright>All uses of library resources, including the digitized collections, should be consistent with U.S. Copyright Law.</copyright></record>