<?xml version="1.0" ?>
<record xmlns:xsi="http://www.w3.org/2001/XMLSchema-instance" xsi:noNamespaceSchemaLocation="http://www.dls.ucar.edu/people/ostwald/Metadata/webcat/webcat-record.xsd"><recordID>TECH-NOTE-000-000-000-067</recordID><url>http://www.library.ucar.edu/uhtbin/hyperion-image/DR000067</url><title>NCAR/TN-75/1+STR - Airflow and hail growth in supercell storms and some implications for hail suppression</title><itemType>REPORT</itemType><accessLevel>EXTENDED PUBLIC</accessLevel><accessionNum>DR000067</accessionNum><description>Airflow and hail growth in supercell storms and some implications for hail suppression.PDF</description><fullTitle>Airflow and hail growth in supercell storms and some implications for hail suppression.</fullTitle><creator>Browning, K. A.</creator><contributor>Foote, G. B.</contributor><subject>Hail</subject><subject>Hail control</subject><publisher>National Center for Atmospheric Research (U.S.)</publisher><scientificDivision>Laboratory of Atmospheric Sciences</scientificDivision><dateOfOriginal>1975</dateOfOriginal><dateItemDigitized>2003</dateItemDigitized><source>ML Report 02863, 50583010065724, PDF3-BkMk</source><format>PDF File, 7574 KB</format><language>English</language><copyright>All uses of library resources, including the digitized collections, should be consistent with U.S. Copyright Law.</copyright></record>