<?xml version="1.0" ?>
<record xmlns:xsi="http://www.w3.org/2001/XMLSchema-instance" xsi:noNamespaceSchemaLocation="http://www.dls.ucar.edu/people/ostwald/Metadata/webcat/webcat-record.xsd"><recordID>TECH-NOTE-000-000-000-349</recordID><url>http://www.library.ucar.edu/uhtbin/hyperion-image/DR000349</url><title>NCAR/TN-195+STR - Comp. quasi-geostrophic &amp; primitive equation models for stratospheric sudden warming simulations.</title><itemType>REPORT</itemType><accessLevel>EXTENDED PUBLIC</accessLevel><accessionNum>DR000349</accessionNum><description>Comp. quasi-geostrophic &amp; primitive equation models for stratospheric sudden warming simulations.PDF</description><fullTitle>A comparison of quasi-geostrophic and primitive equation models for stratospheric sudden warming simulations.</fullTitle><creator>Daley, Roger</creator><contributor>Branstator, Grant</contributor><subject>Atmospheric phenomena</subject><publisher>National Center for Atmospheric Research (U.S.).</publisher><scientificDivision>Atmospheric Analysis and Prediction Division</scientificDivision><dateOfOriginal>1982</dateOfOriginal><dateItemDigitized>2003</dateItemDigitized><source>PDF 7 BkMk</source><format>PDF File, 2746 KB</format><language>English</language><copyright>All uses of library resources, including the digitized collections, should be consistent with U.S. Copyright Law.</copyright></record>