<?xml version="1.0" ?>
<record xmlns:xsi="http://www.w3.org/2001/XMLSchema-instance" xsi:noNamespaceSchemaLocation="http://www.dls.ucar.edu/people/ostwald/Metadata/webcat/webcat-record.xsd"><recordID>TECH-NOTE-000-000-000-146</recordID><url>http://www.library.ucar.edu/uhtbin/hyperion-image/DR000146</url><title>NCAR/TN-335+IA - PROC02A: enhancements to the PROC02 version of the CCM modular processor.</title><itemType>REPORT</itemType><accessLevel>EXTENDED PUBLIC</accessLevel><accessionNum>DR000146</accessionNum><description>PROC02A: enhancements to the PROC02 version of the CCM modular processor.PDF</description><fullTitle>PROC02A: enhancements to the PROC02 version of the CCM modular processor.</fullTitle><creator>Wolski, Richard J.</creator><subject>Mathematics</subject><subject>Computer science</subject><subject>CCM modular processor</subject><publisher>National Center for Atmospheric Research (U.S.).</publisher><dateOfOriginal>1989</dateOfOriginal><dateItemDigitized>2003</dateItemDigitized><source>PDF 12 BkMk</source><format>PDF File, 2338 KB</format><language>English</language><copyright>All uses of library resources, including the digitized collections, should be consistent with U.S. Copyright Law.</copyright></record>