<?xml version="1.0" ?>
<record xmlns:xsi="http://www.w3.org/2001/XMLSchema-instance" xsi:noNamespaceSchemaLocation="http://www.dls.ucar.edu/people/ostwald/Metadata/webcat/webcat-record.xsd"><recordID>TECH-NOTE-000-000-000-203</recordID><url>http://www.library.ucar.edu/uhtbin/hyperion-image/DR000203</url><title>NCAR/TN-393+PPR - CCM progress report - June 1993.</title><itemType>REPORT</itemType><accessLevel>EXTENDED PUBLIC</accessLevel><accessionNum>DR000203</accessionNum><description>CCM progress report - June 1993.PDF</description><fullTitle>CCM progress report - June 1993.</fullTitle><creator>Williamson, David L.</creator><subject>Atmospheric science</subject><subject>Community climate model</subject><publisher>National Center for Atmospheric Research (U.S.).</publisher><scientificDivision>Climate and Global Dynamics Division.</scientificDivision><dateOfOriginal>1993</dateOfOriginal><dateItemDigitized>2003</dateItemDigitized><language>English</language><copyright>All uses of library resources, including the digitized collections, should be consistent with U.S. Copyright Law.</copyright></record>