<?xml version="1.0" ?>
<record xmlns:xsi="http://www.w3.org/2001/XMLSchema-instance" xsi:noNamespaceSchemaLocation="http://www.dls.ucar.edu/people/ostwald/Metadata/webcat/webcat-record.xsd"><recordID>TECH-NOTE-000-000-000-411</recordID><url>http://www.library.ucar.edu/uhtbin/hyperion-image/DR000411</url><title>NCAR/TN-210+STR - Description of NCAR community climate model (CCMOB).</title><itemType>REPORT</itemType><accessLevel>EXTENDED PUBLIC</accessLevel><accessionNum>DR000411</accessionNum><description>Description of NCAR community climate model (CCMOB).PDF</description><fullTitle>Description of NCAR community climate model (CCMOB).</fullTitle><creator>Williamson, David L.</creator><subject>Scientific computing</subject><subject>CCMOB</subject><publisher>National Center for Atmospheric Research (U.S.).</publisher><scientificDivision>Atmospheric Analysis and Prediction Division</scientificDivision><dateOfOriginal>1983</dateOfOriginal><dateItemDigitized>2003</dateItemDigitized><source>PDF 8 BkMk</source><format>PDF File, 2416 KB</format><language>English</language><copyright>All uses of library resources, including the digitized collections, should be consistent with U.S. Copyright Law.</copyright></record>