<?xml version="1.0" ?>
<record xmlns:xsi="http://www.w3.org/2001/XMLSchema-instance" xsi:noNamespaceSchemaLocation="http://www.dls.ucar.edu/people/ostwald/Metadata/webcat/webcat-record.xsd"><recordID>TECH-NOTE-000-000-000-200</recordID><url>http://www.library.ucar.edu/uhtbin/hyperion-image/DR000200</url><title>NCAR/TN-389+STR - How long is long enough when measuring fluxes and other turbulence statistics?</title><itemType>REPORT</itemType><accessLevel>EXTENDED PUBLIC</accessLevel><accessionNum>DR000200</accessionNum><description>How long is long enough when measuring fluxes and other turbulence statistics?.PDF</description><fullTitle>How long is long enough when measuring fluxes and other turbulence statistics?</fullTitle><creator>Lenschow, D H</creator><contributor>Mann, J</contributor><contributor>Kristensen, L</contributor><subject>Flux measurements</subject><subject>Turbulence statistics</subject><publisher>National Center for Atmospheric Research (U.S.).</publisher><scientificDivision>Mesoscale and Microscale Meteorology Division</scientificDivision><dateOfOriginal>1993</dateOfOriginal><dateItemDigitized>2003</dateItemDigitized><source>PDF 16 BkMk</source><format>PDF File, 2128 KB</format><language>English</language><copyright>All uses of library resources, including the digitized collections, should be consistent with U.S. Copyright Law.</copyright></record>