<?xml version="1.0" ?>
<record xmlns:xsi="http://www.w3.org/2001/XMLSchema-instance" xsi:noNamespaceSchemaLocation="http://www.dls.ucar.edu/people/ostwald/Metadata/webcat/webcat-record.xsd"><recordID>TECH-NOTE-000-000-000-580</recordID><url>http://www.library.ucar.edu/uhtbin/hyperion-image/DR000580</url><title>NCAR/TN-314+STR - HAO-Lowell-AFGL solar stellar spectrophotometer star catalog.</title><itemType>REPORT</itemType><accessLevel>EXTENDED PUBLIC</accessLevel><accessionNum>DR000580</accessionNum><description>HAO-Lowell-AFGL solar stellar spectrophotometer star catalog.PDF</description><fullTitle>HAO-Lowell-AFGL solar stellar spectrophotometer star catalog.</fullTitle><creator>Gilliland, R.</creator><contributor>Fisher, K.</contributor><contributor>Mihalas, D.</contributor><contributor>Fisher, R.</contributor><contributor>Lockwood, W.</contributor><contributor>Radick, R.</contributor><contributor>Ramsey, L.</contributor><subject>Astronomical photometry--Catalogs.</subject><subject>Stars--Atlases.</subject><subject>Solar Stellar Spectrophotometer project.</subject><publisher>National Center for Atmospheric Research (U.S.).</publisher><scientificDivision>High Altitude Observatory.</scientificDivision><dateOfOriginal>1989</dateOfOriginal><dateItemDigitized>2003</dateItemDigitized><source>PDF 11 BkMk</source><format>PDF File, 2449 KB</format><language>English</language><copyright>All uses of library resources, including the digitized collections, should be consistent with U.S. Copyright Law.</copyright></record>