<?xml version="1.0" ?>
<record xmlns:xsi="http://www.w3.org/2001/XMLSchema-instance" xsi:noNamespaceSchemaLocation="http://www.dls.ucar.edu/people/ostwald/Metadata/webcat/webcat-record.xsd"><recordID>TECH-NOTE-000-000-000-276</recordID><url>http://www.library.ucar.edu/uhtbin/hyperion-image/DR000276</url><title>NCAR/TN-127+IA - Description of the general program structure of the third-generation NCAR general circulation model.</title><itemType>REPORT</itemType><accessLevel>EXTENDED PUBLIC</accessLevel><accessionNum>DR000276</accessionNum><description>Description of the general program structure of the third-generation NCAR general circulation model.</description><fullTitle>Description of the general program structure of the third-generation NCAR general circulation model.</fullTitle><creator>Sato, Richard K.</creator><contributor>Browning, Gerald L.</contributor><subject>Atmospheric circulation</subject><subject>Mathematical models</subject><publisher>National Center for Atmospheric Research (U.S.).</publisher><scientificDivision>Atmospheric Analysis and Prediction Division.</scientificDivision><dateOfOriginal>1977</dateOfOriginal><dateItemDigitized>2003</dateItemDigitized><source>PDF5BkMk</source><format>PDF File, 1655 KB</format><language>English</language><copyright>All uses of library resources, including the digitized collections, should be consistent with U.S. Copyright Law.</copyright></record>