<?xml version="1.0" ?>
<record xmlns:xsi="http://www.w3.org/2001/XMLSchema-instance" xsi:noNamespaceSchemaLocation="http://www.dls.ucar.edu/people/ostwald/Metadata/webcat/webcat-record.xsd"><recordID>TECH-NOTE-000-000-000-014</recordID><url>http://www.library.ucar.edu/uhtbin/hyperion-image/DR000014</url><title>NCAR/TN-18+EDD - Preliminary design, ENCAR-1 rocket-borne cryogenic air sampler</title><itemType>REPORT</itemType><accessLevel>EXTENDED PUBLIC</accessLevel><accessionNum>DR000014</accessionNum><description>Preliminary design, ENCAR-1 rocket-borne cryogenic air sampler.PDF</description><fullTitle>Preliminary design, ENCAR-1 rocket-borne cryogenic air sampler.</fullTitle><creator>Denton, E. H.</creator><contributor>Hord, J.</contributor><contributor>Jacobs, R. B.</contributor><contributor>Martell, E. A.</contributor><subject>Atmosphere, upper -- rocket observations</subject><subject>Air sampling apparatus</subject><publisher>National Center for Atmospheric Research (U.S.)</publisher><scientificDivision>Laboratory of Atmospheric Sciences Division</scientificDivision><dateOfOriginal>1966</dateOfOriginal><dateItemDigitized>2003</dateItemDigitized><source>ML Report 02022, 50583010045023, PDF1-BkMk</source><format>PDF file, 6626 KB</format><language>English</language><copyright>All uses of library resources, including the digitized collections, should be consistent with U.S. Copyright Law.</copyright></record>