<?xml version="1.0" ?>
<record xmlns:xsi="http://www.w3.org/2001/XMLSchema-instance" xsi:noNamespaceSchemaLocation="http://www.dls.ucar.edu/people/ostwald/Metadata/webcat/webcat-record.xsd"><recordID>TECH-NOTE-000-000-000-031</recordID><url>http://www.library.ucar.edu/uhtbin/hyperion-image/DR000031</url><title>NCAR/TN-42+EDD - Impact toughness of balloon films</title><itemType>REPORT</itemType><accessLevel>EXTENDED PUBLIC</accessLevel><accessionNum>DR000031</accessionNum><description>Impact toughness of balloon films.PDF</description><fullTitle>Impact toughness of balloon films</fullTitle><subject>Balloon films</subject><subject>Film thickness</subject><publisher>National Center for Atmospheric Research (U.S.)</publisher><publisher>Hauser Research and Engineering Company</publisher><scientificDivision>Scientific Balloon Facility</scientificDivision><dateOfOriginal>1969</dateOfOriginal><dateOfOriginal>1969</dateOfOriginal><dateItemDigitized>2003</dateItemDigitized><source>ML Report 02867, 50583010065955, PDF2BkMk</source><format>PDF file, 1366 KB</format><language>English</language><copyright>All uses of library resources, including the digitized collections, should be consistent with U.S. Copyright Law.</copyright></record>