<?xml version="1.0" ?>
<record xmlns:xsi="http://www.w3.org/2001/XMLSchema-instance" xsi:noNamespaceSchemaLocation="http://www.dls.ucar.edu/people/ostwald/Metadata/webcat/webcat-record.xsd"><recordID>TECH-NOTE-000-000-000-217</recordID><url>http://www.library.ucar.edu/uhtbin/hyperion-image/DR000217</url><title>NCAR/TN-402+STR - Dispersion of smoke plumes from the oil fires of Kuwait.</title><itemType>REPORT</itemType><accessLevel>EXTENDED PUBLIC</accessLevel><accessionNum>DR000217</accessionNum><description>Dispersion of smoke plumes from the oil fires of Kuwait.PDF</description><fullTitle>Dispersion of smoke plumes from the oil fires of Kuwait.</fullTitle><creator>Cooper, William A.</creator><subject>Smoke plumes</subject><subject>Kuwait</subject><publisher>National Center for Atmospheric Research (U.S.).</publisher><scientificDivision>Mesoscale and Microscale Meteorology Division</scientificDivision><dateOfOriginal>1994</dateOfOriginal><dateItemDigitized>2003</dateItemDigitized><source>PDF 14 BkMk</source><format>PDF File, 3449 KB</format><language>English</language><copyright>All uses of library resources, including the digitized collections, should be consistent with U.S. Copyright Law.</copyright></record>