<?xml version="1.0" ?>
<record xmlns:xsi="http://www.w3.org/2001/XMLSchema-instance" xsi:noNamespaceSchemaLocation="http://www.dls.ucar.edu/people/ostwald/Metadata/webcat/webcat-record.xsd"><recordID>TECH-NOTE-000-000-000-222</recordID><url>http://www.library.ucar.edu/uhtbin/hyperion-image/DR000222</url><title>NCAR/TN-408+STR - ELDORA data user's guide for TOGA COARE.</title><itemType>REPORT</itemType><accessLevel>EXTENDED PUBLIC</accessLevel><accessionNum>DR000222</accessionNum><description>ELDORA data user's guide for TOGA COARE.PDF</description><fullTitle>ELDORA data user's guide for TOGA COARE.</fullTitle><creator>Hildebrand, Peter H.</creator><contributor>Rilling, Robert</contributor><contributor>Oye, Richard</contributor><subject>Radar system configuration</subject><subject>Electra Doppler RAdar</subject><publisher>National Center for Atmospheric Research (U.S.).</publisher><scientificDivision>Atmospheric Technology Division</scientificDivision><dateOfOriginal>1994</dateOfOriginal><dateItemDigitized>2003</dateItemDigitized><source>PDF 14 BkMk</source><format>PDF File, 1520 KB</format><language>English</language><copyright>All uses of library resources, including the digitized collections, should be consistent with U.S. Copyright Law.</copyright></record>