<?xml version="1.0" ?>
<record xmlns:xsi="http://www.w3.org/2001/XMLSchema-instance" xsi:noNamespaceSchemaLocation="http://www.dls.ucar.edu/people/ostwald/Metadata/webcat/webcat-record.xsd"><recordID>TECH-NOTE-000-000-000-215</recordID><url>http://www.library.ucar.edu/uhtbin/hyperion-image/DR000215</url><title>NCAR/TN-400+IA - NCAR/RAF VMEbus interface for the particle measuring systems optical array grey probe.</title><itemType>REPORT</itemType><accessLevel>EXTENDED PUBLIC</accessLevel><accessionNum>DR000215</accessionNum><description>NCAR/RAF VMEbus interface for the particle measuring systems optical array grey probe.PDF</description><fullTitle>NCAR/RAF VMEbus interface for the particle measuring systems optical array grey probe.</fullTitle><creator>Pelk, Jerry V.</creator><subject>Optical array grey probe</subject><subject>Ice particles</subject><publisher>National Center for Atmospheric Research (U.S.).</publisher><scientificDivision>Atmospheric Technology Division</scientificDivision><scientificDivision>Research Aviation Facility</scientificDivision><dateOfOriginal>1993</dateOfOriginal><dateItemDigitized>2003</dateItemDigitized><source>PDF 14 BkMk</source><format>PDF File, 2061 KB</format><language>English</language><copyright>All uses of library resources, including the digitized collections, should be consistent with U.S. Copyright Law.</copyright></record>