<?xml version="1.0" ?>
<record xmlns:xsi="http://www.w3.org/2001/XMLSchema-instance" xsi:noNamespaceSchemaLocation="http://www.dls.ucar.edu/people/ostwald/Metadata/webcat/webcat-record.xsd"><recordID>TECH-NOTE-000-000-000-503</recordID><url>http://www.library.ucar.edu/uhtbin/hyperion-image/DR000503</url><title>NCAR/TN-251+STR - Solar coronal white light, Fe X, Fe XIV &amp; Ca XV observations during 1984 : atlas of synoptic charts.</title><itemType>REPORT</itemType><accessLevel>EXTENDED PUBLIC</accessLevel><accessionNum>DR000503</accessionNum><description>Solar coronal white light, Fe X, Fe XIV &amp; Ca XV observs. during 1984 : atlas of synoptic charts.PDF</description><fullTitle>Solar coronal white light, Fe X, Fe XIV and Ca XV observations during 1984 : an atlas of synoptic charts.</fullTitle><creator>Sime, D. G.</creator><contributor>Fisher, R. R.</contributor><contributor>Altrock, R. C.</contributor><subject>Synoptic observations</subject><subject>Solar corona</subject><publisher>National Center for Atmospheric Research (U.S.).</publisher><scientificDivision>High Altitude Observatory</scientificDivision><dateOfOriginal>1985</dateOfOriginal><dateItemDigitized>2003</dateItemDigitized><source>PDF 10 BkMk</source><format>PDF File, 3408 KB</format><language>English</language><copyright>All uses of library resources, including the digitized collections, should be consistent with U.S. Copyright Law.</copyright></record>