<?xml version="1.0" ?>
<record xmlns:xsi="http://www.w3.org/2001/XMLSchema-instance" xsi:noNamespaceSchemaLocation="http://www.dls.ucar.edu/people/ostwald/Metadata/webcat/webcat-record.xsd"><recordID>TECH-NOTE-000-000-000-574</recordID><url>http://www.library.ucar.edu/uhtbin/hyperion-image/DR000574</url><title>NCAR/TN-302+STR - Circulation statistics from seasonal and perpetual January and July simulations with (CCM1):R15</title><itemType>REPORT</itemType><accessLevel>EXTENDED PUBLIC</accessLevel><accessionNum>DR000574</accessionNum><description>Circulation statistics from seasonal and perpetual January and July simulations with (CCM1):R15.PDF</description><fullTitle>Circulation statistics from seasonal and perpetual January and July simulations with the NCAR community climate model (CCM1):R15.</fullTitle><creator>Williamson, Gloria S.</creator><contributor>Williamson, David L.</contributor><subject>Atmospheric science</subject><subject>Circulation statistics</subject><publisher>National Center for Atmospheric Research (U.S.).</publisher><scientificDivision>Climate and Global Dynamics Division</scientificDivision><dateOfOriginal>1987</dateOfOriginal><dateItemDigitized>2003</dateItemDigitized><source>PDF 11 BkMk</source><format>PDF File, 8655 KB</format><language>English</language><copyright>All uses of library resources, including the digitized collections, should be consistent with U.S. Copyright Law.</copyright></record>