<?xml version="1.0" ?>
<record xmlns:xsi="http://www.w3.org/2001/XMLSchema-instance" xsi:noNamespaceSchemaLocation="http://www.dls.ucar.edu/people/ostwald/Metadata/webcat/webcat-record.xsd"><recordID>TECH-NOTE-000-000-000-293</recordID><url>http://www.library.ucar.edu/uhtbin/hyperion-image/DR000293</url><title>NCAR/TN-143+STR - Scientific research with high-altitude balloons : a brief review of recent investigations.</title><itemType>REPORT</itemType><accessLevel>EXTENDED PUBLIC</accessLevel><accessionNum>DR000293</accessionNum><description>Scientific research with high-altitude balloons : a brief review of recent investigations.PDF</description><fullTitle>Scientific research with high-altitude balloons : a brief review of recent investigations.</fullTitle><creator>Muller, D.</creator><contributor>Kniffen, D.</contributor><contributor>Fazio, G.</contributor><contributor>Heidt, L.</contributor><contributor>Lewin, W.</contributor><contributor>Pelling, M.</contributor><contributor>White, S.</contributor><subject>Balloons</subject><subject>Atmospheric research</subject><publisher>National Center for Atmospheric Research (U.S.)</publisher><scientificDivision>Atmospheric Technology Division</scientificDivision><dateOfOriginal>1980</dateOfOriginal><dateItemDigitized>2003</dateItemDigitized><source>ML Report 03003, PDF6BkMk</source><format>PDF File, 2410</format><language>English</language><copyright>All uses of library resources, including the digitized collections, should be consistent with U.S. Copyright Law.</copyright></record>