<?xml version="1.0" ?>
<record xmlns:xsi="http://www.w3.org/2001/XMLSchema-instance" xsi:noNamespaceSchemaLocation="http://www.dls.ucar.edu/people/ostwald/Metadata/webcat/webcat-record.xsd"><recordID>TECH-NOTE-000-000-000-313</recordID><url>http://www.library.ucar.edu/uhtbin/hyperion-image/DR000313</url><title>NCAR/TN/155+IA - Storing, retrieving, and editing programs.</title><itemType>REPORT</itemType><accessLevel>EXTENDED PUBLIC</accessLevel><accessionNum>DR000313</accessionNum><description>Storing, retrieving, and editing programs.PDF</description><fullTitle>Storing, retrieving, and editing programs.</fullTitle><creator>Kennison, David</creator><contributor>Rew, Russell</contributor><contributor>Walsh, Jo</contributor><contributor>Besen, Linda, editor.</contributor><subject>File storage</subject><subject>Computer programs</subject><publisher>National Center for Atmospheric Research (U.S.).</publisher><scientificDivision>Atmospheric Technology Division</scientificDivision><dateOfOriginal>1981</dateOfOriginal><dateItemDigitized>2003</dateItemDigitized><source>ML Report 03039, PDF6BkMk</source><format>PDF File, 4313 KB</format><language>English</language><copyright>All uses of library resources, including the digitized collections, should be consistent with U.S. Copyright Law.</copyright></record>