<?xml version="1.0" ?>
<record xmlns:xsi="http://www.w3.org/2001/XMLSchema-instance" xsi:noNamespaceSchemaLocation="http://www.dls.ucar.edu/people/ostwald/Metadata/webcat/webcat-record.xsd"><recordID>TECH-NOTE-000-000-000-381</recordID><url>http://www.library.ucar.edu/uhtbin/hyperion-image/DR000381</url><title>NCAR/TN-438+PROC - Workshop on numerical modeling and physical reality.</title><itemType>REPORT</itemType><accessLevel>EXTENDED PUBLIC</accessLevel><accessionNum>DR000381</accessionNum><description>Workshop on numerical modeling and physical reality.PDF</description><fullTitle>Workshop on numerical modeling and physical reality.</fullTitle><subject>Geophysical turbulence</subject><publisher>National Center for Atmospheric Research (U.S.).</publisher><scientificDivision>Advanced Study Program.</scientificDivision><dateOfOriginal>1997</dateOfOriginal><dateItemDigitized>2003</dateItemDigitized><source>PDF 15 BkMk</source><format>PDF File, 2034 KB</format><language>English</language><copyright>All uses of library resources, including the digitized collections, should be consistent with U.S. Copyright Law.</copyright></record>