<?xml version="1.0" ?>
<record xmlns:xsi="http://www.w3.org/2001/XMLSchema-instance" xsi:noNamespaceSchemaLocation="http://www.dls.ucar.edu/people/ostwald/Metadata/webcat/webcat-record.xsd"><recordID>TECH-NOTE-000-000-000-289</recordID><url>http://www.library.ucar.edu/uhtbin/hyperion-image/DR000289</url><title>NCAR/TN-139+STR - Field observations of the kinematics of hailstones.</title><itemType>REPORT</itemType><accessLevel>EXTENDED PUBLIC</accessLevel><accessionNum>DR000289</accessionNum><description>Field observations of the kinematics of hailstones.PDF</description><fullTitle>Field observations of the kinematics of hailstones.</fullTitle><creator>Matson, Richard</creator><contributor>Huggins, Arlen W.</contributor><subject>Hailstones</subject><publisher>National Center for Atmospheric Research (U.S.)</publisher><scientificDivision>Convective Storms Division</scientificDivision><dateOfOriginal>1979</dateOfOriginal><dateItemDigitized>2003</dateItemDigitized><source>ML Report 02980, PDF5BkMk</source><format>PDF File, 3559 KB</format><language>English</language><copyright>All uses of library resources, including the digitized collections, should be consistent with U.S. Copyright Law.</copyright></record>