<?xml version="1.0" ?>
<record xmlns:xsi="http://www.w3.org/2001/XMLSchema-instance" xsi:noNamespaceSchemaLocation="http://www.dls.ucar.edu/people/ostwald/Metadata/webcat/webcat-record.xsd"><recordID>TECH-NOTE-000-000-000-162</recordID><url>http://www.library.ucar.edu/uhtbin/hyperion-image/DR000162</url><title>NCAR/TN-352+STR - A Catalogue of mass ejections observed by the solar maximum mission coronagraph.</title><itemType>REPORT</itemType><accessLevel>EXTENDED PUBLIC</accessLevel><accessionNum>DR000162</accessionNum><description>A Catalogue of mass ejections observed by the solar maximum mission coronagraph.PDF</description><fullTitle>A Catalogue of mass ejections observed by the solar maximum mission coronagraph.</fullTitle><creator>St. Cyr, O. C.</creator><contributor>Burkepile, J. T.</contributor><subject>Astronomy</subject><subject>Astrophysics</subject><subject>Solar maximum mission</subject><publisher>National Center for Atmospheric Research (U.S.).</publisher><scientificDivision>High Altitude Observatory</scientificDivision><dateOfOriginal>1990</dateOfOriginal><dateItemDigitized>2003</dateItemDigitized><source>PDF 12 BkMk</source><format>PDF File, 4049 KB</format><language>English</language><copyright>All uses of library resources, including the digitized collections, should be consistent with U.S. Copyright Law.</copyright></record>