<?xml version="1.0" ?>
<record xmlns:xsi="http://www.w3.org/2001/XMLSchema-instance" xsi:noNamespaceSchemaLocation="http://www.dls.ucar.edu/people/ostwald/Metadata/webcat/webcat-record.xsd"><recordID>TECH-NOTE-000-000-000-094</recordID><url>http://www.library.ucar.edu/uhtbin/hyperion-image/DR000094</url><title>Balloon stress-band analysis - PART 1.</title><itemType>REPORT</itemType><accessLevel>EXTENDED PUBLIC</accessLevel><accessionNum>DR000094</accessionNum><description>Balloon stress-band analysis - PART 1.PDF</description><fullTitle>Balloon stress-band analysis - PART 1.</fullTitle><creator>Baker, Harold L.</creator><subject>Balloon stress</subject><subject>Balloon technology</subject><publisher>National Center for Atmospheric Research (U.S.)</publisher><scientificDivision>Scientific Balloon Facility</scientificDivision><dateOfOriginal>1966</dateOfOriginal><dateItemDigitized>2003</dateItemDigitized><source>ML Report 02500, 50583010058224, PDF1BkMk</source><format>PDF File, 8789 KB</format><language>English</language><copyright>All uses of library resources, including the digitized collections, should be consistent with U.S. Copyright Law.</copyright></record>