<?xml version="1.0" ?>
<record xmlns:xsi="http://www.w3.org/2001/XMLSchema-instance" xsi:noNamespaceSchemaLocation="http://www.dls.ucar.edu/people/ostwald/Metadata/webcat/webcat-record.xsd"><recordID>TECH-NOTE-000-000-000-004</recordID><url>http://www.library.ucar.edu/uhtbin/hyperion-image/DR000004</url><title>NCAR/TN-3+EDD - Non-standard tests for balloon materials</title><itemType>REPORT</itemType><accessLevel>EXTENDED PUBLIC</accessLevel><accessionNum>DR000004</accessionNum><description>Non-standard tests for balloon materials.PDF</description><fullTitle>Non-standard tests for balloon materials.</fullTitle><fullDescription>FRB-3-64</fullDescription><subject>Balloon materials</subject><subject>Non-standard tests</subject><publisher>National Center for Atmospheric Research (U.S.).</publisher><publisher>Hauser Research and Engineering Company</publisher><scientificDivision>Scientific Balloon Facility</scientificDivision><dateOfOriginal>1964</dateOfOriginal><dateItemDigitized>2003</dateItemDigitized><source>ML Reports 02602, 50583010059750, PDF1-BkMk</source><format>PDF file, 1824 KB</format><language>English</language><copyright>All uses of library resources, including the digitized collections, should be consistent with U.S. Copyright Law.</copyright></record>