<?xml version="1.0" ?>
<record xmlns:xsi="http://www.w3.org/2001/XMLSchema-instance" xsi:noNamespaceSchemaLocation="http://www.dls.ucar.edu/people/ostwald/Metadata/webcat/webcat-record.xsd"><recordID>TECH-NOTE-000-000-000-011</recordID><url>http://www.library.ucar.edu/uhtbin/hyperion-image/DR000011</url><title>NCAR/TN-15+EDD - Strength characteristics of Grace Cryovac YH polypropylene film</title><itemType>REPORT</itemType><accessLevel>EXTENDED PUBLIC</accessLevel><accessionNum>DR000011</accessionNum><description>Strength characteristics of Grace Cryovac YH polypropylene film.PDF</description><fullTitle>Strength characteristics of Grace Cryovac YH polypropylene film.</fullTitle><subject>Balloon materials</subject><subject>Plastic films testing</subject><publisher>National Center for Atmospheric Research (U.S.)</publisher><publisher>Hauser Research and Engineering Company</publisher><scientificDivision>Scientific Balloon Facility</scientificDivision><dateOfOriginal>1966</dateOfOriginal><dateItemDigitized>2003</dateItemDigitized><source>ML Report O2533, 50583010058554, PDF1-BkMk</source><format>PDF file, 536 KB</format><language>English</language><copyright>All uses of library resources, including the digitized collections, should be consistent with U.S. Copyright Law.</copyright></record>