<?xml version="1.0" ?>
<record xmlns:xsi="http://www.w3.org/2001/XMLSchema-instance" xsi:noNamespaceSchemaLocation="http://www.dls.ucar.edu/people/ostwald/Metadata/webcat/webcat-record.xsd"><recordID>TECH-NOTE-000-000-000-050</recordID><url>http://www.library.ucar.edu/uhtbin/hyperion-image/DR000050</url><title>NCAR/TN-63-2+STR - A Survey of difference methods for non-steady fluid dynamics</title><itemType>REPORT</itemType><accessLevel>EXTENDED PUBLIC</accessLevel><accessionNum>DR000050</accessionNum><description>A Survey of difference methods for non-steady fluid dynamics.PDF</description><fullTitle>A Survey of difference methods for non-steady fluid dynamics</fullTitle><creator>Richtmyer, Robert D.</creator><subject>Fluid dynamics</subject><subject>Atmospheric sciences</subject><publisher>National Center for Atmospheric Research (U.S.)</publisher><scientificDivision>Atmospheric Technology Division</scientificDivision><dateOfOriginal>1962</dateOfOriginal><dateItemDigitized>2003</dateItemDigitized><source>ML Report 02123, 50583010294100, PDF2BkMk</source><format>PDF file, 898 KB</format><language>English</language><copyright>All uses of library resources, including the digitized collections, should be consistent with U.S. Copyright Law.</copyright></record>