<?xml version="1.0" ?>
<record xmlns:xsi="http://www.w3.org/2001/XMLSchema-instance" xsi:noNamespaceSchemaLocation="http://www.dls.ucar.edu/people/ostwald/Metadata/webcat/webcat-record.xsd"><recordID>TECH-NOTE-000-000-000-501</recordID><url>http://www.library.ucar.edu/uhtbin/hyperion-image/DR000501</url><title>NCAR/TN-248+IA - Desc &amp; op / CHISQMO, INVRTS, VOIGEN, VOIGTV, SMEAR, RUFF &amp; POSCAR in the stokes anal. prog.</title><itemType>REPORT</itemType><accessLevel>EXTENDED PUBLIC</accessLevel><accessionNum>DR000501</accessionNum><description>Desc &amp; op / CHISQMO, INVRTS, VOIGEN, VOIGTV, SMEAR, RUFF &amp; POSCAR in the stokes anal prog.PDF</description><fullTitle>Description and operation of CHISQMO, INVRTS, VOIGEN, VOIGTV, SMEAR, RUFF, and POSCAR in the stokes analysis program.</fullTitle><creator>Lites, Bruce W.</creator><contributor>Skumanich, Andrew</contributor><subject>Stokes anlaysis program</subject><subject>CHISQMO</subject><publisher>National Center for Atmospheric Research (U.S.).</publisher><scientificDivision>High Altitude Observatory</scientificDivision><dateOfOriginal>1985</dateOfOriginal><dateItemDigitized>2003</dateItemDigitized><source>PDF 10 BkMk</source><format>PDF File, 750 KB</format><language>English</language><copyright>All uses of library resources, including the digitized collections, should be consistent with U.S. Copyright Law.</copyright></record>