<?xml version="1.0" ?>
<record xmlns:xsi="http://www.w3.org/2001/XMLSchema-instance" xsi:noNamespaceSchemaLocation="http://www.dls.ucar.edu/people/ostwald/Metadata/webcat/webcat-record.xsd"><recordID>TECH-NOTE-000-000-000-360</recordID><url>http://www.library.ucar.edu/uhtbin/hyperion-image/DR000360</url><title>NCAR/TN-203+STR - The mechanism of meteorological noise.</title><itemType>REPORT</itemType><accessLevel>EXTENDED PUBLIC</accessLevel><accessionNum>DR000360</accessionNum><description>The mechanism of meteorological noise.</description><fullTitle>The mechanism of meteorological noise.</fullTitle><creator>Hinkelmann, K.</creator><contributor>Rasch, Philip</contributor><contributor>Kiehl, Jeffrey</contributor><contributor>Wyman, James William</contributor><subject>Meteorological noise</subject><publisher>National Center for Atmospheric Research (U.S.).</publisher><scientificDivision>Advanced Study Program</scientificDivision><dateOfOriginal>1983</dateOfOriginal><dateItemDigitized>2003</dateItemDigitized><source>PDF 7 BkMk</source><format>PDF File, 903 KB</format><language>English</language><copyright>All uses of library resources, including the digitized collections, should be consistent with U.S. Copyright Law.</copyright></record>