<?xml version="1.0" ?>
<record xmlns:xsi="http://www.w3.org/2001/XMLSchema-instance" xsi:noNamespaceSchemaLocation="http://www.dls.ucar.edu/people/ostwald/Metadata/webcat/webcat-record.xsd"><recordID>TECH-NOTE-000-000-000-161</recordID><url>http://www.library.ucar.edu/uhtbin/hyperion-image/DR000161</url><title>NCAR/TN-351+PPR - CCM progress report--July 1990.</title><itemType>REPORT</itemType><accessLevel>EXTENDED PUBLIC</accessLevel><accessionNum>DR000161</accessionNum><description>CCM progress report--July 1990.PDF</description><fullTitle>CCM progress report--July 1990.</fullTitle><contributor>Williamson, David L., editor.</contributor><subject>Community climate model</subject><subject>Atmospheric science</subject><publisher>National Center for Atmospheric Research (U.S.).</publisher><scientificDivision>Climate and Global Dynamics Division</scientificDivision><dateOfOriginal>1990</dateOfOriginal><dateItemDigitized>2003</dateItemDigitized><source>PDF 12 BkMk</source><format>PDF File, 5942 KB</format><language>English</language><copyright>All uses of library resources, including the digitized collections, should be consistent with U.S. Copyright Law.</copyright></record>