<?xml version="1.0" ?>
<record xmlns:xsi="http://www.w3.org/2001/XMLSchema-instance" xsi:noNamespaceSchemaLocation="http://www.dls.ucar.edu/people/ostwald/Metadata/webcat/webcat-record.xsd"><recordID>TECH-NOTE-000-000-000-079</recordID><url>http://www.library.ucar.edu/uhtbin/hyperion-image/DR000079</url><title>GHOST Balloon Data Vol. I: Introduction.</title><itemType>REPORT</itemType><accessLevel>EXTENDED PUBLIC</accessLevel><accessionNum>DR000079</accessionNum><description>GHOST Balloon Data Vol. I: Introduction.PDF</description><fullTitle>GHOST Balloon Data Vol. I: Introduction.</fullTitle><creator>Solot, Samuel B.</creator><subject>Balloons, Sounding</subject><subject>Balloon data</subject><publisher>National Center for Atmospheric Research (U.S.)</publisher><scientificDivision>Scientific Balloon Facility</scientificDivision><dateOfOriginal>1968</dateOfOriginal><dateItemDigitized>2003</dateItemDigitized><source>ML Report 02173, PDF2BkMk</source><format>PDF File, 1208 KB</format><language>English</language><copyright>All uses of library resources, including the digitized collections, should be consistent with U.S. Copyright Law.</copyright></record>