<?xml version="1.0" ?>
<record xmlns:xsi="http://www.w3.org/2001/XMLSchema-instance" xsi:noNamespaceSchemaLocation="http://www.dls.ucar.edu/people/ostwald/Metadata/webcat/webcat-record.xsd"><recordID>TECH-NOTE-000-000-000-083</recordID><url>http://www.library.ucar.edu/uhtbin/hyperion-image/DR000083</url><title>Seminar on possible responses of weather phenomena to variable extra-terrestrial influences - PART 1</title><itemType>REPORT</itemType><accessLevel>EXTENDED PUBLIC</accessLevel><accessionNum>DR000083</accessionNum><description>Seminar on possible responses of weather phenomena to variable extra-terrestrial influences - PART 1</description><fullTitle>Seminar on possible responses of weather phenomena to variable extra-terrestrial influences - PART 1.</fullTitle><creator>Kutzbach, John E., editor.</creator><contributor>Shakeshaft, Emmy H., assistant editor.</contributor><subject>Weather</subject><subject>Meteorology</subject><publisher>National Center for Atmospheric Research (U.S.)</publisher><scientificDivision>High Altitude Observatory</scientificDivision><dateOfOriginal>1965</dateOfOriginal><dateItemDigitized>2003</dateItemDigitized><source>ML Report 03422, 50583010119034, PDF1BkMk</source><format>PDF File, 5695 KB</format><language>English</language><copyright>All uses of library resources, including the digitized collections, should be consistent with U.S. Copyright Law.</copyright></record>