<?xml version="1.0" ?>
<record xmlns:xsi="http://www.w3.org/2001/XMLSchema-instance" xsi:noNamespaceSchemaLocation="http://www.dls.ucar.edu/people/ostwald/Metadata/webcat/webcat-record.xsd"><recordID>TECH-NOTE-000-000-000-507</recordID><url>http://www.library.ucar.edu/uhtbin/hyperion-image/DR000507</url><title>NCAR/TN-255+STR - Reconstructing a function by circular harmonic analysis of its radon transform.</title><itemType>REPORT</itemType><accessLevel>EXTENDED PUBLIC</accessLevel><accessionNum>DR000507</accessionNum><description>Reconstructing a function by circular harmonic analysis of its radon transform.PDF</description><fullTitle>Reconstructing a function by circular harmonic analysis of its radon transform.</fullTitle><creator>Perry, R. Michael</creator><subject>Radon transform</subject><publisher>National Center for Atmospheric Research (U.S.).</publisher><scientificDivision>High Altitude Observatory</scientificDivision><dateOfOriginal>1985</dateOfOriginal><dateItemDigitized>2003</dateItemDigitized><source>PDF 10 BkMk</source><format>PDF File, 569 KB</format><language>English</language><copyright>All uses of library resources, including the digitized collections, should be consistent with U.S. Copyright Law.</copyright></record>