<?xml version="1.0" ?>
<record xmlns:xsi="http://www.w3.org/2001/XMLSchema-instance" xsi:noNamespaceSchemaLocation="http://www.dls.ucar.edu/people/ostwald/Metadata/webcat/webcat-record.xsd"><recordID>TECH-NOTE-000-000-000-571</recordID><url>http://www.library.ucar.edu/uhtbin/hyperion-image/DR000571</url><title>NCAR/TN-298+PROC - Conversations with Jule Charney.</title><itemType>REPORT</itemType><accessLevel>EXTENDED PUBLIC</accessLevel><accessionNum>DR000571</accessionNum><description>Conversations with Jule Charney.PDF</description><fullDescription>This report is unavailable in electronic format but is available from the NCAR Library in paper format. Contact 303.497.1180 or ncarref@ucar.edu for more information.</fullDescription></record>