<?xml version="1.0" ?>
<record xmlns:xsi="http://www.w3.org/2001/XMLSchema-instance" xsi:noNamespaceSchemaLocation="http://www.dls.ucar.edu/people/ostwald/Metadata/webcat/webcat-record.xsd"><recordID>TECH-NOTE-000-000-000-039</recordID><url>http://www.library.ucar.edu/uhtbin/hyperion-image/DR000039</url><title>NCAR/TN-51+PROC - Modern developments in the theory of the general ocean circulation--a symposium</title><itemType>REPORT</itemType><accessLevel>EXTENDED PUBLIC</accessLevel><accessionNum>DR000039</accessionNum><description>Modern developments in the theory of the general ocean circulation--a symposium.PDF</description><fullTitle>Modern developments in the theory of the general ocean circulation--a symposium</fullTitle><creator>Schulman, Elliott</creator><subject>Ocean circulation</subject><publisher>National Center for Atmospheric Research (U.S.)</publisher><scientificDivision>Advanced Study Program</scientificDivision><dateOfOriginal>1970</dateOfOriginal><dateItemDigitized>2003</dateItemDigitized><source>ML Report 02045, 50583010045171, PDF2BkMk</source><format>PDF file, 2853 KB</format><language>English</language><copyright>All uses of library resources, including the digitized collections, should be consistent with U.S. Copyright Law.</copyright></record>