<?xml version="1.0" ?>
<record xmlns:xsi="http://www.w3.org/2001/XMLSchema-instance" xsi:noNamespaceSchemaLocation="http://www.dls.ucar.edu/people/ostwald/Metadata/webcat/webcat-record.xsd"><recordID>TECH-NOTE-000-000-000-432</recordID><url>http://www.library.ucar.edu/uhtbin/hyperion-image/DR000432</url><title>NCAR/TN-235+STR - Comparison of winds derived from the LIMS satellite instrument with rocket observations.</title><itemType>REPORT</itemType><accessLevel>EXTENDED PUBLIC</accessLevel><accessionNum>DR000432</accessionNum><description>Comparison of winds derived from the LIMS satellite instrument with rocket observations.PDF</description><fullTitle>Comparison of winds derived from the LIMS satellite instrument with rocket observations.</fullTitle><creator>Smith, Anne K.</creator><subject>Limb Infrared Monitor of the Stratosphere</subject><subject>Wind measurements</subject><publisher>National Center for Atmospheric Research (U.S.).</publisher><scientificDivision>Advanced Study Program.</scientificDivision><dateOfOriginal>1984</dateOfOriginal><dateItemDigitized>2003</dateItemDigitized><source>PDF 8 BkMk</source><format>PDF File, 1649 KB</format><language>English</language><copyright>All uses of library resources, including the digitized collections, should be consistent with U.S. Copyright Law.</copyright></record>