<?xml version="1.0" ?>
<record xmlns:xsi="http://www.w3.org/2001/XMLSchema-instance" xsi:noNamespaceSchemaLocation="http://www.dls.ucar.edu/people/ostwald/Metadata/webcat/webcat-record.xsd"><recordID>TECH-NOTE-000-000-000-484</recordID><url>http://www.library.ucar.edu/uhtbin/hyperion-image/DR000484</url><title>NCAR/TN-237+IA - Instructor's handbook on meteorological instrumentation. Part 1.</title><itemType>REPORT</itemType><accessLevel>EXTENDED PUBLIC</accessLevel><accessionNum>DR000484</accessionNum><description>Instructor's handbook on meteorological instrumentation. Part 1.PDF</description><fullTitle>Instructor's handbook on meteorological instrumentation. Part 1.</fullTitle><contributor>Brock, F. V., editor.</contributor><contributor>Nicolaidis, C. E., editor.</contributor><subject>Meteoroloigcal instrumentation</subject><publisher>National Center for Atmospheric Research (U.S.).</publisher><scientificDivision>Atmospheric Technology Division</scientificDivision><dateOfOriginal>1985</dateOfOriginal><dateItemDigitized>2003</dateItemDigitized><source>PDF 10 BkMk</source><format>PDF File, 12,465 KB</format><language>English</language><copyright>All uses of library resources, including the digitized collections, should be consistent with U.S. Copyright Law.</copyright></record>