<?xml version="1.0" ?>
<record xmlns:xsi="http://www.w3.org/2001/XMLSchema-instance" xsi:noNamespaceSchemaLocation="http://www.dls.ucar.edu/people/ostwald/Metadata/webcat/webcat-record.xsd"><recordID>TECH-NOTE-000-000-000-624</recordID><url>http://www.library.ucar.edu/uhtbin/hyperion-image/DR000624</url><title>NCAR/TN-168+STR - Summer MONEX U.S. Research Flight Missions, May-July 1979. Part 1.</title><itemType>REPORT</itemType><accessLevel>EXTENDED PUBLIC</accessLevel><accessionNum>DR000624</accessionNum><description>Summer MONEX U.S. Research Flight Missions, May-July 1979. Part 1.PDF</description><fullTitle>Summer MONEX U.S. Research Flight Missions, May-July 1979. Part 1.</fullTitle><creator>Bolhofer, William</creator><contributor>Chambers, Mary</contributor><contributor>Frey, Dean</contributor><contributor>Kuettner, Joachim</contributor><contributor>Unninayar, Sushil</contributor><subject>MONEX</subject><subject>Flight missions</subject><publisher>National Center for Atmospheric Research (U.S.).</publisher><scientificDivision>U.S. MONEX Project Office</scientificDivision><dateOfOriginal>1981</dateOfOriginal><dateItemDigitized>2003</dateItemDigitized><format>PDF File, 10,327 KB</format><language>English</language><copyright>All uses of library resources, including the digitized collections, should be consistent with U.S. Copyright Law.</copyright></record>