<?xml version="1.0" ?>
<record xmlns:xsi="http://www.w3.org/2001/XMLSchema-instance" xsi:noNamespaceSchemaLocation="http://www.dls.ucar.edu/people/ostwald/Metadata/webcat/webcat-record.xsd"><recordID>TECH-NOTE-000-000-000-002</recordID><url>http://www.library.ucar.edu/uhtbin/hyperion-image/DR000002</url><title>NCAR/TN-6+EDD - Aircraft and instrumentation in atmospheric research - Part 1</title><itemType>REPORT</itemType><accessLevel>EXTENDED PUBLIC</accessLevel><accessionNum>DR000002</accessionNum><description>Aircraft and instrumentation in atmospheric research - PART 1.PDF</description><fullTitle>Aircraft and instrumentation in atmospheric research PART 1.</fullTitle><subject>Aircraft instrumentation</subject><subject>Meteorological instruments</subject><subject>Aeronautical instruments</subject><publisher>National Center for Atmospheric Research (U.S.).</publisher><scientificDivision>Research Aviation Facility</scientificDivision><dateOfOriginal>1970</dateOfOriginal><dateItemDigitized>2003</dateItemDigitized><source>ML Report 02382, 50583010056665, PDF1-BkMk</source><format>PDF file, 8541 KB</format><language>English</language><copyright>All uses of library resources, including the digitized collections, should be consistent with U.S. Copyright Law.</copyright></record>