<?xml version="1.0" ?>
<record xmlns:xsi="http://www.w3.org/2001/XMLSchema-instance" xsi:noNamespaceSchemaLocation="http://www.dls.ucar.edu/people/ostwald/Metadata/webcat/webcat-record.xsd"><recordID>TECH-NOTE-000-000-000-300</recordID><url>http://www.library.ucar.edu/uhtbin/hyperion-image/DR000300</url><title>NCAR/TN-148+STR - National hail research Experiment data catalog (1972-1976). Part 2.</title><itemType>REPORT</itemType><accessLevel>EXTENDED PUBLIC</accessLevel><accessionNum>DR000300</accessionNum><description>National hail research Experiment data catalog (1972-1976). Part 2.PDF</description><fullTitle>National hail research Experiment data catalog (1972-1976). Part 2.</fullTitle><subject>National Hail Research Experiment</subject><subject>Hail</subject><publisher>National Center for Atmospheric Research (U.S.)</publisher><dateOfOriginal>1979</dateOfOriginal><dateItemDigitized>2003</dateItemDigitized><source>ML Report 02994, PDF6BkMk</source><format>PDF File, 12,643</format><language>Language</language><copyright>All uses of library resources, including the digitized collections, should be consistent with U.S. Copyright Law.</copyright></record>