<?xml version="1.0" ?>
<record xmlns:xsi="http://www.w3.org/2001/XMLSchema-instance" xsi:noNamespaceSchemaLocation="http://www.dls.ucar.edu/people/ostwald/Metadata/webcat/webcat-record.xsd"><recordID>TECH-NOTE-000-000-000-219</recordID><url>http://www.library.ucar.edu/uhtbin/hyperion-image/DR000219</url><title>NCAR/TN-404+IA - An introduction to atmospheric and oceanographic data.</title><itemType>REPORT</itemType><accessLevel>EXTENDED PUBLIC</accessLevel><accessionNum>DR000219</accessionNum><description>An introduction to atmospheric and oceanographic data.PDF</description><fullTitle>An introduction to atmospheric and oceanographic data.</fullTitle><creator>Shea, Dennis J.</creator><contributor>Worley, Steven J.</contributor><contributor>Stern, Ilana R.</contributor><contributor>Hoar, Timothy J.</contributor><subject>Oceanographic data</subject><subject>Atmospheric data</subject><publisher>National Center for Atmospheric Research (U.S.).</publisher><scientificDivision>Climate and Global Dynamics Division</scientificDivision><dateOfOriginal>1994</dateOfOriginal><dateItemDigitized>2003</dateItemDigitized><source>PDF 14 BkMk</source><format>PDF File, 7094 KB</format><language>English</language><copyright>All uses of library resources, including the digitized collections, should be consistent with U.S. Copyright Law.</copyright></record>