<?xml version="1.0" ?>
<record xmlns:xsi="http://www.w3.org/2001/XMLSchema-instance" xsi:noNamespaceSchemaLocation="http://www.dls.ucar.edu/people/ostwald/Metadata/webcat/webcat-record.xsd"><recordID>TECH-NOTE-000-000-000-268</recordID><url>http://www.library.ucar.edu/uhtbin/hyperion-image/DR000268</url><title>NCAR/TN-115+STR - Estimation of spatial covariances from the Mid-Ocean Dynamics Experiment.</title><itemType>REPORT</itemType><accessLevel>EXTENDED PUBLIC</accessLevel><accessionNum>DR000268</accessionNum><description>Estimation of spatial covariances from the Mid-Ocean Dynamics Experiment.PDF</description><fullTitle>Estimation of spatial covariances from the Mid-Ocean Dynamics Experiment.</fullTitle><creator>McWilliams, J. C.</creator><contributor>Owens, W.B.</contributor><subject>Mid-Ocean Dynamics Experiment</subject><subject>Mesoscale ocean eddies</subject><publisher>National Center for Atmospheric Research (U.S.).</publisher><scientificDivision>Atmospheric Analysis and Prediction Division</scientificDivision><dateOfOriginal>1976</dateOfOriginal><dateItemDigitized>2003</dateItemDigitized><source>ML Report 02855, PDF5BkMk</source><format>PDF File, 942 KB</format><language>English</language><copyright>All uses of library resources, including the digitized collections, should be consistent with U.S. Copyright Law.</copyright></record>