<?xml version="1.0" encoding="UTF-8"?>
<!-- Created from PDF via Acrobat SaveAsXML -->
<!-- Mapping Table version: 28-February-2003 -->
<!-- Original File: AMSPubs_Abbrev.pdf 
	- saved as PDF and then hand-edited by JLO-->
<TaggedPDF-doc>
	<P>Standard Journal Abbreviations </P>
	<P>Title of journal Abbreviation </P>
	<Table>
		<TR>
			<TH>A </TH>
		</TR>
		<TR>
			<TH>American Scientist</TH>
			<TD> Amer. Sci. </TD>
		</TR>
		<TR>
			<TH>Annalen der Meteorologie</TH>
			<TD> Ann. Meteor. </TD>
		</TR>
		<TR>
			<TH>Annales de Geophysique</TH>
			<TD> Ann. Geophys. </TD>
		</TR>
		<TR>
			<TH>Annales de Physique</TH>
			<TD> Ann. Phys. </TD>
		</TR>
		<TR>
			<TH>Applied Optics</TH>
			<TD> Appl. Opt. </TD>
		</TR>
		<TR>
			<TH>Archiv für Meteorologie, Geophysik und Bioklimatologie</TH>
			<TD> Arch. Meteor. Geophys. Bioklimatol. </TD>
		</TR>
		<TR>
			<TH>Atmósphera</TH>
			<TD> Atmósphera </TD>
		</TR>
		<TR>
			<TH>Atmosphere; Atmosphere—Ocean</TH>
			<TD> Atmos.—Ocean </TD>
		</TR>
		<TR>
			<TH>Atmospheric Environment</TH>
			<TD> Atmos. Environ. </TD>
		</TR>
		<TR>
			<TH>Australian Journal of Agricultural Research</TH>
			<TD> Aust. J. Agric. Res. </TD>
		</TR>
		<TR>
			<TH>Australian Meteorological Magazine </TH>
			<TD>Aust. Meteor. Mag. </TD>
		</TR>
		<TR>
			<TH>B </TH>
			<TD/>
		</TR>
		<TR>
			<TH>Beitraege zur Physik der Atmosphaere</TH>
			<TD> Beitr. Phys. Atmos. </TD>
		</TR>
		<TR>
			<TH>Boundary-Layer Meteorology</TH>
			<TD> Bound.-Layer Meteor. </TD>
		</TR>
		<TR>
			<TH>Bulletin of the American Meteorological Society</TH>
			<TD> Bull. Amer. Meteor. Soc. </TD>
		</TR>
		<TR>
			<TH>C </TH>
			<TD/>
		</TR>
		<TR>
			<TD>Climate Dynamics</TD>
			<TD> Climate Dyn. </TD>
		</TR>
		<TR>
			<TD>Climatological Bulletin</TD>
			<TD> Climatol. Bull. </TD>
		</TR>
		<TR>
			<TD>Communications on Pure and Applied Mathematics</TD>
			<TD> Commun. Pure Appl. Math. </TD>
		</TR>
		<TR>
			<TD>Continental Shelf Research</TD>
			<TD> Cont. Shelf Res. </TD>
		</TR>
		<TR>
			<TD>Contributions to Atmospheric Physics</TD>
			<TD> Contrib. Atmos. Phys. </TD>
		</TR>
		<TR>
			<TD>D </TD>
			<TD/>
		</TR>
		<TR>
			<TD>Deep-Sea Research</TD>
			<TD> Deep-Sea Res. </TD>
		</TR>
		<TR>
			<TD>Deutsche Hydrographische Zeitschrift</TD>
			<TD> Dtsch. Hydrogr. Z. </TD>
		</TR>
		<TR>
			<TD>Dynamics of Atmospheres and Oceans</TD>
			<TD> Dyn. Atmos. Oceans </TD>
		</TR>
		<TR>
			<TD>E </TD>
			<TD/>
		</TR>
		<TR>
			<TD>Electronic Journal of Severe Storms Meteorology </TD>
			<TD>Electron. J. Severe Storms Meteor. </TD>
		</TR>
		<TR>
			<TD>Environmental Research</TD>
			<TD> Environ. Res. </TD>
		</TR>
		<TR>
			<TD>Environmental Science and Technology</TD>
			<TD> Environ. Sci. Technol. </TD>
		</TR>
		<TR>
			<TD>Eos, Transactions, American Geophysical Union (EOS)</TD>
			<TD> Eos, Trans. Amer. Geophys. Union </TD>
		</TR>
		<TR>
			<TD>Estuarine and Coastal Marine Science</TD>
			<TD> Estuarine Coastal Mar. Sci. </TD>
		</TR>
		<TR>
			<TD>G </TD>
			<TD/>
		</TR>
		<TR>
			<TD>Geofisica Internationale</TD>
			<TD> Geofis. Int. </TD>
		</TR>
		<TR>
			<TD>Geofysiske Publikasjoner</TD>
			<TD> Geofys. Publ. </TD>
		</TR>
		<TR>
			<TD>Geologiya i Geofizika</TD>
			<TD> Geol. Geofiz. </TD>
		</TR>
		<TR>
			<TD>Geophysical and Astrophysical Fluid Dynamics</TD>
			<TD> Geophys. Astrophys. Fluid Dyn. </TD>
		</TR>
		<TR>
			<TD>Geophysical Fluid Dynamics</TD>
			<TD> Geophys. Fluid Dyn. </TD>
		</TR>
		<TR>
			<TD>Geophysical Magazine</TD>
			<TD> Geophys. Mag. </TD>
		</TR>
		<TR>
			<TD>Geophysics</TD>
			<TD>Geophysics</TD>
		</TR>
		<TR>
			<TD>I </TD>
			<TD/>
		</TR>
		<TR>
			<TD>IEEE Transactions on Geoscience and Remote Sensing</TD>
			<TD>IEEE Trans. Geosci. Remote Sens.</TD>
		</TR>
		<TR>
			<TD>IEEE Transactions on Antennas and Propagation</TD>
			<TD>IEEE Trans. Antennas Propag.</TD>
		</TR>
		<TR>
			<TD>Infrared Physics</TD>
			<TD>Infrared Phys.</TD>
		</TR>
		<TR>
			<TD>International Journal of Air and Water Pollution</TD>
			<TD>Int. J. Air Water Pollut.</TD>
		</TR>
		<TR>
			<TD>International Journal of Remote Sensing</TD>
			<TD>Int. J. Remote Sens.</TD>
		</TR>
		<TR>
			<TD>Izvestiya, Academy of Sciences, USSR, Atmospheric</TD>
			<TD>Izv. Acad. Sci. USSR, Atmos. Oceanic Phys. </TD>
		</TR>
		<TR>
			<TD>J </TD>
			<TD/>
		</TR>
		<TR>
			<TD>Journal of Applied Meteorology</TD>
			<TD>J. Appl. Meteor.</TD>
		</TR>
		<TR>
			<TD>Journal of Applied Meteorology and Climatology</TD>
			<TD>J. Appl. Meteor. Climatol.</TD>
		</TR>
		<TR>
			<TD>Journal of Applied Physics</TD>
			<TD>J. Appl. Phys.</TD>
		</TR>
		<TR>
			<TD>Journal of Atmospheric and Oceanic Technology</TD>
			<TD>J. Atmos. Oceanic Technol.</TD>
		</TR>
		<TR>
			<TD>Journal of Atmospheric and Terrestrial Physics</TD>
			<TD>J. Atmos. Terr. Phys.</TD>
		</TR>
		<TR>
			<TD>Journal of Climate</TD>
			<TD>J. Climate</TD>
		</TR>
		<TR>
			<TD>Journal of Climate and Applied Meteorology</TD>
			<TD>J. Climate Appl. Meteor.</TD>
		</TR>
		<TR>
			<TD>Journal of Climate Meteorology</TD>
			<TD>J. Climate Meteor.</TD>
		</TR>
		<TR>
			<TD>Journal of Climatology</TD>
			<TD>J. Climatol.</TD>
		</TR>
		<TR>
			<TD>Journal of Computational Physics</TD>
			<TD>J. Comput. Phys.</TD>
		</TR>
		<TR>
			<TD>Journal of Fluid Mechanics</TD>
			<TD>J. Fluid Mech.</TD>
		</TR>
		<TR>
			<TD>Journal of Geophysical Research</TD>
			<TD>J. Geophys. Res.</TD>
		</TR>
		<TR>
			<TD>Journal of Glaciology</TD>
			<TD>J. Glaciol.</TD>
		</TR>
		<TR>
			<TD>Journal of Hydrology</TD>
			<TD>J. Hydrol.</TD>
		</TR>
		<TR>
			<TD>Journal of Marine Research</TD>
			<TD>J. Mar. Res.</TD>
		</TR>
		<TR>
			<TD>Journal of Marine Systems</TD>
			<TD> J. Mar. Syst. </TD>
		</TR>
		<TR>
			<TD>Journal of Meteorology</TD>
			<TD> J. Meteor. </TD>
		</TR>
		<TR>
			<TD>Journal of Physical Chemistry</TD>
			<TD> J. Phys. Chem. </TD>
		</TR>
		<TR>
			<TD>Journal of Physical Oceanography</TD>
			<TD> J. Phys. Oceanogr. </TD>
		</TR>
		<TR>
			<TD>Journal de Recherches Atmospheriques</TD>
			<TD> J. Rech. Atmos. </TD>
		</TR>
		<TR>
			<TD>Journal of Scientific Instruments</TD>
			<TD> J. Sci. Instrum. </TD>
		</TR>
		<TR>
			<TD>Journal of the Aeronautical Sciences</TD>
			<TD> J. Aeronaut. Sci. </TD>
		</TR>
		<TR>
			<TD>Journal of the Atmospheric Sciences</TD>
			<TD> J. Atmos. Sci. </TD>
		</TR>
		<TR>
			<TD>Journal of the Marine Technology Society</TD>
			<TD> J. Mar. Technol. Soc. </TD>
		</TR>
		<TR>
			<TD>Journal of the Meteorological Society of Japan</TD>
			<TD> J. Meteor. Soc. Japan </TD>
		</TR>
		<TR>
			<TD>Journal of the Oceanographical Society of Japan</TD>
			<TD> J. Oceanogr. Soc. Japan </TD>
		</TR>
		<TR>
			<TD>M </TD>
			<TD/>
		</TR>
		<TR>
			<TD>Mariners Weather Log</TD>
			<TD> Mar. Wea. Log </TD>
		</TR>
		<TR>
			<TD>&quot;Meteor&quot; Forschungsergebnisse</TD>
			<TD> &quot;Meteor&quot; Forschungsergeb. </TD>
		</TR>
		<TR>
			<TD>Meteorological Magazine</TD>
			<TD> Meteor. Mag. </TD>
		</TR>
		<TR>
			<TD>Meteorological Monographs</TD>
			<TD> Meteor. Monogr. </TD>
		</TR>
		<TR>
			<TD>Meteorologische Rundschau</TD>
			<TD> Meteor. Rundsch. </TD>
		</TR>
		<TR>
			<TD>Meteorologische Zeitschrift</TD>
			<TD> Meteor. Z. </TD>
		</TR>
		<TR>
			<TD>Meteorologiya i Gidrologiya</TD>
			<TD> Meteor. Gidrol. </TD>
		</TR>
		<TR>
			<TD>Meteorology and Atmospheric Physics </TD>
			<TD>Meteor. Atmos. Phys. </TD>
		</TR>
		<TR>
			<TD>Monthly Weather Review</TD>
			<TD> Mon. Wea. Rev. </TD>
		</TR>
		<TR>
			<TD>N </TD>
			<TD/>
		</TR>
		<TR>
			<TD>National Weather Digest</TD>
			<TD> Natl. Wea. Dig. </TD>
		</TR>
		<TR>
			<TD>New Zealand Journal of Marine and Freshwater Research</TD>
			<TD> N. Z. J. Mar. Freshwater Res. </TD>
		</TR>
		<TR>
			<TD>Nuovo Cimento</TD>
			<TD> Nuovo Cimento </TD>
		</TR>
		<TR>
			<TD>O </TD>
			<TD/>
		</TR>
		<TR>
			<TD>Oceanography and Meteorology</TD>
			<TD> Oceanogr. Meteor. </TD>
		</TR>
		<TR>
			<TD>P </TD>
			<TD/>
		</TR>
		<TR>
			<TD>Papers in Meteorology and Geophysics</TD>
			<TD> Pap. Meteor. Geophys. </TD>
		</TR>
		<TR>
			<TD>Papers in Physical Oceanography and Meteorology</TD>
			<TD> Pap. Phys. Oceanogr. Meteor. </TD>
		</TR>
		<TR>
			<TD>Philosophical Transactions of the Royal Society of London</TD>
			<TD> Philos. Trans. Roy. Soc. London </TD>
		</TR>
		<TR>
			<TD>Physical Review</TD>
			<TD> Phys. Rev. </TD>
		</TR>
		<TR>
			<TD>Physikalische Zeitschrift</TD>
			<TD> Phys. Z. </TD>
		</TR>
		<TR>
			<TD>Proceedings of the Royal Society of London</TD>
			<TD> Proc. Roy. Soc. London </TD>
		</TR>
		<TR>
			<TD>Pure and Applied Geophysics </TD>
			<TD>Pure Appl. Geophys. </TD>
		</TR>
		<TR>
			<TD>Q </TD>
			<TD/>
		</TR>
		<TR>
			<TD>Quarterly Journal of the Royal Meteorological Society </TD>
			<TD>Quart. J. Roy. Meteor. Soc. </TD>
		</TR>
		<TR>
			<TD>R </TD>
			<TD/>
		</TR>
		<TR>
			<TD>Radio Science</TD>
			<TD> Radio Sci. </TD>
		</TR>
		<TR>
			<TD>Remote Sensing of the Environment</TD>
			<TD> Remote Sens. Environ. </TD>
		</TR>
		<TR>
			<TD>Review of Scientific Instruments</TD>
			<TD> Rev. Sci. Instrum. </TD>
		</TR>
		<TR>
			<TD>Reviews of Geophysics</TD>
			<TD> Rev. Geophys. </TD>
		</TR>
		<TR>
			<TD>Reviews of Geophysics and Space Physics </TD>
			<TD>Rev. Geophys. Space Phys. </TD>
		</TR>
		<TR>
			<TD>Revista de Geofisica</TD>
			<TD> Rev. Geofis. </TD>
		</TR>
		<TR>
			<TD>Revista Meteorologica</TD>
			<TD> Rev. Meteor. </TD>
		</TR>
		<TR>
			<TD>S </TD>
			<TD/>
		</TR>
		<TR>
			<TD>Science</TD>
			<TD> Science </TD>
		</TR>
		<TR>
			<TD>Scientific American</TD>
			<TD> Sci. Amer. </TD>
		</TR>
		<TR>
			<TD>Space Science Review </TD>
			<TD>Space Sci. Rev. </TD>
		</TR>
		<TR>
			<TD>Studies in Applied Mathematics</TD>
			<TD> Stud. Appl. Math. </TD>
		</TR>
		<TR>
			<TD>T </TD>
			<TD/>
		</TR>
		<TR>
			<TD>Tellus</TD>
			<TD> Tellus </TD>
		</TR>
		<TR>
			<TD>Theoretical and Applied Climatology</TD>
			<TD> Theor. Appl. Climatol. </TD>
		</TR>
		<TR>
			<TD>Trudy Geofizicheskogo Instituta, Akademiya Nauk SSSR</TD>
			<TD> Tr. Geofiz. Inst., Akad. Nauk SSSR </TD>
		</TR>
		<TR>
			<TD>Trudy Glavnoi Geofizicheskoi Observatorii </TD>
			<TD>Tr. Gl. Geofiz. Obs. </TD>
		</TR>
		<TR>
			<TD>W </TD>
			<TD/>
		</TR>
		<TR>
			<TD>Water Resources Research</TD>
			<TD> Water Resour. Res. </TD>
		</TR>
		<TR>
			<TD>Weather</TD>
			<TD> Weather </TD>
		</TR>
		<TR>
			<TD>Weather and Forecasting</TD>
			<TD> Wea. Forecasting </TD>
		</TR>
		<TR>
			<TD>Weatherwise</TD>
			<TD> Weatherwise </TD>
		</TR>
		<TR>
			<TD>World Meteorological Organization Bulletin</TD>
			<TD> WMO Bull. </TD>
		</TR>
		<TR>
			<TD>Z </TD>
			<TD/>
		</TR>
		<TR>
			<TD>Zeitschrift für Meteorologie</TD>
			<TD> Z. Meteor. </TD>
		</TR>
	</Table>
</TaggedPDF-doc>
