<CATWebService>
    <SuggestedStandards>
        <RequestInfo>
            <RequestedAuthor>Colorado</RequestedAuthor>
            <RequestedTopic>Science</RequestedTopic>
            <RequestedStartGrade>9</RequestedStartGrade>
            <RequestedEndGrade>12</RequestedEndGrade>
            <Keywords></Keywords>
            <MaxNumResults>10</MaxNumResults>
        </RequestInfo>
        <Results>
            
                
                <Result>
                    <LearningResourceURL>http://ga.water.usgs.gov/edu/earthrivers.html</LearningResourceURL>
                    <LearningResourceContent>description: Rivers, streams, and creeks, from the USGS Water Science for Schools site.

keywords: water, water use, hydro, hydrology, hydrologic,aqua, USGS, Geological Survey, environment, water quality, river, lake, stream,creek, surface water, surfacewater

Rivers and streams

Skip to main content

USGS Home
 Contact USGS
 Search USGS

Water Science for Schools

Water Basics - Earth's Water - Water Cycle - Special Topics - Water Use - Activity Center - Water Q&amp;A - Galleries - Search this site - Help - Water glossary - Site map - Contact us - Back - Home

Earth's water: Rivers and streams

Rivers? Streams? Creeks? They are all names for water flowing on the Earth's surface. As far as the Water Science site is concerned, they are pretty much interchangeable. I tend to think of creeks as the smallest of the three, with streams being in the middle, and rivers being the largest.

What is a river?

A river is nothing more than surface water finding its way over land from a higher altitude to a lower altitude, all due to gravity. When rain falls on the land, it either seeps into the ground or becomes runoff, which flows downhill into rivers and lakes, on its journey towards the seas. In most landscapes the land is not perfectly flat -- it slopes downhill in some direction. Flowing water finds its way downhill initially as small creeks. As small creeks flow downhill they merge to form larger streams and rivers. Rivers eventually end up flowing into the oceans. If water flows to a place that is surrounded by higher land on all sides, a lake will form. If man has built a dam to hinder a river's flow, the lake that forms is a reservoir.

Where does the water come from?

The water in a river doesn't all come from surface runoff. Rain falling on the land also seeps into the earth to form ground water. At a certain depth below the land surface, called the water table , the ground becomes saturated with water. If a river bank happens to cut into this saturated layer, as most rivers do, then water will seep out of the ground into the river. Ground-water seepage can sometimes be seen when a road is built through water-bearing layers, and even on a driveway!

Look at the diagram below. The earth below the water table, the aquifer (the purple area), is saturated, whereas the earth above (the pink area) is not. The top layer (unsaturated soil/rock material) is usually wet, but not totally saturated. Saturated, water-bearing materials often exist in horizontal layers beneath the land surface. Since rivers, in time, may cut vertically into the ground as they flow (as the river cuts into the purple section in the diagram), the water-bearing layers of rock can become exposed on the river banks. Thus, some of the water in rivers is attributed to flow coming out of the banks. This is why even during droughts there is usually some water in streams.

     While you're here .. care to vote for your favorite water body?
Investigate the water cycle: streamflow (in many languages!)

Rivers and the landscape   Rivers and sediment   River lengths
 Stormflows   Streamflow patterns   Measuring streamflow   Floods Q&amp;A
 Impervious surfaces and flooding   A water monitoring site

Earth's Water   Water Science home page

Accessibility FOIA Privacy Policies and Notices

   U.S. Department of the Interior 

 U.S. Geological Survey

URL: http://ga.water.usgs.gov/edu/earthrivers.html

Page Contact Information: Howard Perlman

Page Last Modified: Monday, 28-Aug-2006 14:56:21 EDT</LearningResourceContent>
                    <NumResults>10</NumResults>
                    
                    
                        
                        <Standard>
                            <Identifier>http://purl.org/ASN/resources/S103ECE1</Identifier>
                            <Author>Colorado</Author>
                            <Topic>Science</Topic>
                            <GradeLevels>9-12</GradeLevels>
                            <Text>Standard 4:  Earth and Space Science: Students know and understand the processes and interactions of Earth's systems and the structure and dynamics of Earth and other objects in space. (Focus: Geology, Meteorology, Astronomy, Oceanography):</Text>
                            <Benchmark>continental water resources are replenished and purified through the hydrologic cycle</Benchmark>
                        </Standard>
                    
                        
                        <Standard>
                            <Identifier>http://purl.org/ASN/resources/S103ECAB</Identifier>
                            <Author>Colorado</Author>
                            <Topic>Science</Topic>
                            <GradeLevels>9-12</GradeLevels>
                            <Text>Standard 3: Life Science: Students know and understand the characteristics and structure of living things, the processes of life, and how living things interact with each other and their environment. (Focus: Biology-- Anatomy, Physiology, Botany, Zoology, Ecology):</Text>
                            <Benchmark>certain properties of water sustain life (for example: polarity, cohesion, solubility)</Benchmark>
                        </Standard>
                    
                        
                        <Standard>
                            <Identifier>http://purl.org/ASN/resources/S103ECE0</Identifier>
                            <Author>Colorado</Author>
                            <Topic>Science</Topic>
                            <GradeLevels>9-12</GradeLevels>
                            <Text>Standard 4:  Earth and Space Science: Students know and understand the processes and interactions of Earth's systems and the structure and dynamics of Earth and other objects in space. (Focus: Geology, Meteorology, Astronomy, Oceanography):</Text>
                            <Benchmark>water and other Earth systems interact (for example: the biosphere, lithosphere, and atmosphere)</Benchmark>
                        </Standard>
                    
                        
                        <Standard>
                            <Identifier>http://purl.org/ASN/resources/S1020B78</Identifier>
                            <Author>Colorado</Author>
                            <Topic>Science</Topic>
                            <GradeLevels>9-12</GradeLevels>
                            <Text>Standard 6: Students understand that science involves a particular way of knowing and understand common connections among scientific disciplines.:</Text>
                            <Benchmark>As students in grades 9-12 extend their knowledge, what they know and are able to do includes ·analyzing and comparing models of cyclic change as used within and among scientific disciplines (for example, water cycle, circular motion, sound waves, weather cycles);</Benchmark>
                        </Standard>
                    
                        
                        <Standard>
                            <Identifier>http://purl.org/ASN/resources/S103ECA6</Identifier>
                            <Author>Colorado</Author>
                            <Topic>Science</Topic>
                            <GradeLevels>9-12</GradeLevels>
                            <Text>Standard 3: Life Science: Students know and understand the characteristics and structure of living things, the processes of life, and how living things interact with each other and their environment. (Focus: Biology-- Anatomy, Physiology, Botany, Zoology, Ecology):</Text>
                            <Benchmark>there is a purpose of synthesis and breakdown of macromolecules in an organism (for example: carbohydrates, lipids, amino acids serve as building blocks of proteins; carbon dioxide and water are the basic materials for building sugars through photosynthesis)</Benchmark>
                        </Standard>
                    
                        
                        <Standard>
                            <Identifier>http://purl.org/ASN/resources/S100B556</Identifier>
                            <Author>Colorado</Author>
                            <Topic>Science</Topic>
                            <GradeLevels>9-12</GradeLevels>
                            <Text>Standard 4: Earth and Space Science: Students know and understand the processes and interactions of Earth’s systems and the structure and dynamics of Earth and other objects in space. (Focus: Geology, Meteorology, Astronomy, Oceanography): 4.3 Students know major sources of water, its uses, importance, and cyclic patterns of movement through the environment.:</Text>
                            <Benchmark>As students in grades 9-12 extend their knowledge, what they know and are able to do includes ·identifying and explaining factors that influence the quality of water needed to sustain life;</Benchmark>
                        </Standard>
                    
                        
                        <Standard>
                            <Identifier>http://purl.org/ASN/resources/S10108CA</Identifier>
                            <Author>Colorado</Author>
                            <Topic>Science</Topic>
                            <GradeLevels>9-12</GradeLevels>
                            <Text>Standard 4: Earth and Space Science: Students know and understand the processes and interactions of Earth’s systems and the structure and dynamics of Earth and other objects in space. (Focus: Geology, Meteorology, Astronomy, Oceanography): 4.3 Students know major sources of water, its uses, importance, and cyclic patterns of movement through the environment.:</Text>
                            <Benchmark>As students in grades 9-12 extend their knowledge, what they know and are able to do includes ·explaining interactions between water and other Earth systems (for example, the biosphere, lithosphere, and atmosphere); and</Benchmark>
                        </Standard>
                    
                        
                        <Standard>
                            <Identifier>http://purl.org/ASN/resources/S101F4AF</Identifier>
                            <Author>Colorado</Author>
                            <Topic>Science</Topic>
                            <GradeLevels>9-12</GradeLevels>
                            <Text>Standard 3: Life Science: Students know and understand the characteristics and structure of living things, the processes of life, and how living things interact with each other and their environment. (Focus: Biology--Anatomy, Physiology, Botany, Zoology, Ecology): 3.2 Students know and understand interrelationships of matter and energy in living systems.:</Text>
                            <Benchmark>As students in grades 9-12 extend their knowledge, what they know and are able to do includes ·explaining how simple molecules can be built into larger molecules within organisms (for example, amino acids serve as building blocks of proteins; carbon dioxide and water are the basic materials for building sugars through photosynthesis);</Benchmark>
                        </Standard>
                    
                        
                        <Standard>
                            <Identifier>http://purl.org/ASN/resources/S1018B38</Identifier>
                            <Author>Colorado</Author>
                            <Topic>Science</Topic>
                            <GradeLevels>9-12</GradeLevels>
                            <Text>Standard 4: Earth and Space Science: Students know and understand the processes and interactions of Earth’s systems and the structure and dynamics of Earth and other objects in space. (Focus: Geology, Meteorology, Astronomy, Oceanography): 4.3 Students know major sources of water, its uses, importance, and cyclic patterns of movement through the environment.:</Text>
                            <Benchmark>As students in grades 9-12 extend their knowledge, what they know and are able to do includes ·identifying and analyzing the costs, benefits, and consequences of using water resources;</Benchmark>
                        </Standard>
                    
                        
                        <Standard>
                            <Identifier>http://purl.org/ASN/resources/S103ECDB</Identifier>
                            <Author>Colorado</Author>
                            <Topic>Science</Topic>
                            <GradeLevels>9-12</GradeLevels>
                            <Text>Standard 4:  Earth and Space Science: Students know and understand the processes and interactions of Earth's systems and the structure and dynamics of Earth and other objects in space. (Focus: Geology, Meteorology, Astronomy, Oceanography):</Text>
                            <Benchmark>the atmosphere has a current structure and composition and has evolved over geologic time (for example: effects of volcanic activity and the change of life forms)</Benchmark>
                        </Standard>
                    
                </Result>
            
        </Results>
    </SuggestedStandards>
</CATWebService>
